{"type":"FeatureCollection","features":[{"type":"Feature","properties":{"id":17824,"areaKm2":0.1047,"state":"Kebbi","lga":"Bagudu","lat":11.61645,"lng":3.59783,"source":"Maus et al. 2022 / Tang & Werner 2023 (global mining polygons v2)"},"geometry":{"type":"Polygon","coordinates":[[[3.597293,11.6182],[3.596724,11.618179],[3.596392,11.617653],[3.596671,11.616665],[3.596531,11.615961],[3.596821,11.615194],[3.59696,11.614196],[3.597958,11.614038],[3.599235,11.614248],[3.59961,11.615751],[3.599213,11.61593],[3.599074,11.616045],[3.599074,11.616298],[3.598355,11.616697],[3.597701,11.616697],[3.597604,11.617033],[3.598119,11.617317],[3.598226,11.618242],[3.597293,11.6182]]]}},{"type":"Feature","properties":{"id":26561,"areaKm2":0.3547,"state":"Adamawa","lga":"Guyuk","lat":9.97644,"lng":11.95424,"source":"Maus et al. 2022 / Tang & Werner 2023 (global mining polygons v2)"},"geometry":{"type":"Polygon","coordinates":[[[11.958039,9.98096],[11.956923,9.980685],[11.956258,9.980199],[11.955721,9.979713],[11.955464,9.979079],[11.954992,9.978741],[11.954777,9.978509],[11.955035,9.977811],[11.955185,9.977241],[11.953962,9.977093],[11.953018,9.977072],[11.952546,9.977156],[11.952074,9.976691],[11.951752,9.976501],[11.951344,9.976226],[11.951408,9.973627],[11.950636,9.97331],[11.950614,9.972718],[11.951022,9.972359],[11.952245,9.972528],[11.952996,9.972718],[11.953747,9.972866],[11.954584,9.973965],[11.955271,9.974303],[11.956451,9.974641],[11.957116,9.975127],[11.957492,9.977431],[11.958039,9.98096]]]}},{"type":"Feature","properties":{"id":26562,"areaKm2":3.3133,"state":"Adamawa","lga":"Guyuk","lat":9.9827,"lng":11.97257,"source":"Maus et al. 2022 / Tang & Werner 2023 (global mining polygons v2)"},"geometry":{"type":"Polygon","coordinates":[[[11.979947,10.008241],[11.976814,10.00634],[11.975055,10.002578],[11.974196,9.999831],[11.973767,9.996535],[11.971922,9.995309],[11.970334,9.991674],[11.969347,9.988589],[11.969347,9.984701],[11.968532,9.981657],[11.968617,9.977684],[11.968875,9.97481],[11.968231,9.972655],[11.966085,9.969527],[11.965656,9.967118],[11.966214,9.964539],[11.965313,9.960186],[11.964712,9.957311],[11.964669,9.955409],[11.967459,9.955113],[11.96939,9.957142],[11.97042,9.959256],[11.970935,9.9612],[11.971064,9.965469],[11.97175,9.96995],[11.971922,9.972739],[11.973038,9.975698],[11.97381,9.978995],[11.973853,9.982122],[11.975913,9.987363],[11.976128,9.989561],[11.977801,9.993914],[11.978874,9.996281],[11.979303,9.99831],[11.979775,10.000423],[11.980419,10.004311],[11.980333,10.006635],[11.980548,10.007861],[11.979947,10.008241]]]}},{"type":"Feature","properties":{"id":26693,"areaKm2":0.1194,"state":"Nasarawa","lga":"Awe","lat":8.24763,"lng":9.04128,"source":"Maus et al. 2022 / Tang & Werner 2023 (global mining polygons v2)"},"geometry":{"type":"Polygon","coordinates":[[[9.03971,8.249483],[9.039495,8.248315],[9.039989,8.247784],[9.040353,8.24721],[9.040697,8.246658],[9.041469,8.246191],[9.042199,8.245915],[9.043722,8.24566],[9.044731,8.246276],[9.042134,8.248782],[9.041555,8.248633],[9.040911,8.248761],[9.03971,8.249483]]]}},{"type":"Feature","properties":{"id":26694,"areaKm2":0.0203,"state":"Nasarawa","lga":"Awe","lat":8.28203,"lng":9.01463,"source":"Maus et al. 2022 / Tang & Werner 2023 (global mining polygons v2)"},"geometry":{"type":"Polygon","coordinates":[[[9.014845,8.282699],[9.014271,8.282497],[9.013842,8.281951],[9.014508,8.280926],[9.015489,8.28143],[9.014845,8.282699]]]}},{"type":"Feature","properties":{"id":26695,"areaKm2":0.1255,"state":"Nasarawa","lga":"Awe","lat":8.21406,"lng":9.09967,"source":"Maus et al. 2022 / Tang & Werner 2023 (global mining polygons v2)"},"geometry":{"type":"Polygon","coordinates":[[[9.101293,8.215186],[9.101336,8.215674],[9.100842,8.216035],[9.100285,8.21629],[9.099255,8.21629],[9.09874,8.216269],[9.098246,8.215886],[9.098268,8.215377],[9.098697,8.21491],[9.098868,8.2144],[9.098847,8.213869],[9.098525,8.213211],[9.098289,8.212637],[9.09816,8.212234],[9.098482,8.211851],[9.098847,8.21166],[9.099405,8.21166],[9.099705,8.21183],[9.10007,8.212573],[9.100177,8.213041],[9.10037,8.213423],[9.101014,8.213635],[9.101379,8.21389],[9.101465,8.214379],[9.101293,8.215186]]]}},{"type":"Feature","properties":{"id":26696,"areaKm2":0.0123,"state":"Nasarawa","lga":"Awe","lat":8.21463,"lng":9.10311,"source":"Maus et al. 2022 / Tang & Werner 2023 (global mining polygons v2)"},"geometry":{"type":"Polygon","coordinates":[[[9.102237,8.214995],[9.102366,8.214633],[9.102838,8.214294],[9.103761,8.214124],[9.10404,8.214357],[9.103847,8.214718],[9.103525,8.21491],[9.102237,8.214995]]]}},{"type":"Feature","properties":{"id":26697,"areaKm2":0.052,"state":"Nasarawa","lga":"Awe","lat":8.19644,"lng":9.09764,"source":"Maus et al. 2022 / Tang & Werner 2023 (global mining polygons v2)"},"geometry":{"type":"Polygon","coordinates":[[[9.097881,8.197834],[9.096283,8.197282],[9.096379,8.196932],[9.097055,8.195965],[9.097302,8.195764],[9.097838,8.195806],[9.098021,8.194978],[9.099169,8.195307],[9.098632,8.196656],[9.097881,8.197834]]]}},{"type":"Feature","properties":{"id":26698,"areaKm2":1.1979,"state":"Nasarawa","lga":"Awe","lat":8.22759,"lng":9.01846,"source":"Maus et al. 2022 / Tang & Werner 2023 (global mining polygons v2)"},"geometry":{"type":"Polygon","coordinates":[[[9.018359,8.239013],[9.015656,8.237952],[9.015441,8.234426],[9.015698,8.229457],[9.014969,8.225295],[9.014368,8.223766],[9.013681,8.222534],[9.013596,8.221132],[9.01484,8.217309],[9.017458,8.217862],[9.020162,8.218626],[9.022093,8.218669],[9.023423,8.218923],[9.024024,8.219603],[9.023938,8.220622],[9.022994,8.221727],[9.021149,8.223596],[9.021063,8.225337],[9.020119,8.226399],[9.018831,8.226994],[9.017801,8.227716],[9.017544,8.229457],[9.017715,8.231581],[9.019389,8.232897],[9.019217,8.233789],[9.018531,8.234299],[9.017673,8.234979],[9.017673,8.236805],[9.018145,8.237952],[9.018359,8.239013]]]}},{"type":"Feature","properties":{"id":26699,"areaKm2":0.0208,"state":"Nasarawa","lga":"Awe","lat":8.31202,"lng":9.02481,"source":"Maus et al. 2022 / Tang & Werner 2023 (global mining polygons v2)"},"geometry":{"type":"Polygon","coordinates":[[[9.025548,8.311804],[9.025655,8.312356],[9.02514,8.31259],[9.024625,8.312632],[9.024153,8.312632],[9.023917,8.312038],[9.024045,8.311635],[9.024582,8.311401],[9.024925,8.311316],[9.025548,8.311804]]]}},{"type":"Feature","properties":{"id":26700,"areaKm2":0.0252,"state":"Nasarawa","lga":"Awe","lat":8.31387,"lng":9.02832,"source":"Maus et al. 2022 / Tang & Werner 2023 (global mining polygons v2)"},"geometry":{"type":"Polygon","coordinates":[[[9.029367,8.313779],[9.029152,8.314798],[9.028122,8.314501],[9.027843,8.314097],[9.027715,8.313694],[9.027371,8.313439],[9.027586,8.312845],[9.029367,8.313779]]]}},{"type":"Feature","properties":{"id":26701,"areaKm2":0.0083,"state":"Nasarawa","lga":"Awe","lat":8.31491,"lng":9.03231,"source":"Maus et al. 2022 / Tang & Werner 2023 (global mining polygons v2)"},"geometry":{"type":"Polygon","coordinates":[[[9.031819,8.314878],[9.03177,8.314724],[9.031829,8.31457],[9.03191,8.314448],[9.032044,8.3144],[9.032355,8.314474],[9.032596,8.314761],[9.032752,8.315117],[9.033009,8.315239],[9.032977,8.315355],[9.032843,8.315488],[9.032763,8.315499],[9.03184,8.314973],[9.031819,8.314878]]]}},{"type":"Feature","properties":{"id":26702,"areaKm2":0.0123,"state":"Nasarawa","lga":"Awe","lat":8.32275,"lng":9.04033,"source":"Maus et al. 2022 / Tang & Werner 2023 (global mining polygons v2)"},"geometry":{"type":"Polygon","coordinates":[[[9.040911,8.323259],[9.040589,8.323302],[9.040278,8.323227],[9.039999,8.323089],[9.039838,8.322803],[9.039742,8.322537],[9.039742,8.322357],[9.039881,8.322229],[9.040203,8.322197],[9.040461,8.322251],[9.040772,8.32242],[9.040943,8.322792],[9.040911,8.323259]]]}},{"type":"Feature","properties":{"id":26703,"areaKm2":0.0106,"state":"Nasarawa","lga":"Awe","lat":8.32486,"lng":9.04215,"source":"Maus et al. 2022 / Tang & Werner 2023 (global mining polygons v2)"},"geometry":{"type":"Polygon","coordinates":[[[9.04222,8.32535],[9.041834,8.325106],[9.041651,8.324936],[9.041641,8.324671],[9.041662,8.324406],[9.041812,8.324268],[9.042166,8.324321],[9.042606,8.324597],[9.042746,8.324904],[9.042703,8.325159],[9.042553,8.325308],[9.04222,8.32535]]]}},{"type":"Feature","properties":{"id":26704,"areaKm2":0.0019,"state":"Nasarawa","lga":"Awe","lat":8.3237,"lng":9.04249,"source":"Maus et al. 2022 / Tang & Werner 2023 (global mining polygons v2)"},"geometry":{"type":"Polygon","coordinates":[[[9.042488,8.323917],[9.042349,8.323822],[9.042295,8.323684],[9.042295,8.323524],[9.042521,8.32344],[9.042767,8.323524],[9.042724,8.323747],[9.042488,8.323917]]]}},{"type":"Feature","properties":{"id":26705,"areaKm2":0.1687,"state":"Osun","lga":"Atakunmosa West","lat":7.56728,"lng":4.60688,"source":"Maus et al. 2022 / Tang & Werner 2023 (global mining polygons v2)"},"geometry":{"type":"Polygon","coordinates":[[[4.605825,7.568842],[4.605224,7.568438],[4.604988,7.567714],[4.604924,7.566991],[4.605417,7.566077],[4.605696,7.565162],[4.606705,7.564992],[4.607885,7.565311],[4.608808,7.565651],[4.609387,7.566098],[4.60928,7.567034],[4.6087,7.568097],[4.607885,7.568906],[4.607069,7.569097],[4.606404,7.569161],[4.605825,7.568842]]]}},{"type":"Feature","properties":{"id":26706,"areaKm2":0.0157,"state":"Osun","lga":"Atakunmosa West","lat":7.56282,"lng":4.60343,"source":"Maus et al. 2022 / Tang & Werner 2023 (global mining polygons v2)"},"geometry":{"type":"Polygon","coordinates":[[[4.603744,7.563333],[4.603164,7.563418],[4.602757,7.563141],[4.602757,7.562694],[4.602993,7.562375],[4.603465,7.562248],[4.603937,7.56229],[4.60428,7.562588],[4.603744,7.563333]]]}},{"type":"Feature","properties":{"id":26707,"areaKm2":0.0252,"state":"Osun","lga":"Atakunmosa West","lat":7.55673,"lng":4.6082,"source":"Maus et al. 2022 / Tang & Werner 2023 (global mining polygons v2)"},"geometry":{"type":"Polygon","coordinates":[[[4.609001,7.557143],[4.608271,7.557547],[4.607735,7.557462],[4.607413,7.556994],[4.607413,7.556611],[4.607606,7.556164],[4.608014,7.555973],[4.608464,7.555973],[4.609065,7.556292],[4.609001,7.557143]]]}},{"type":"Feature","properties":{"id":26708,"areaKm2":0.0143,"state":"Osun","lga":"Atakunmosa West","lat":7.55286,"lng":4.60695,"source":"Maus et al. 2022 / Tang & Werner 2023 (global mining polygons v2)"},"geometry":{"type":"Polygon","coordinates":[[[4.607198,7.553505],[4.606576,7.553335],[4.606318,7.552952],[4.606426,7.552654],[4.606619,7.552314],[4.607069,7.55225],[4.607542,7.552378],[4.607606,7.552888],[4.607198,7.553505]]]}},{"type":"Feature","properties":{"id":26709,"areaKm2":0.9166,"state":"Osun","lga":"Atakunmosa West","lat":7.55197,"lng":4.63158,"source":"Maus et al. 2022 / Tang & Werner 2023 (global mining polygons v2)"},"geometry":{"type":"Polygon","coordinates":[[[4.637561,7.556419],[4.636874,7.555398],[4.636574,7.554207],[4.636102,7.553101],[4.635372,7.55225],[4.634385,7.551612],[4.632325,7.551187],[4.631381,7.551144],[4.629879,7.551655],[4.628205,7.552506],[4.627218,7.552803],[4.625502,7.553016],[4.623699,7.553314],[4.622025,7.553782],[4.620481,7.553782],[4.619751,7.554548],[4.618936,7.555654],[4.617906,7.556334],[4.616747,7.557228],[4.616704,7.555781],[4.618335,7.554292],[4.619837,7.55242],[4.621639,7.551399],[4.624686,7.550719],[4.627905,7.550549],[4.629664,7.550038],[4.630566,7.549187],[4.630308,7.547826],[4.630995,7.546805],[4.631381,7.546422],[4.63254,7.547528],[4.632626,7.548592],[4.633398,7.548762],[4.634299,7.547868],[4.635501,7.546635],[4.636617,7.546039],[4.63623,7.547443],[4.635715,7.548549],[4.635501,7.549315],[4.635801,7.550081],[4.636831,7.550378],[4.637904,7.550293],[4.63975,7.548804],[4.641166,7.547996],[4.641423,7.550166],[4.638462,7.552548],[4.637947,7.553271],[4.638419,7.554505],[4.638977,7.555441],[4.63932,7.55659],[4.63975,7.557441],[4.638934,7.558249],[4.637904,7.557866],[4.637561,7.556419]]]}},{"type":"Feature","properties":{"id":26710,"areaKm2":1.0397,"state":"Kwara","lga":"Pategi","lat":8.44368,"lng":5.83454,"source":"Maus et al. 2022 / Tang & Werner 2023 (global mining polygons v2)"},"geometry":{"type":"Polygon","coordinates":[[[5.836229,8.447667],[5.834599,8.44771],[5.833225,8.447582],[5.831895,8.447964],[5.830736,8.448177],[5.829406,8.448177],[5.82799,8.44788],[5.826917,8.44737],[5.827003,8.445757],[5.828419,8.444823],[5.829792,8.443677],[5.830564,8.442488],[5.831165,8.441512],[5.832195,8.440408],[5.833139,8.439347],[5.834041,8.438116],[5.835156,8.437522],[5.836787,8.437776],[5.838161,8.438625],[5.839663,8.43888],[5.840306,8.439687],[5.839791,8.440706],[5.838547,8.4413],[5.838289,8.442361],[5.838761,8.442955],[5.838761,8.443804],[5.838461,8.444653],[5.838633,8.44563],[5.838289,8.446691],[5.837474,8.4472],[5.836229,8.447667]]]}},{"type":"Feature","properties":{"id":26711,"areaKm2":0.0826,"state":"Kwara","lga":"Pategi","lat":8.45783,"lng":5.76223,"source":"Maus et al. 2022 / Tang & Werner 2023 (global mining polygons v2)"},"geometry":{"type":"Polygon","coordinates":[[[5.76308,8.460211],[5.76263,8.460911],[5.762115,8.46089],[5.761771,8.460169],[5.76205,8.458768],[5.761857,8.458067],[5.761642,8.456709],[5.761278,8.45586],[5.761149,8.455287],[5.761471,8.454714],[5.762093,8.455096],[5.762608,8.455924],[5.762951,8.456688],[5.762973,8.457388],[5.762973,8.458407],[5.76308,8.460211]]]}},{"type":"Feature","properties":{"id":26712,"areaKm2":0.0123,"state":"Kwara","lga":"Pategi","lat":8.44157,"lng":5.75471,"source":"Maus et al. 2022 / Tang & Werner 2023 (global mining polygons v2)"},"geometry":{"type":"Polygon","coordinates":[[[5.754991,8.442138],[5.754733,8.442106],[5.754486,8.442043],[5.754315,8.441905],[5.754272,8.441512],[5.754197,8.441236],[5.754272,8.44095],[5.754551,8.440801],[5.754873,8.440939],[5.755119,8.441204],[5.755205,8.441555],[5.755205,8.44182],[5.754991,8.442138]]]}},{"type":"Feature","properties":{"id":26713,"areaKm2":0.3923,"state":"Bauchi","lga":"Alkaleri","lat":9.58922,"lng":10.80511,"source":"Maus et al. 2022 / Tang & Werner 2023 (global mining polygons v2)"},"geometry":{"type":"Polygon","coordinates":[[[10.803466,9.594699],[10.802693,9.594064],[10.802608,9.593345],[10.803294,9.592287],[10.803766,9.590975],[10.804195,9.590002],[10.804238,9.589198],[10.804238,9.588352],[10.804496,9.587717],[10.804839,9.586913],[10.804582,9.585982],[10.804925,9.583485],[10.80544,9.58192],[10.805783,9.5812],[10.807071,9.581327],[10.807757,9.582258],[10.807371,9.584755],[10.806942,9.587124],[10.80617,9.589071],[10.805697,9.59051],[10.805311,9.59161],[10.806255,9.592245],[10.806684,9.592879],[10.806813,9.593768],[10.805569,9.59453],[10.804238,9.594064],[10.803466,9.594699]]]}},{"type":"Feature","properties":{"id":26714,"areaKm2":0.0583,"state":"Bauchi","lga":"Alkaleri","lat":9.59996,"lng":10.80326,"source":"Maus et al. 2022 / Tang & Werner 2023 (global mining polygons v2)"},"geometry":{"type":"Polygon","coordinates":[[[10.804152,9.600158],[10.804195,9.600877],[10.803852,9.601406],[10.803165,9.601512],[10.802608,9.60094],[10.802286,9.600306],[10.802307,9.5991],[10.8025,9.598486],[10.803037,9.598296],[10.803638,9.598296],[10.804152,9.600158]]]}},{"type":"Feature","properties":{"id":26715,"areaKm2":0.2265,"state":"Bauchi","lga":"Alkaleri","lat":9.60796,"lng":10.8045,"source":"Maus et al. 2022 / Tang & Werner 2023 (global mining polygons v2)"},"geometry":{"type":"Polygon","coordinates":[[[10.803659,9.611519],[10.803037,9.610884],[10.802608,9.610207],[10.802479,9.609361],[10.802479,9.608472],[10.80265,9.607457],[10.802951,9.606674],[10.80323,9.606145],[10.803874,9.605933],[10.804431,9.605616],[10.804882,9.604918],[10.805011,9.604199],[10.80559,9.603966],[10.806105,9.60422],[10.806234,9.605278],[10.806191,9.606441],[10.805848,9.607266],[10.805504,9.608155],[10.80574,9.608747],[10.805933,9.60934],[10.80574,9.609826],[10.805333,9.610419],[10.804861,9.610969],[10.804453,9.611498],[10.803659,9.611519]]]}},{"type":"Feature","properties":{"id":26716,"areaKm2":0.3065,"state":"Bauchi","lga":"Alkaleri","lat":9.60461,"lng":10.81583,"source":"Maus et al. 2022 / Tang & Werner 2023 (global mining polygons v2)"},"geometry":{"type":"Polygon","coordinates":[[[10.814366,9.606991],[10.812757,9.607203],[10.812757,9.606674],[10.813272,9.60587],[10.813637,9.605172],[10.814195,9.604495],[10.814431,9.603458],[10.814924,9.602019],[10.815203,9.600898],[10.816019,9.60039],[10.816641,9.600348],[10.817435,9.60111],[10.818164,9.602231],[10.818572,9.603204],[10.818658,9.604325],[10.818787,9.605066],[10.818379,9.605849],[10.817413,9.606124],[10.817091,9.606674],[10.816512,9.607055],[10.81574,9.606949],[10.814817,9.606864],[10.814366,9.606991]]]}},{"type":"Feature","properties":{"id":26717,"areaKm2":3.5684,"state":"Kogi","lga":"Lokoja","lat":7.92966,"lng":6.42043,"source":"Maus et al. 2022 / Tang & Werner 2023 (global mining polygons v2)"},"geometry":{"type":"Polygon","coordinates":[[[6.425672,7.923617],[6.430821,7.921024],[6.430478,7.93267],[6.427302,7.93369],[6.427689,7.935986],[6.425242,7.939343],[6.422925,7.942276],[6.419706,7.942276],[6.417904,7.941426],[6.415544,7.937813],[6.413784,7.933605],[6.412668,7.929227],[6.41211,7.927655],[6.41211,7.925784],[6.412625,7.923064],[6.413054,7.922044],[6.417861,7.921151],[6.42065,7.921151],[6.421981,7.921151],[6.42314,7.924339],[6.425672,7.923617]]]}},{"type":"Feature","properties":{"id":26718,"areaKm2":0.0911,"state":"Kogi","lga":"Lokoja","lat":7.92776,"lng":6.40677,"source":"Maus et al. 2022 / Tang & Werner 2023 (global mining polygons v2)"},"geometry":{"type":"Polygon","coordinates":[[[6.404836,7.92826],[6.405019,7.927166],[6.405469,7.926975],[6.406038,7.926783],[6.406327,7.926635],[6.406735,7.926581],[6.407315,7.926656],[6.407701,7.926826],[6.408302,7.926996],[6.408849,7.926996],[6.40916,7.927198],[6.40843,7.927527],[6.40813,7.927867],[6.407744,7.928441],[6.407315,7.928887],[6.40666,7.929132],[6.405973,7.929291],[6.405458,7.929387],[6.405201,7.929355],[6.404836,7.92826]]]}},{"type":"Feature","properties":{"id":26719,"areaKm2":0.2584,"state":"Kogi","lga":"Lokoja","lat":7.92101,"lng":6.45118,"source":"Maus et al. 2022 / Tang & Werner 2023 (global mining polygons v2)"},"geometry":{"type":"Polygon","coordinates":[[[6.450455,7.923298],[6.448095,7.919579],[6.452236,7.91739],[6.454661,7.921491],[6.450455,7.923298]]]}},{"type":"Feature","properties":{"id":26720,"areaKm2":0.3473,"state":"Kogi","lga":"Lokoja","lat":7.88739,"lng":6.46105,"source":"Maus et al. 2022 / Tang & Werner 2023 (global mining polygons v2)"},"geometry":{"type":"Polygon","coordinates":[[[6.457622,7.889398],[6.457729,7.887995],[6.458502,7.886954],[6.459639,7.885636],[6.460648,7.884595],[6.461248,7.883659],[6.461742,7.883574],[6.462643,7.884021],[6.46378,7.884977],[6.464231,7.885934],[6.46466,7.886486],[6.464596,7.887294],[6.463974,7.888421],[6.463094,7.889334],[6.462278,7.889462],[6.461141,7.889292],[6.460562,7.889334],[6.459575,7.889632],[6.458845,7.889823],[6.457987,7.889908],[6.457622,7.889398]]]}},{"type":"Feature","properties":{"id":26721,"areaKm2":0.4508,"state":"Kogi","lga":"Lokoja","lat":7.89962,"lng":6.44592,"source":"Maus et al. 2022 / Tang & Werner 2023 (global mining polygons v2)"},"geometry":{"type":"Polygon","coordinates":[[[6.44567,7.902385],[6.44449,7.901704],[6.44361,7.901279],[6.443009,7.900918],[6.442902,7.900323],[6.442966,7.900068],[6.442988,7.899218],[6.442559,7.89875],[6.442537,7.89807],[6.442645,7.89722],[6.442666,7.896646],[6.44273,7.896051],[6.443374,7.895137],[6.444018,7.894776],[6.445906,7.895413],[6.446528,7.896178],[6.447301,7.896773],[6.447988,7.897284],[6.448352,7.898027],[6.448781,7.898686],[6.448524,7.899345],[6.447923,7.899983],[6.448052,7.90062],[6.448824,7.901024],[6.449361,7.901407],[6.449554,7.902044],[6.449382,7.902533],[6.44846,7.902746],[6.448127,7.902788],[6.447462,7.902661],[6.446786,7.902565],[6.446207,7.902512],[6.44567,7.902385]]]}},{"type":"Feature","properties":{"id":26722,"areaKm2":0.0342,"state":"Kogi","lga":"Kabba/Bunu","lat":7.92155,"lng":6.30927,"source":"Maus et al. 2022 / Tang & Werner 2023 (global mining polygons v2)"},"geometry":{"type":"Polygon","coordinates":[[[6.308105,7.922017],[6.308084,7.921242],[6.308362,7.921082],[6.308545,7.920944],[6.308749,7.920785],[6.308985,7.920641],[6.309344,7.920519],[6.309666,7.920551],[6.309902,7.920604],[6.30995,7.920795],[6.309827,7.921013],[6.309736,7.921279],[6.309784,7.921571],[6.30995,7.921916],[6.31009,7.922187],[6.310186,7.922458],[6.310031,7.92257],[6.309618,7.92257],[6.309248,7.922485],[6.30928,7.922129],[6.308969,7.922086],[6.308797,7.922241],[6.308105,7.922017]]]}},{"type":"Feature","properties":{"id":26723,"areaKm2":0.0036,"state":"Kogi","lga":"Lokoja","lat":7.92698,"lng":6.32432,"source":"Maus et al. 2022 / Tang & Werner 2023 (global mining polygons v2)"},"geometry":{"type":"Polygon","coordinates":[[[6.324606,7.926858],[6.324391,7.927389],[6.323962,7.927145],[6.324048,7.926635],[6.324606,7.926858]]]}},{"type":"Feature","properties":{"id":26724,"areaKm2":0.0033,"state":"Kogi","lga":"Lokoja","lat":7.92745,"lng":6.3267,"source":"Maus et al. 2022 / Tang & Werner 2023 (global mining polygons v2)"},"geometry":{"type":"Polygon","coordinates":[[[6.326516,7.92724],[6.32717,7.927325],[6.326891,7.927761],[6.326408,7.927697],[6.326516,7.92724]]]}},{"type":"Feature","properties":{"id":26725,"areaKm2":0.0499,"state":"Kogi","lga":"Lokoja","lat":7.92616,"lng":6.32834,"source":"Maus et al. 2022 / Tang & Werner 2023 (global mining polygons v2)"},"geometry":{"type":"Polygon","coordinates":[[[6.327385,7.927187],[6.327342,7.925901],[6.327481,7.925508],[6.327857,7.925391],[6.328436,7.925391],[6.328951,7.925604],[6.328876,7.925954],[6.329949,7.926029],[6.329724,7.92741],[6.327385,7.927187]]]}},{"type":"Feature","properties":{"id":26726,"areaKm2":0.038,"state":"Kogi","lga":"Lokoja","lat":7.92867,"lng":6.33699,"source":"Maus et al. 2022 / Tang & Werner 2023 (global mining polygons v2)"},"geometry":{"type":"Polygon","coordinates":[[[6.337674,7.929791],[6.335877,7.929312],[6.33607,7.928739],[6.33615,7.928048],[6.337019,7.927952],[6.337304,7.927819],[6.338135,7.927878],[6.337674,7.929791]]]}},{"type":"Feature","properties":{"id":26727,"areaKm2":0.0329,"state":"Kogi","lga":"Lokoja","lat":7.93195,"lng":6.35075,"source":"Maus et al. 2022 / Tang & Werner 2023 (global mining polygons v2)"},"geometry":{"type":"Polygon","coordinates":[[[6.350634,7.931374],[6.351964,7.931608],[6.351814,7.932033],[6.35205,7.932266],[6.352072,7.932564],[6.349132,7.932479],[6.349132,7.932011],[6.349325,7.93182],[6.350634,7.931374]]]}},{"type":"Feature","properties":{"id":26728,"areaKm2":0.0821,"state":"Kogi","lga":"Lokoja","lat":7.93314,"lng":6.35848,"source":"Maus et al. 2022 / Tang & Werner 2023 (global mining polygons v2)"},"geometry":{"type":"Polygon","coordinates":[[[6.356707,7.933648],[6.356835,7.932904],[6.357865,7.932819],[6.35778,7.93131],[6.359088,7.931353],[6.35941,7.93301],[6.360204,7.933712],[6.360333,7.9342],[6.359839,7.934838],[6.356707,7.933648]]]}},{"type":"Feature","properties":{"id":26729,"areaKm2":0.0262,"state":"Kogi","lga":"Lokoja","lat":7.93477,"lng":6.36488,"source":"Maus et al. 2022 / Tang & Werner 2023 (global mining polygons v2)"},"geometry":{"type":"Polygon","coordinates":[[[6.364152,7.935497],[6.363895,7.93437],[6.363938,7.934052],[6.364539,7.933945],[6.364689,7.934243],[6.365161,7.934349],[6.36529,7.934774],[6.36574,7.934987],[6.36632,7.935242],[6.365783,7.935497],[6.364152,7.935497]]]}},{"type":"Feature","properties":{"id":26730,"areaKm2":0.0257,"state":"Kogi","lga":"Lokoja","lat":7.93483,"lng":6.36737,"source":"Maus et al. 2022 / Tang & Werner 2023 (global mining polygons v2)"},"geometry":{"type":"Polygon","coordinates":[[[6.366491,7.935476],[6.366384,7.934413],[6.366706,7.933924],[6.367157,7.933903],[6.367478,7.934073],[6.367414,7.934625],[6.367714,7.935029],[6.368294,7.935199],[6.368744,7.935391],[6.368165,7.935624],[6.366491,7.935476]]]}},{"type":"Feature","properties":{"id":26731,"areaKm2":0.1015,"state":"Kogi","lga":"Kabba/Bunu","lat":7.91976,"lng":6.28121,"source":"Maus et al. 2022 / Tang & Werner 2023 (global mining polygons v2)"},"geometry":{"type":"Polygon","coordinates":[[[6.280274,7.921268],[6.280146,7.920811],[6.279974,7.920376],[6.279598,7.919749],[6.279502,7.919196],[6.279502,7.918707],[6.279695,7.918293],[6.279995,7.918059],[6.280446,7.918006],[6.281004,7.918144],[6.281562,7.918197],[6.282012,7.918165],[6.282163,7.91892],[6.282045,7.9191],[6.281809,7.919207],[6.281798,7.919494],[6.282012,7.919717],[6.282216,7.920089],[6.282495,7.920152],[6.282699,7.920354],[6.282667,7.920779],[6.282538,7.921173],[6.282367,7.921428],[6.282077,7.921672],[6.280478,7.921385],[6.280274,7.921268]]]}},{"type":"Feature","properties":{"id":26732,"areaKm2":0.0126,"state":"Kogi","lga":"Kabba/Bunu","lat":7.91818,"lng":6.25726,"source":"Maus et al. 2022 / Tang & Werner 2023 (global mining polygons v2)"},"geometry":{"type":"Polygon","coordinates":[[[6.257379,7.918792],[6.256993,7.91859],[6.256692,7.91842],[6.256596,7.918176],[6.256853,7.917825],[6.257111,7.917464],[6.257572,7.917623],[6.257744,7.917751],[6.257787,7.918133],[6.257744,7.918378],[6.257379,7.918792]]]}},{"type":"Feature","properties":{"id":26733,"areaKm2":0.0137,"state":"Kogi","lga":"Kabba/Bunu","lat":7.91979,"lng":6.25532,"source":"Maus et al. 2022 / Tang & Werner 2023 (global mining polygons v2)"},"geometry":{"type":"Polygon","coordinates":[[[6.255244,7.920269],[6.254944,7.920131],[6.254815,7.920046],[6.254783,7.919717],[6.254847,7.919409],[6.25504,7.919185],[6.255716,7.919079],[6.256027,7.919334],[6.256006,7.919717],[6.255748,7.920078],[6.25548,7.920206],[6.255244,7.920269]]]}},{"type":"Feature","properties":{"id":26734,"areaKm2":0.0552,"state":"Kogi","lga":"Kabba/Bunu","lat":7.91233,"lng":6.23787,"source":"Maus et al. 2022 / Tang & Werner 2023 (global mining polygons v2)"},"geometry":{"type":"Polygon","coordinates":[[[6.239859,7.912321],[6.239172,7.91299],[6.23885,7.913107],[6.238303,7.91315],[6.237938,7.913001],[6.237488,7.912735],[6.237445,7.912469],[6.236973,7.912342],[6.236576,7.912161],[6.236393,7.9118],[6.236533,7.911269],[6.236866,7.91062],[6.239859,7.912321]]]}},{"type":"Feature","properties":{"id":26735,"areaKm2":0.043,"state":"Kogi","lga":"Kabba/Bunu","lat":7.90668,"lng":6.23232,"source":"Maus et al. 2022 / Tang & Werner 2023 (global mining polygons v2)"},"geometry":{"type":"Polygon","coordinates":[[[6.230348,7.906449],[6.230916,7.905392],[6.231871,7.905934],[6.231646,7.906285],[6.232038,7.90637],[6.232327,7.906449],[6.23259,7.906566],[6.232976,7.906115],[6.233148,7.906269],[6.233239,7.906455],[6.233266,7.906566],[6.23333,7.906667],[6.233234,7.906885],[6.233373,7.906997],[6.233277,7.907326],[6.233481,7.907459],[6.233309,7.907772],[6.232654,7.90764],[6.232075,7.907358],[6.23104,7.906959],[6.230482,7.90663],[6.230348,7.906449]]]}},{"type":"Feature","properties":{"id":26736,"areaKm2":0.258,"state":"Plateau","lga":"Jos South","lat":9.69666,"lng":8.71449,"source":"Maus et al. 2022 / Tang & Werner 2023 (global mining polygons v2)"},"geometry":{"type":"Polygon","coordinates":[[[8.717244,9.698059],[8.714068,9.699708],[8.713553,9.698651],[8.71218,9.69863],[8.711278,9.698482],[8.710849,9.697932],[8.710463,9.697424],[8.710334,9.696769],[8.710635,9.696197],[8.711429,9.695922],[8.713253,9.695838],[8.714046,9.695626],[8.714325,9.695246],[8.714819,9.695013],[8.715291,9.694865],[8.716021,9.694823],[8.716493,9.694844],[8.716986,9.695013],[8.717265,9.695478],[8.717244,9.695838],[8.7169,9.696345],[8.716707,9.696769],[8.716729,9.697297],[8.716943,9.697593],[8.717244,9.698059]]]}},{"type":"Feature","properties":{"id":26737,"areaKm2":0.0539,"state":"Plateau","lga":"Jos South","lat":9.70149,"lng":8.70793,"source":"Maus et al. 2022 / Tang & Werner 2023 (global mining polygons v2)"},"geometry":{"type":"Polygon","coordinates":[[[8.707631,9.702543],[8.707352,9.702701],[8.706912,9.702638],[8.706697,9.702331],[8.706837,9.701855],[8.707019,9.701358],[8.707191,9.700819],[8.707448,9.700301],[8.707695,9.699899],[8.708822,9.699666],[8.709015,9.700227],[8.709058,9.700618],[8.708907,9.701009],[8.708875,9.701284],[8.708779,9.70157],[8.708543,9.701993],[8.70836,9.70212],[8.708103,9.702025],[8.707786,9.702305],[8.707631,9.702543]]]}},{"type":"Feature","properties":{"id":30600,"areaKm2":0.8298,"state":"Delta","lga":"Oshimili North","lat":6.21051,"lng":6.64755,"source":"Maus et al. 2022 / Tang & Werner 2023 (global mining polygons v2)"},"geometry":{"type":"Polygon","coordinates":[[[6.642609,6.212021],[6.641901,6.212063],[6.641021,6.211935],[6.64042,6.21121],[6.640635,6.21008],[6.640935,6.209098],[6.641622,6.208906],[6.641986,6.208586],[6.641707,6.207989],[6.642759,6.207434],[6.642845,6.206965],[6.642866,6.206154],[6.643488,6.205621],[6.643982,6.206218],[6.644969,6.206325],[6.645613,6.206794],[6.646492,6.208672],[6.645784,6.208864],[6.644754,6.208864],[6.64396,6.209333],[6.643639,6.209354],[6.643167,6.21008],[6.648252,6.208522],[6.648574,6.209397],[6.651363,6.209162],[6.651256,6.207285],[6.653144,6.206602],[6.655011,6.206218],[6.655354,6.206709],[6.651771,6.208309],[6.6522,6.20912],[6.653574,6.208906],[6.654925,6.208949],[6.654539,6.209504],[6.656384,6.209269],[6.659174,6.209354],[6.659667,6.210378],[6.657908,6.211253],[6.656921,6.211082],[6.656556,6.210485],[6.654389,6.210656],[6.653295,6.210421],[6.650827,6.211189],[6.650891,6.211893],[6.650677,6.212639],[6.650333,6.212874],[6.65029,6.213493],[6.649818,6.213685],[6.648853,6.213834],[6.647973,6.214005],[6.647286,6.213685],[6.6469,6.214218],[6.646729,6.214986],[6.64602,6.215199],[6.644733,6.21441],[6.64499,6.21345],[6.645548,6.213151],[6.646106,6.212703],[6.646643,6.212149],[6.647801,6.211829],[6.648338,6.211829],[6.648359,6.211317],[6.646643,6.211679],[6.645699,6.212191],[6.643724,6.212853],[6.643381,6.212682],[6.643188,6.212255],[6.643274,6.211786],[6.643403,6.211253],[6.643145,6.210826],[6.64278,6.211317],[6.642802,6.211679],[6.642609,6.212021]]]}},{"type":"Feature","properties":{"id":30601,"areaKm2":0.1872,"state":"Delta","lga":"Oshimili North","lat":6.19055,"lng":6.65679,"source":"Maus et al. 2022 / Tang & Werner 2023 (global mining polygons v2)"},"geometry":{"type":"Polygon","coordinates":[[[6.656749,6.192673],[6.656492,6.192641],[6.65617,6.192353],[6.656148,6.192011],[6.655794,6.192033],[6.655687,6.192363],[6.655397,6.192235],[6.655043,6.192481],[6.654603,6.191542],[6.654217,6.190507],[6.654228,6.189953],[6.654882,6.189579],[6.654861,6.189195],[6.654679,6.188801],[6.654861,6.188705],[6.655301,6.188587],[6.655891,6.18847],[6.656545,6.188246],[6.65764,6.187777],[6.658165,6.187649],[6.658852,6.188182],[6.659002,6.18863],[6.658713,6.188918],[6.658927,6.189803],[6.658745,6.190187],[6.658938,6.190433],[6.65897,6.190795],[6.658981,6.191115],[6.658541,6.190934],[6.657833,6.190593],[6.657618,6.190635],[6.656867,6.190977],[6.656932,6.191211],[6.657393,6.191393],[6.657103,6.191926],[6.657296,6.192118],[6.657017,6.192566],[6.656749,6.192673]]]}},{"type":"Feature","properties":{"id":30602,"areaKm2":0.0099,"state":"Delta","lga":"Oshimili North","lat":6.19296,"lng":6.65085,"source":"Maus et al. 2022 / Tang & Werner 2023 (global mining polygons v2)"},"geometry":{"type":"Polygon","coordinates":[[[6.650333,6.193371],[6.650371,6.192929],[6.65051,6.19263],[6.650859,6.192347],[6.650907,6.19231],[6.650988,6.192561],[6.651202,6.192545],[6.651406,6.192763],[6.651369,6.193078],[6.651186,6.193249],[6.651068,6.19343],[6.650773,6.193451],[6.650596,6.193345],[6.650333,6.193371]]]}},{"type":"Feature","properties":{"id":30603,"areaKm2":0.0174,"state":"Enugu","lga":"Enugu East","lat":6.52929,"lng":7.45073,"source":"Maus et al. 2022 / Tang & Werner 2023 (global mining polygons v2)"},"geometry":{"type":"Polygon","coordinates":[[[7.451627,6.530431],[7.451574,6.530309],[7.451268,6.530106],[7.45093,6.52985],[7.450769,6.529589],[7.450742,6.529365],[7.45071,6.529174],[7.450597,6.529056],[7.450372,6.529003],[7.450173,6.529168],[7.450104,6.529339],[7.449916,6.529296],[7.449696,6.52896],[7.449664,6.528662],[7.449755,6.528587],[7.4499,6.528523],[7.450088,6.528332],[7.450249,6.528289],[7.450442,6.528348],[7.450592,6.528507],[7.450731,6.528747],[7.450817,6.52903],[7.450989,6.529094],[7.451053,6.52936],[7.451354,6.529632],[7.451606,6.529781],[7.451869,6.52992],[7.45189,6.530394],[7.451627,6.530431]]]}},{"type":"Feature","properties":{"id":30609,"areaKm2":0.2075,"state":"Gombe","lga":"Akko","lat":9.98872,"lng":11.14688,"source":"Maus et al. 2022 / Tang & Werner 2023 (global mining polygons v2)"},"geometry":{"type":"Polygon","coordinates":[[[11.144514,9.99067],[11.145233,9.989265],[11.145694,9.988092],[11.145415,9.98749],[11.146048,9.986624],[11.145855,9.986433],[11.146048,9.985884],[11.146649,9.985694],[11.147389,9.986211],[11.148484,9.987173],[11.149492,9.98786],[11.149718,9.988282],[11.149246,9.989487],[11.148849,9.990174],[11.148344,9.990692],[11.147647,9.990882],[11.146842,9.990924],[11.146145,9.990935],[11.145501,9.991009],[11.144514,9.99067]]]}},{"type":"Feature","properties":{"id":30610,"areaKm2":0.0697,"state":"Gombe","lga":"Akko","lat":9.98476,"lng":11.14755,"source":"Maus et al. 2022 / Tang & Werner 2023 (global mining polygons v2)"},"geometry":{"type":"Polygon","coordinates":[[[11.149514,9.98731],[11.148076,9.986254],[11.147722,9.98599],[11.147658,9.985419],[11.146595,9.98488],[11.145662,9.98414],[11.145566,9.983728],[11.14578,9.983116],[11.146113,9.982735],[11.146606,9.982661],[11.147357,9.982714],[11.147336,9.983116],[11.147829,9.983422],[11.147143,9.98414],[11.147829,9.985113],[11.149846,9.986571],[11.149728,9.987078],[11.149514,9.98731]]]}},{"type":"Feature","properties":{"id":30617,"areaKm2":0.2743,"state":"Ebonyi","lga":"Ikwo","lat":6.17875,"lng":8.13644,"source":"Maus et al. 2022 / Tang & Werner 2023 (global mining polygons v2)"},"geometry":{"type":"Polygon","coordinates":[[[8.137007,6.181036],[8.136417,6.180225],[8.135473,6.180054],[8.134711,6.180022],[8.1344,6.179564],[8.133928,6.179478],[8.133531,6.178646],[8.133134,6.178241],[8.132576,6.17775],[8.132737,6.177121],[8.13323,6.177132],[8.133799,6.177132],[8.134614,6.176748],[8.134389,6.17647],[8.13455,6.176396],[8.135215,6.176278],[8.13647,6.175958],[8.137136,6.175862],[8.137404,6.176214],[8.13809,6.1763],[8.138959,6.177292],[8.138992,6.17854],[8.139056,6.179596],[8.139893,6.17998],[8.140086,6.18031],[8.139743,6.180822],[8.139142,6.180812],[8.138906,6.180534],[8.138144,6.180716],[8.138015,6.180321],[8.137629,6.180161],[8.137232,6.180204],[8.137178,6.180396],[8.137007,6.181036]]]}},{"type":"Feature","properties":{"id":30618,"areaKm2":0.1665,"state":"Ebonyi","lga":"Ikwo","lat":6.17598,"lng":8.14349,"source":"Maus et al. 2022 / Tang & Werner 2023 (global mining polygons v2)"},"geometry":{"type":"Polygon","coordinates":[[[8.141985,6.179062],[8.141974,6.178134],[8.141727,6.178102],[8.141416,6.17759],[8.141298,6.176908],[8.141642,6.176257],[8.14221,6.175436],[8.141963,6.174806],[8.143369,6.174028],[8.143047,6.173985],[8.142951,6.173665],[8.143133,6.173601],[8.143337,6.173772],[8.143884,6.173974],[8.144099,6.174177],[8.144292,6.174454],[8.145,6.174092],[8.1453,6.17406],[8.145622,6.17407],[8.145676,6.174348],[8.145558,6.174966],[8.145579,6.175905],[8.145311,6.176342],[8.145021,6.176865],[8.144549,6.17711],[8.144023,6.177004],[8.143337,6.177601],[8.143616,6.178284],[8.142704,6.178636],[8.142682,6.179137],[8.141985,6.179062]]]}},{"type":"Feature","properties":{"id":30639,"areaKm2":0.4279,"state":"Ebonyi","lga":"Ivo","lat":5.95401,"lng":7.58,"source":"Maus et al. 2022 / Tang & Werner 2023 (global mining polygons v2)"},"geometry":{"type":"Polygon","coordinates":[[[7.581854,5.958498],[7.581296,5.958284],[7.581618,5.957729],[7.582562,5.957238],[7.581682,5.956022],[7.58091,5.956299],[7.580137,5.95679],[7.579086,5.956748],[7.579,5.955958],[7.579558,5.955894],[7.579944,5.955574],[7.579086,5.955232],[7.578399,5.9544],[7.577777,5.954144],[7.57694,5.954101],[7.576103,5.953781],[7.576103,5.952842],[7.576425,5.952159],[7.576725,5.951241],[7.577477,5.950836],[7.578464,5.950622],[7.578228,5.950281],[7.577198,5.950409],[7.577112,5.94979],[7.577047,5.949256],[7.578292,5.949235],[7.579236,5.949577],[7.580009,5.950067],[7.580845,5.950622],[7.580438,5.951689],[7.580695,5.953013],[7.581339,5.953738],[7.582283,5.953866],[7.582927,5.954122],[7.583914,5.954528],[7.584407,5.955531],[7.585394,5.956598],[7.585459,5.957132],[7.58209,5.957921],[7.581854,5.958498]]]}},{"type":"Feature","properties":{"id":30640,"areaKm2":0.1165,"state":"Ebonyi","lga":"Ivo","lat":5.99816,"lng":7.53215,"source":"Maus et al. 2022 / Tang & Werner 2023 (global mining polygons v2)"},"geometry":{"type":"Polygon","coordinates":[[[7.534744,5.999547],[7.533939,5.999397],[7.533724,5.999408],[7.533295,5.999686],[7.53292,5.999504],[7.532244,5.999333],[7.531997,5.999408],[7.531761,5.999301],[7.530774,5.999387],[7.530549,5.998885],[7.530001,5.998939],[7.529905,5.998448],[7.52984,5.997744],[7.529626,5.99705],[7.529701,5.996677],[7.530077,5.996442],[7.530527,5.996645],[7.531203,5.997039],[7.53189,5.997338],[7.532212,5.99753],[7.532405,5.997381],[7.5319,5.996879],[7.532126,5.996698],[7.532684,5.996581],[7.532909,5.996677],[7.532877,5.997317],[7.533231,5.99785],[7.53366,5.998448],[7.534207,5.998704],[7.534851,5.999184],[7.534744,5.999547]]]}},{"type":"Feature","properties":{"id":30641,"areaKm2":0.0784,"state":"Abia","lga":"Umu-Nneochi","lat":5.97186,"lng":7.49526,"source":"Maus et al. 2022 / Tang & Werner 2023 (global mining polygons v2)"},"geometry":{"type":"Polygon","coordinates":[[[7.493212,5.972007],[7.492869,5.971527],[7.492558,5.97126],[7.492687,5.970913],[7.492778,5.970657],[7.493019,5.970262],[7.493389,5.970257],[7.494146,5.970449],[7.494435,5.970571],[7.494462,5.970886],[7.494843,5.971014],[7.495342,5.97134],[7.495267,5.971623],[7.495143,5.971745],[7.495224,5.971895],[7.495369,5.97214],[7.495728,5.972225],[7.495852,5.972295],[7.496018,5.971831],[7.496168,5.971516],[7.496318,5.97126],[7.496881,5.971521],[7.497144,5.971767],[7.497531,5.972167],[7.49774,5.972359],[7.497697,5.972786],[7.497472,5.973223],[7.497284,5.973287],[7.497059,5.973111],[7.496822,5.973026],[7.496667,5.972807],[7.496436,5.972716],[7.496077,5.972567],[7.495819,5.972455],[7.495621,5.972652],[7.494054,5.972167],[7.493534,5.972076],[7.493362,5.972033],[7.493212,5.972007]]]}},{"type":"Feature","properties":{"id":30642,"areaKm2":0.0991,"state":"Abia","lga":"Umu-Nneochi","lat":5.97426,"lng":7.49497,"source":"Maus et al. 2022 / Tang & Werner 2023 (global mining polygons v2)"},"geometry":{"type":"Polygon","coordinates":[[[7.492708,5.973575],[7.49267,5.972924],[7.492831,5.972711],[7.493041,5.972743],[7.493244,5.972337],[7.493974,5.972588],[7.494956,5.972983],[7.49568,5.97325],[7.495857,5.97333],[7.496431,5.973581],[7.496726,5.974301],[7.497128,5.974674],[7.497455,5.974936],[7.497375,5.975384],[7.496903,5.975597],[7.496501,5.975453],[7.496447,5.975133],[7.496597,5.974861],[7.49634,5.974728],[7.496109,5.974712],[7.496071,5.974904],[7.496136,5.975357],[7.495589,5.976291],[7.495176,5.975944],[7.49494,5.975437],[7.494784,5.975101],[7.49458,5.974962],[7.494049,5.974509],[7.494645,5.974119],[7.494864,5.973762],[7.494419,5.973618],[7.494242,5.973618],[7.493888,5.974034],[7.493775,5.97436],[7.493529,5.974477],[7.493411,5.974226],[7.493057,5.97389],[7.492708,5.973575]]]}},{"type":"Feature","properties":{"id":30643,"areaKm2":0.4317,"state":"Abia","lga":"Umu-Nneochi","lat":5.93824,"lng":7.47196,"source":"Maus et al. 2022 / Tang & Werner 2023 (global mining polygons v2)"},"geometry":{"type":"Polygon","coordinates":[[[7.465596,5.939823],[7.466712,5.938158],[7.468536,5.936643],[7.469566,5.93485],[7.47257,5.934829],[7.473407,5.934765],[7.474265,5.936152],[7.475767,5.937668],[7.478235,5.937668],[7.478471,5.940314],[7.477655,5.940784],[7.476711,5.940378],[7.476003,5.939375],[7.473664,5.938116],[7.471454,5.938735],[7.469974,5.93882],[7.46933,5.938543],[7.46815,5.938222],[7.467442,5.94104],[7.465596,5.939823]]]}},{"type":"Feature","properties":{"id":30644,"areaKm2":0.0458,"state":"Ebonyi","lga":"Ivo","lat":5.9359,"lng":7.6483,"source":"Maus et al. 2022 / Tang & Werner 2023 (global mining polygons v2)"},"geometry":{"type":"Polygon","coordinates":[[[7.647938,5.936691],[7.647037,5.935832],[7.646559,5.935208],[7.646484,5.934797],[7.646892,5.934674],[7.647198,5.935106],[7.647337,5.935042],[7.647321,5.93484],[7.647954,5.934653],[7.648072,5.934898],[7.648711,5.935293],[7.649086,5.935565],[7.649542,5.936067],[7.64973,5.936206],[7.649687,5.936424],[7.649757,5.936648],[7.649344,5.936777],[7.649097,5.936392],[7.649043,5.936131],[7.648931,5.936062],[7.64885,5.936174],[7.648909,5.936312],[7.648469,5.936606],[7.648298,5.936686],[7.648121,5.936857],[7.647901,5.936761],[7.647938,5.936691]]]}},{"type":"Feature","properties":{"id":30645,"areaKm2":0.0035,"state":"Ebonyi","lga":"Ivo","lat":5.93514,"lng":7.64925,"source":"Maus et al. 2022 / Tang & Werner 2023 (global mining polygons v2)"},"geometry":{"type":"Polygon","coordinates":[[[7.649091,5.935469],[7.648904,5.934802],[7.64922,5.934685],[7.649269,5.93485],[7.649478,5.93485],[7.649467,5.934984],[7.649328,5.935048],[7.649397,5.935304],[7.649285,5.935539],[7.649188,5.935549],[7.649091,5.935469]]]}},{"type":"Feature","properties":{"id":30646,"areaKm2":0.0221,"state":"Ebonyi","lga":"Ivo","lat":5.93132,"lng":7.64727,"source":"Maus et al. 2022 / Tang & Werner 2023 (global mining polygons v2)"},"geometry":{"type":"Polygon","coordinates":[[[7.64694,5.932172],[7.646769,5.932017],[7.646769,5.931804],[7.646785,5.931585],[7.646704,5.93142],[7.646973,5.931238],[7.647192,5.931254],[7.647289,5.931329],[7.647337,5.931217],[7.647192,5.931115],[7.647166,5.930993],[7.64701,5.93111],[7.646651,5.931185],[7.646415,5.930977],[7.646779,5.930721],[7.647085,5.930662],[7.647278,5.930747],[7.647552,5.93087],[7.647788,5.930955],[7.648056,5.931089],[7.648249,5.931233],[7.648394,5.931505],[7.648346,5.931686],[7.648078,5.931969],[7.64694,5.932172]]]}},{"type":"Feature","properties":{"id":30647,"areaKm2":0.3277,"state":"Enugu","lga":"Aninri","lat":5.95788,"lng":7.63725,"source":"Maus et al. 2022 / Tang & Werner 2023 (global mining polygons v2)"},"geometry":{"type":"Polygon","coordinates":[[[7.634511,5.964302],[7.63597,5.960397],[7.634661,5.959863],[7.634683,5.95869],[7.635477,5.958049],[7.636056,5.957644],[7.636657,5.956555],[7.637193,5.955531],[7.637215,5.954037],[7.638695,5.952052],[7.639403,5.951818],[7.639811,5.952074],[7.639854,5.953418],[7.640326,5.953909],[7.639682,5.95519],[7.63891,5.956449],[7.638566,5.957345],[7.639403,5.958092],[7.638094,5.96029],[7.636936,5.960995],[7.636507,5.96108],[7.63597,5.96251],[7.634983,5.964559],[7.634511,5.964302]]]}},{"type":"Feature","properties":{"id":30652,"areaKm2":0.0123,"state":"Kogi","lga":"Ajaokuta","lat":7.60395,"lng":6.62286,"source":"Maus et al. 2022 / Tang & Werner 2023 (global mining polygons v2)"},"geometry":{"type":"Polygon","coordinates":[[[6.622385,7.604214],[6.622251,7.603932],[6.622353,7.603506],[6.622685,7.603384],[6.623678,7.60349],[6.623688,7.60391],[6.623442,7.604155],[6.623098,7.604261],[6.62283,7.604182],[6.622615,7.604171],[6.622385,7.604214]]]}},{"type":"Feature","properties":{"id":30653,"areaKm2":0.0066,"state":"Kogi","lga":"Ajaokuta","lat":7.60212,"lng":6.62372,"source":"Maus et al. 2022 / Tang & Werner 2023 (global mining polygons v2)"},"geometry":{"type":"Polygon","coordinates":[[[6.623635,7.602485],[6.623307,7.602257],[6.623232,7.602156],[6.623425,7.601794],[6.623742,7.60164],[6.624058,7.601773],[6.624203,7.601874],[6.624021,7.60222],[6.623908,7.602517],[6.623635,7.602485]]]}},{"type":"Feature","properties":{"id":30654,"areaKm2":0.0188,"state":"Kogi","lga":"Ajaokuta","lat":7.60385,"lng":6.62644,"source":"Maus et al. 2022 / Tang & Werner 2023 (global mining polygons v2)"},"geometry":{"type":"Polygon","coordinates":[[[6.625571,7.603528],[6.626762,7.603145],[6.627379,7.603219],[6.627476,7.603692],[6.627256,7.603942],[6.626945,7.604065],[6.626784,7.604134],[6.626623,7.604495],[6.626253,7.604378],[6.626016,7.604128],[6.626,7.603894],[6.625813,7.603863],[6.625652,7.603905],[6.625571,7.603528]]]}},{"type":"Feature","properties":{"id":30655,"areaKm2":0.1687,"state":"Kogi","lga":"Ajaokuta","lat":7.66484,"lng":6.72506,"source":"Maus et al. 2022 / Tang & Werner 2023 (global mining polygons v2)"},"geometry":{"type":"Polygon","coordinates":[[[6.723204,7.667378],[6.723011,7.667101],[6.723247,7.666697],[6.723365,7.666495],[6.722828,7.666389],[6.722925,7.6659],[6.723547,7.664932],[6.723922,7.664783],[6.723944,7.664475],[6.724083,7.664081],[6.724277,7.663582],[6.724598,7.663263],[6.72492,7.663156],[6.725081,7.663433],[6.725628,7.66355],[6.725864,7.662922],[6.725435,7.662678],[6.725478,7.662338],[6.726508,7.661604],[6.72668,7.661912],[6.726294,7.662359],[6.726927,7.662582],[6.72772,7.66254],[6.727839,7.663061],[6.726991,7.663231],[6.726884,7.663805],[6.726229,7.664241],[6.726315,7.665092],[6.72595,7.66573],[6.726036,7.666336],[6.725607,7.667346],[6.7255,7.66776],[6.72507,7.667867],[6.724491,7.667782],[6.723922,7.667729],[6.723579,7.667622],[6.723204,7.667378]]]}},{"type":"Feature","properties":{"id":35899,"areaKm2":0.0034,"state":"Bauchi","lga":"Giade","lat":11.55611,"lng":10.21876,"source":"Maus et al. 2022 / Tang & Werner 2023 (global mining polygons v2)"},"geometry":{"type":"Polygon","coordinates":[[[10.218538,11.555948],[10.218554,11.555931],[10.218572,11.555915],[10.2186,11.555894],[10.21863,11.555871],[10.218656,11.555855],[10.218694,11.555843],[10.21873,11.555831],[10.218759,11.555818],[10.218792,11.555813],[10.218817,11.555793],[10.218832,11.555778],[10.218847,11.555767],[10.218886,11.555751],[10.218907,11.555738],[10.218928,11.555728],[10.218947,11.555722],[10.218984,11.555739],[10.219001,11.555778],[10.219006,11.55581],[10.21901,11.555839],[10.219016,11.555876],[10.219014,11.555913],[10.218999,11.555954],[10.218996,11.555997],[10.218991,11.556046],[10.218983,11.556085],[10.218972,11.556131],[10.218978,11.556176],[10.218978,11.556206],[10.218967,11.55624],[10.218932,11.556279],[10.218914,11.556373],[10.218906,11.556446],[10.218891,11.556491],[10.21887,11.55653],[10.218849,11.556557],[10.218825,11.55657],[10.218798,11.556578],[10.218751,11.556586],[10.218714,11.556585],[10.218677,11.556583],[10.218656,11.556573],[10.218636,11.556542],[10.218634,11.556509],[10.218638,11.556482],[10.218653,11.556425],[10.218653,11.556352],[10.218628,11.556307],[10.218608,11.556265],[10.218598,11.55625],[10.218565,11.556224],[10.218545,11.556191],[10.218544,11.556159],[10.218528,11.55611],[10.218526,11.556103],[10.218525,11.556073],[10.218528,11.556052],[10.218529,11.556037],[10.218538,11.555989],[10.218537,11.555964],[10.218538,11.555948]]]}},{"type":"Feature","properties":{"id":36095,"areaKm2":0.0737,"state":"Rivers","lga":"Emuoha","lat":4.90226,"lng":6.8965,"source":"Maus et al. 2022 / Tang & Werner 2023 (global mining polygons v2)"},"geometry":{"type":"Polygon","coordinates":[[[6.897029,4.89922],[6.896782,4.89954],[6.896594,4.899882],[6.896492,4.900369],[6.896492,4.900567],[6.896578,4.900829],[6.896615,4.900984],[6.896578,4.901432],[6.896626,4.901994],[6.896744,4.902341],[6.896943,4.902769],[6.897023,4.902929],[6.89712,4.902993],[6.897179,4.902998],[6.897205,4.903052],[6.89713,4.903122],[6.897087,4.903186],[6.897109,4.90326],[6.896442,4.90323],[6.896321,4.90335],[6.896265,4.903787],[6.896293,4.904697],[6.896371,4.90517],[6.896456,4.905296],[6.896597,4.905332],[6.897447,4.905381],[6.897893,4.905429],[6.897637,4.905498],[6.896466,4.905429],[6.896338,4.905514],[6.896225,4.905726],[6.896048,4.905747],[6.895977,4.905704],[6.895928,4.905521],[6.895907,4.905084],[6.895885,4.904513],[6.895885,4.904153],[6.895744,4.903236],[6.895758,4.903074],[6.895871,4.902933],[6.895871,4.902672],[6.895815,4.902157],[6.895574,4.900782],[6.895586,4.900499],[6.895642,4.900071],[6.895763,4.899457],[6.895932,4.898982],[6.896473,4.898109],[6.896541,4.897976],[6.896704,4.898047],[6.896937,4.898329],[6.896916,4.898519],[6.896873,4.898674],[6.896668,4.898893],[6.896767,4.899119],[6.897029,4.89922]]]}},{"type":"Feature","properties":{"id":36096,"areaKm2":0.0679,"state":"Rivers","lga":"Emuoha","lat":4.90852,"lng":6.89285,"source":"Maus et al. 2022 / Tang & Werner 2023 (global mining polygons v2)"},"geometry":{"type":"Polygon","coordinates":[[[6.889738,4.909369],[6.889631,4.909215],[6.889791,4.908836],[6.890191,4.908498],[6.890524,4.908424],[6.891695,4.908339],[6.891947,4.908271],[6.892368,4.908101],[6.89275,4.907996],[6.8935,4.907988],[6.893741,4.907932],[6.894137,4.907671],[6.894251,4.907523],[6.89435,4.907206],[6.894554,4.907245],[6.894757,4.907368],[6.894886,4.907469],[6.894908,4.90763],[6.895009,4.90787],[6.895192,4.9081],[6.895401,4.908244],[6.895401,4.90833],[6.895283,4.908421],[6.894768,4.908592],[6.894564,4.908682],[6.893915,4.909174],[6.893786,4.909174],[6.89369,4.909137],[6.893331,4.908805],[6.893127,4.908661],[6.892976,4.908661],[6.892258,4.908907],[6.891528,4.909211],[6.891335,4.909468],[6.891158,4.909607],[6.890927,4.909639],[6.890192,4.909564],[6.889813,4.909476],[6.889738,4.909369]]]}},{"type":"Feature","properties":{"id":36346,"areaKm2":0.1071,"state":"Kaduna","lga":"Chikun","lat":10.50445,"lng":7.47434,"source":"Maus et al. 2022 / Tang & Werner 2023 (global mining polygons v2)"},"geometry":{"type":"Polygon","coordinates":[[[7.472421,10.503709],[7.473245,10.503295],[7.474018,10.502907],[7.474567,10.502806],[7.475065,10.502958],[7.475666,10.50343],[7.476095,10.504257],[7.476,10.504882],[7.476026,10.505312],[7.476026,10.505709],[7.47576,10.506021],[7.475443,10.506123],[7.474971,10.505878],[7.473039,10.505371],[7.472619,10.505034],[7.472387,10.504587],[7.472361,10.504089],[7.472421,10.503709]]]}},{"type":"Feature","properties":{"id":36592,"areaKm2":0.3081,"state":"Kogi","lga":"Ajaokuta","lat":7.51925,"lng":6.67077,"source":"Maus et al. 2022 / Tang & Werner 2023 (global mining polygons v2)"},"geometry":{"type":"Polygon","coordinates":[[[6.672392,7.51713],[6.671963,7.517821],[6.671404,7.518449],[6.669935,7.518768],[6.669881,7.520033],[6.671276,7.519757],[6.67252,7.520852],[6.672144,7.522644],[6.670407,7.524362],[6.669452,7.52416],[6.667832,7.521416],[6.668218,7.518736],[6.668712,7.516353],[6.670568,7.516428],[6.671587,7.516459],[6.672327,7.516694],[6.672392,7.51713]]]}},{"type":"Feature","properties":{"id":36593,"areaKm2":0.138,"state":"Kogi","lga":"Ajaokuta","lat":7.49732,"lng":6.66748,"source":"Maus et al. 2022 / Tang & Werner 2023 (global mining polygons v2)"},"geometry":{"type":"Polygon","coordinates":[[[6.667156,7.495898],[6.668196,7.497015],[6.669269,7.497058],[6.67046,7.499494],[6.669677,7.500334],[6.668368,7.500217],[6.668594,7.498972],[6.667789,7.497281],[6.666855,7.497169],[6.664742,7.497207],[6.664345,7.495952],[6.665429,7.494909],[6.666697,7.495099],[6.667156,7.495898]]]}},{"type":"Feature","properties":{"id":36622,"areaKm2":0.2102,"state":"Federal Capital Territory","lga":"Municipal Area Council","lat":8.92135,"lng":7.32095,"source":"Maus et al. 2022 / Tang & Werner 2023 (global mining polygons v2)"},"geometry":{"type":"Polygon","coordinates":[[[7.317828,8.922785],[7.317957,8.922383],[7.318697,8.921694],[7.319523,8.920825],[7.319856,8.920337],[7.320189,8.920485],[7.320421,8.921074],[7.320467,8.919924],[7.321476,8.918599],[7.321658,8.918959],[7.320822,8.920814],[7.32109,8.921153],[7.321293,8.92057],[7.32198,8.920284],[7.322699,8.919966],[7.323107,8.919266],[7.323901,8.919977],[7.324373,8.921217],[7.324126,8.922075],[7.322946,8.922965],[7.322506,8.923262],[7.320886,8.922934],[7.320797,8.923681],[7.319749,8.923686],[7.318536,8.923389],[7.317828,8.922785]]]}},{"type":"Feature","properties":{"id":36701,"areaKm2":0.0025,"state":"Kano","lga":"Nassarawa","lat":11.97661,"lng":8.58092,"source":"Maus et al. 2022 / Tang & Werner 2023 (global mining polygons v2)"},"geometry":{"type":"Polygon","coordinates":[[[8.581087,11.976351],[8.580998,11.977007],[8.580711,11.976983],[8.580741,11.97634],[8.581087,11.976351]]]}},{"type":"Feature","properties":{"id":36716,"areaKm2":0.0484,"state":"Yobe","lga":"Machina","lat":13.14819,"lng":10.04925,"source":"Maus et al. 2022 / Tang & Werner 2023 (global mining polygons v2)"},"geometry":{"type":"Polygon","coordinates":[[[10.04855,13.148283],[10.048044,13.147646],[10.048325,13.147123],[10.048649,13.147164],[10.04882,13.14674],[10.049307,13.147399],[10.050869,13.148487],[10.05096,13.149484],[10.050374,13.149606],[10.049392,13.14954],[10.049116,13.14851],[10.04855,13.148283]]]}},{"type":"Feature","properties":{"id":36724,"areaKm2":0.1435,"state":"Federal Capital Territory","lga":"Municipal Area Council","lat":9.03048,"lng":7.36108,"source":"Maus et al. 2022 / Tang & Werner 2023 (global mining polygons v2)"},"geometry":{"type":"Polygon","coordinates":[[[7.36025,9.033299],[7.359885,9.032619],[7.36061,9.031016],[7.360637,9.030381],[7.360072,9.029444],[7.359589,9.029655],[7.359228,9.029304],[7.359374,9.028583],[7.358626,9.028142],[7.358923,9.027489],[7.359506,9.027048],[7.36014,9.026966],[7.360514,9.027525],[7.360825,9.027876],[7.360213,9.028921],[7.360574,9.029809],[7.361668,9.029137],[7.362033,9.029232],[7.362425,9.029529],[7.362225,9.029885],[7.362539,9.030052],[7.362316,9.030322],[7.362133,9.030669],[7.361956,9.030655],[7.361769,9.031281],[7.36155,9.031381],[7.361604,9.031885],[7.362361,9.032052],[7.362298,9.032592],[7.362836,9.032444],[7.363041,9.033007],[7.362416,9.033736],[7.362015,9.033588],[7.361395,9.033826],[7.36025,9.033299]]]}},{"type":"Feature","properties":{"id":36901,"areaKm2":0.0083,"state":"Plateau","lga":"Jos South","lat":9.84205,"lng":8.8858,"source":"Maus et al. 2022 / Tang & Werner 2023 (global mining polygons v2)"},"geometry":{"type":"Polygon","coordinates":[[[8.885621,9.842523],[8.885482,9.842359],[8.885468,9.842188],[8.88544,9.841942],[8.885385,9.841696],[8.885447,9.841477],[8.885524,9.841436],[8.885655,9.841409],[8.885843,9.841504],[8.886009,9.841709],[8.886141,9.841908],[8.88621,9.841976],[8.886231,9.842161],[8.886148,9.842222],[8.886127,9.842318],[8.886037,9.842495],[8.885954,9.842536],[8.885773,9.842598],[8.885621,9.842523]]]}},{"type":"Feature","properties":{"id":36902,"areaKm2":0.008,"state":"Plateau","lga":"Jos South","lat":9.86304,"lng":8.87347,"source":"Maus et al. 2022 / Tang & Werner 2023 (global mining polygons v2)"},"geometry":{"type":"Polygon","coordinates":[[[8.873444,9.86259],[8.873586,9.862667],[8.873753,9.86274],[8.873915,9.862812],[8.874067,9.86288],[8.874091,9.862947],[8.874067,9.863049],[8.873983,9.86301],[8.873905,9.862976],[8.873772,9.863126],[8.87366,9.863271],[8.873635,9.863416],[8.873591,9.863532],[8.873478,9.863609],[8.873302,9.863614],[8.87313,9.863556],[8.873061,9.863387],[8.873017,9.86329],[8.872978,9.863184],[8.872968,9.863083],[8.873086,9.863034],[8.873194,9.862894],[8.873189,9.862807],[8.87313,9.862759],[8.873125,9.862696],[8.873223,9.862624],[8.873444,9.86259]]]}},{"type":"Feature","properties":{"id":36903,"areaKm2":0.0131,"state":"Plateau","lga":"Jos South","lat":9.84216,"lng":8.88412,"source":"Maus et al. 2022 / Tang & Werner 2023 (global mining polygons v2)"},"geometry":{"type":"Polygon","coordinates":[[[8.883998,9.84299],[8.883984,9.84285],[8.883883,9.842795],[8.883793,9.84273],[8.883793,9.842522],[8.883845,9.842361],[8.883741,9.842316],[8.883665,9.842122],[8.883641,9.841951],[8.883696,9.841828],[8.883776,9.841777],[8.88379,9.841698],[8.883672,9.84163],[8.883644,9.84152],[8.883814,9.841322],[8.883935,9.841315],[8.884084,9.841332],[8.884244,9.841308],[8.884511,9.841315],[8.884549,9.841373],[8.884612,9.841476],[8.884573,9.841585],[8.884518,9.841606],[8.884455,9.841582],[8.884376,9.841643],[8.88432,9.841814],[8.884421,9.84191],[8.884403,9.842006],[8.884292,9.842115],[8.884306,9.84231],[8.884299,9.842532],[8.884369,9.842645],[8.884358,9.84274],[8.884279,9.842846],[8.884303,9.842959],[8.884341,9.843058],[8.884299,9.84313],[8.884221,9.843198],[8.884005,9.843149],[8.883998,9.84299]]]}},{"type":"Feature","properties":{"id":36904,"areaKm2":0.013,"state":"Plateau","lga":"Jos South","lat":9.86068,"lng":8.85491,"source":"Maus et al. 2022 / Tang & Werner 2023 (global mining polygons v2)"},"geometry":{"type":"Polygon","coordinates":[[[8.854828,9.862054],[8.854793,9.86201],[8.854758,9.861962],[8.854736,9.861875],[8.854691,9.861688],[8.854687,9.8616],[8.854696,9.861547],[8.854813,9.861415],[8.854837,9.861384],[8.85482,9.861332],[8.854809,9.86125],[8.85481,9.861015],[8.854813,9.860849],[8.854789,9.860835],[8.854715,9.860784],[8.854727,9.860456],[8.854755,9.860434],[8.8548,9.860424],[8.854798,9.860277],[8.85476,9.860136],[8.854732,9.859869],[8.854708,9.859633],[8.854635,9.859459],[8.854583,9.859316],[8.854614,9.859155],[8.854663,9.859063],[8.854725,9.859052],[8.854815,9.859087],[8.854947,9.859301],[8.854996,9.859407],[8.855051,9.859455],[8.855076,9.859485],[8.855062,9.859742],[8.855062,9.859953],[8.855013,9.860059],[8.855081,9.860123],[8.855032,9.860186],[8.855101,9.860249],[8.855135,9.860452],[8.855007,9.860457],[8.854978,9.86052],[8.855017,9.860573],[8.855101,9.860582],[8.855135,9.860698],[8.855091,9.860838],[8.855076,9.860925],[8.855101,9.861148],[8.85515,9.861331],[8.855184,9.861389],[8.855326,9.861496],[8.855336,9.861732],[8.855189,9.861737],[8.855101,9.861897],[8.855002,9.862027],[8.854909,9.86208],[8.854828,9.862054]]]}},{"type":"Feature","properties":{"id":37179,"areaKm2":0.0086,"state":"Kano","lga":"Bagwai","lat":12.1495,"lng":8.07301,"source":"Maus et al. 2022 / Tang & Werner 2023 (global mining polygons v2)"},"geometry":{"type":"Polygon","coordinates":[[[8.072099,12.149669],[8.072123,12.149623],[8.072177,12.149545],[8.072287,12.149492],[8.072362,12.149475],[8.072429,12.14945],[8.072509,12.14941],[8.072571,12.149395],[8.07261,12.149385],[8.07266,12.149385],[8.072701,12.149382],[8.072733,12.149376],[8.072793,12.149372],[8.072873,12.149355],[8.072946,12.149342],[8.073022,12.149317],[8.073082,12.149285],[8.073106,12.149264],[8.073235,12.149239],[8.073354,12.149216],[8.073399,12.149224],[8.073546,12.149216],[8.073613,12.14925],[8.073662,12.149281],[8.073692,12.149247],[8.073794,12.149264],[8.073869,12.149262],[8.073934,12.149328],[8.073973,12.149422],[8.073968,12.149486],[8.073873,12.149534],[8.073794,12.149536],[8.073641,12.149473],[8.073561,12.149492],[8.073451,12.149564],[8.073283,12.149564],[8.073263,12.149629],[8.073238,12.149711],[8.073145,12.149802],[8.073037,12.149831],[8.072998,12.149774],[8.072934,12.149709],[8.072809,12.149802],[8.072647,12.149918],[8.072546,12.149924],[8.072382,12.149932],[8.072257,12.149865],[8.072129,12.149785],[8.072045,12.149696],[8.072099,12.149669]]]}},{"type":"Feature","properties":{"id":37183,"areaKm2":0.0039,"state":"Kano","lga":"Minjibir","lat":12.24189,"lng":8.70173,"source":"Maus et al. 2022 / Tang & Werner 2023 (global mining polygons v2)"},"geometry":{"type":"Polygon","coordinates":[[[8.701346,12.242077],[8.70148,12.241686],[8.701605,12.241591],[8.701795,12.241591],[8.702016,12.241668],[8.702061,12.241851],[8.702032,12.242069],[8.701942,12.242153],[8.701713,12.242176],[8.701346,12.242077]]]}},{"type":"Feature","properties":{"id":37193,"areaKm2":0.0072,"state":"Borno","lga":"Gwoza","lat":11.05042,"lng":13.71178,"source":"Maus et al. 2022 / Tang & Werner 2023 (global mining polygons v2)"},"geometry":{"type":"Polygon","coordinates":[[[13.711581,11.050165],[13.711635,11.049991],[13.711899,11.049902],[13.712091,11.049928],[13.712187,11.050091],[13.712161,11.050244],[13.712128,11.050449],[13.712032,11.050855],[13.711898,11.05096],[13.711742,11.050971],[13.711561,11.050913],[13.71142,11.050807],[13.711443,11.050665],[13.71149,11.050433],[13.71157,11.05026],[13.711581,11.050165]]]}},{"type":"Feature","properties":{"id":37194,"areaKm2":0.01,"state":"Kano","lga":"Makoda","lat":12.31395,"lng":8.55748,"source":"Maus et al. 2022 / Tang & Werner 2023 (global mining polygons v2)"},"geometry":{"type":"Polygon","coordinates":[[[8.557128,12.314292],[8.557045,12.31418],[8.55705,12.313983],[8.557068,12.313791],[8.557151,12.313657],[8.557206,12.313518],[8.557334,12.313482],[8.557508,12.313424],[8.557581,12.313464],[8.557704,12.313558],[8.557947,12.31354],[8.558052,12.313661],[8.558052,12.313912],[8.557956,12.31409],[8.557892,12.3143],[8.557723,12.314497],[8.557526,12.314555],[8.557384,12.314439],[8.557201,12.314318],[8.557128,12.314292]]]}},{"type":"Feature","properties":{"id":37195,"areaKm2":0.045,"state":"Kano","lga":"Makoda","lat":12.32837,"lng":8.5187,"source":"Maus et al. 2022 / Tang & Werner 2023 (global mining polygons v2)"},"geometry":{"type":"Polygon","coordinates":[[[8.519189,12.3274],[8.519379,12.327742],[8.519374,12.328266],[8.519337,12.328535],[8.520111,12.328716],[8.519793,12.328939],[8.519231,12.329333],[8.51886,12.32941],[8.518499,12.329457],[8.517958,12.329571],[8.517773,12.329457],[8.517524,12.329043],[8.517608,12.328556],[8.51782,12.327779],[8.517884,12.327452],[8.518038,12.327364],[8.518706,12.327312],[8.519051,12.327328],[8.519189,12.3274]]]}},{"type":"Feature","properties":{"id":37196,"areaKm2":0.0058,"state":"Kano","lga":"Bichi","lat":12.30466,"lng":8.46878,"source":"Maus et al. 2022 / Tang & Werner 2023 (global mining polygons v2)"},"geometry":{"type":"Polygon","coordinates":[[[8.468342,12.30437],[8.468437,12.304292],[8.468553,12.304294],[8.468736,12.30435],[8.468852,12.304431],[8.469018,12.304518],[8.469165,12.304616],[8.469331,12.304667],[8.469352,12.304757],[8.469212,12.304856],[8.469153,12.304928],[8.469046,12.304972],[8.468956,12.305074],[8.468807,12.305],[8.468634,12.304954],[8.468513,12.30491],[8.468449,12.304776],[8.468333,12.304634],[8.468279,12.304458],[8.468342,12.30437]]]}},{"type":"Feature","properties":{"id":37197,"areaKm2":0.0039,"state":"Kano","lga":"Makoda","lat":12.30125,"lng":8.4757,"source":"Maus et al. 2022 / Tang & Werner 2023 (global mining polygons v2)"},"geometry":{"type":"Polygon","coordinates":[[[8.475905,12.300898],[8.475962,12.301],[8.475933,12.30104],[8.475725,12.301063],[8.475822,12.301192],[8.475817,12.301236],[8.475831,12.301306],[8.475919,12.301387],[8.475895,12.301431],[8.475914,12.301514],[8.475893,12.301588],[8.475846,12.301651],[8.475599,12.3016],[8.475488,12.301498],[8.475374,12.301496],[8.475305,12.301433],[8.475263,12.301234],[8.475346,12.301123],[8.47545,12.301091],[8.475561,12.300989],[8.475737,12.300933],[8.475905,12.300898]]]}},{"type":"Feature","properties":{"id":37198,"areaKm2":0.0024,"state":"Kano","lga":"Makoda","lat":12.29466,"lng":8.49432,"source":"Maus et al. 2022 / Tang & Werner 2023 (global mining polygons v2)"},"geometry":{"type":"Polygon","coordinates":[[[8.494283,12.294429],[8.494424,12.294406],[8.494558,12.294508],[8.494605,12.294658],[8.494608,12.29478],[8.494491,12.294842],[8.49427,12.294943],[8.494136,12.29492],[8.494112,12.294839],[8.494169,12.294737],[8.494129,12.294662],[8.494153,12.294436],[8.494283,12.294429]]]}},{"type":"Feature","properties":{"id":37199,"areaKm2":0.0978,"state":"Yobe","lga":"Gujba","lat":11.17406,"lng":12.04553,"source":"Maus et al. 2022 / Tang & Werner 2023 (global mining polygons v2)"},"geometry":{"type":"Polygon","coordinates":[[[12.044374,11.173676],[12.04455,11.173436],[12.044856,11.173024],[12.045929,11.172718],[12.046631,11.172246],[12.047296,11.172636],[12.046867,11.173415],[12.046792,11.173836],[12.047189,11.175446],[12.045822,11.175887],[12.045172,11.176078],[12.044395,11.175897],[12.044335,11.174941],[12.044438,11.173918],[12.044374,11.173676]]]}},{"type":"Feature","properties":{"id":37200,"areaKm2":0.296,"state":"Yobe","lga":"Gujba","lat":11.16926,"lng":12.04576,"source":"Maus et al. 2022 / Tang & Werner 2023 (global mining polygons v2)"},"geometry":{"type":"Polygon","coordinates":[[[12.046305,11.17215],[12.04462,11.171866],[12.04388,11.171845],[12.043666,11.17135],[12.042818,11.170519],[12.042835,11.170171],[12.042989,11.169772],[12.043014,11.169371],[12.043219,11.16831],[12.044191,11.166098],[12.045129,11.166499],[12.04559,11.166384],[12.046878,11.165805],[12.047249,11.166119],[12.047479,11.166657],[12.047994,11.167173],[12.048204,11.167561],[12.048258,11.168424],[12.048558,11.169329],[12.04859,11.169687],[12.046841,11.170298],[12.046524,11.170499],[12.046449,11.171552],[12.046444,11.171824],[12.046305,11.17215]]]}},{"type":"Feature","properties":{"id":38209,"areaKm2":0.0044,"state":"Katsina","lga":"Jibia","lat":13.15907,"lng":7.53081,"source":"Maus et al. 2022 / Tang & Werner 2023 (global mining polygons v2)"},"geometry":{"type":"Polygon","coordinates":[[[7.530337,13.159103],[7.530302,13.158981],[7.53039,13.1588],[7.530492,13.158576],[7.530664,13.158657],[7.530817,13.158751],[7.530894,13.158795],[7.530996,13.158881],[7.53101,13.159067],[7.53109,13.159135],[7.531157,13.159223],[7.53124,13.159281],[7.531241,13.159341],[7.53116,13.15938],[7.531018,13.159318],[7.530951,13.159265],[7.530884,13.159229],[7.530814,13.159218],[7.530726,13.159242],[7.530549,13.159174],[7.530337,13.159103]]]}},{"type":"Feature","properties":{"id":38368,"areaKm2":0.0209,"state":"Kwara","lga":"Irepodun","lat":8.17058,"lng":4.87741,"source":"Maus et al. 2022 / Tang & Werner 2023 (global mining polygons v2)"},"geometry":{"type":"Polygon","coordinates":[[[4.878171,8.170114],[4.878264,8.170181],[4.878225,8.170323],[4.877909,8.170781],[4.877655,8.171177],[4.877607,8.171229],[4.877562,8.171277],[4.877461,8.171266],[4.877283,8.171051],[4.876911,8.170976],[4.87679,8.171071],[4.876474,8.170842],[4.876578,8.170649],[4.876485,8.170309],[4.876807,8.170025],[4.877156,8.169757],[4.877455,8.169801],[4.877903,8.170022],[4.878171,8.170114]]]}},{"type":"Feature","properties":{"id":38397,"areaKm2":0.0065,"state":"Yobe","lga":"Yunusari","lat":13.09069,"lng":12.08028,"source":"Maus et al. 2022 / Tang & Werner 2023 (global mining polygons v2)"},"geometry":{"type":"Polygon","coordinates":[[[12.080015,13.091005],[12.079859,13.090838],[12.079843,13.090634],[12.079892,13.090467],[12.080069,13.090404],[12.08038,13.090347],[12.080599,13.090303],[12.080792,13.09045],[12.080857,13.0907],[12.080702,13.090864],[12.080455,13.090937],[12.080218,13.09105],[12.080015,13.091005]]]}},{"type":"Feature","properties":{"id":38841,"areaKm2":0.0767,"state":"Adamawa","lga":"Song","lat":9.93905,"lng":12.62559,"source":"Maus et al. 2022 / Tang & Werner 2023 (global mining polygons v2)"},"geometry":{"type":"Polygon","coordinates":[[[12.625376,9.939952],[12.623552,9.938941],[12.624164,9.937742],[12.625401,9.937468],[12.62779,9.938936],[12.62677,9.939898],[12.626291,9.939536],[12.625376,9.939952]]]}},{"type":"Feature","properties":{"id":39179,"areaKm2":0.0579,"state":"Borno","lga":"Gwoza","lat":11.04786,"lng":13.60426,"source":"Maus et al. 2022 / Tang & Werner 2023 (global mining polygons v2)"},"geometry":{"type":"Polygon","coordinates":[[[13.603316,11.048022],[13.602613,11.047366],[13.602057,11.047036],[13.602114,11.046551],[13.60355,11.046416],[13.603887,11.046691],[13.604245,11.047345],[13.60467,11.047713],[13.605636,11.047692],[13.606702,11.048894],[13.606724,11.049439],[13.60627,11.0497],[13.605607,11.049205],[13.604339,11.047819],[13.603907,11.047763],[13.603503,11.048017],[13.603316,11.048022]]]}},{"type":"Feature","properties":{"id":39255,"areaKm2":0.0447,"state":"Ekiti","lga":"Ekiti West","lat":7.67975,"lng":5.09844,"source":"Maus et al. 2022 / Tang & Werner 2023 (global mining polygons v2)"},"geometry":{"type":"Polygon","coordinates":[[[5.097316,7.680073],[5.096957,7.679887],[5.096828,7.679515],[5.096828,7.679047],[5.096812,7.678787],[5.097568,7.678893],[5.098008,7.679377],[5.098169,7.679701],[5.099049,7.679372],[5.099102,7.679207],[5.099247,7.679122],[5.099623,7.679186],[5.100095,7.679462],[5.100422,7.679765],[5.100481,7.679898],[5.099805,7.680116],[5.099247,7.680339],[5.098888,7.680727],[5.098518,7.680626],[5.098362,7.680329],[5.098148,7.680259],[5.097418,7.680541],[5.097316,7.680073]]]}},{"type":"Feature","properties":{"id":39299,"areaKm2":0.6715,"state":"Gombe","lga":"Funakaye","lat":10.93691,"lng":11.4513,"source":"Maus et al. 2022 / Tang & Werner 2023 (global mining polygons v2)"},"geometry":{"type":"Polygon","coordinates":[[[11.443408,10.940702],[11.443673,10.939284],[11.444831,10.937637],[11.445824,10.937356],[11.448283,10.936814],[11.449022,10.936381],[11.449188,10.936652],[11.451427,10.936381],[11.453346,10.934767],[11.454626,10.933587],[11.455552,10.933186],[11.456269,10.933338],[11.456545,10.932796],[11.457262,10.93284],[11.459049,10.93311],[11.46056,10.934183],[11.460505,10.935688],[11.458299,10.935721],[11.452817,10.937984],[11.450368,10.939002],[11.45007,10.940724],[11.447456,10.941341],[11.446596,10.94145],[11.444048,10.941027],[11.443408,10.940702]]]}},{"type":"Feature","properties":{"id":40094,"areaKm2":0.0242,"state":"Niger","lga":"Magama","lat":10.17801,"lng":4.86416,"source":"Maus et al. 2022 / Tang & Werner 2023 (global mining polygons v2)"},"geometry":{"type":"Polygon","coordinates":[[[4.863525,10.178152],[4.863506,10.177756],[4.863391,10.177531],[4.86338,10.177394],[4.863498,10.177325],[4.863675,10.177386],[4.863954,10.177386],[4.864139,10.177376],[4.864217,10.177423],[4.865065,10.17746],[4.865169,10.177677],[4.865145,10.178036],[4.865049,10.178326],[4.864928,10.178572],[4.864759,10.178706],[4.864483,10.178722],[4.864172,10.178775],[4.864072,10.178777],[4.863909,10.178735],[4.863702,10.178532],[4.863525,10.178152]]]}},{"type":"Feature","properties":{"id":40095,"areaKm2":0.0381,"state":"Niger","lga":"Magama","lat":10.18123,"lng":4.85716,"source":"Maus et al. 2022 / Tang & Werner 2023 (global mining polygons v2)"},"geometry":{"type":"Polygon","coordinates":[[[4.856151,10.180982],[4.856445,10.180322],[4.856778,10.180274],[4.857028,10.180195],[4.857323,10.180076],[4.85766,10.180087],[4.858052,10.180235],[4.858221,10.180586],[4.858248,10.180813],[4.858202,10.180887],[4.857902,10.180895],[4.857644,10.18095],[4.857601,10.181159],[4.85761,10.181354],[4.85747,10.181515],[4.857462,10.181737],[4.857419,10.181985],[4.857382,10.182048],[4.857331,10.182117],[4.857328,10.182257],[4.856993,10.182273],[4.856877,10.182241],[4.856529,10.18223],[4.856244,10.182212],[4.856137,10.181697],[4.856107,10.181336],[4.856094,10.18109],[4.856151,10.180982]]]}},{"type":"Feature","properties":{"id":40341,"areaKm2":0.01,"state":"Kebbi","lga":"Shanga","lat":11.00005,"lng":4.77961,"source":"Maus et al. 2022 / Tang & Werner 2023 (global mining polygons v2)"},"geometry":{"type":"Polygon","coordinates":[[[4.779422,11.00062],[4.779154,11.000533],[4.778936,11.000015],[4.778966,10.999888],[4.779338,10.999625],[4.779481,10.999499],[4.779534,10.999296],[4.779851,10.999588],[4.780277,10.999654],[4.780256,10.999833],[4.780183,10.999999],[4.780023,11.000104],[4.779888,11.000067],[4.779781,11.000083],[4.779728,11.000017],[4.77954,11.000046],[4.779489,11.000207],[4.779537,11.000307],[4.779507,11.000483],[4.779516,11.00056],[4.779422,11.00062]]]}},{"type":"Feature","properties":{"id":41203,"areaKm2":0.0627,"state":"Yobe","lga":"Gulani","lat":11.02712,"lng":11.75967,"source":"Maus et al. 2022 / Tang & Werner 2023 (global mining polygons v2)"},"geometry":{"type":"Polygon","coordinates":[[[11.758294,11.027227],[11.758579,11.026762],[11.758555,11.026125],[11.759148,11.02635],[11.759607,11.025815],[11.759765,11.025155],[11.760825,11.026195],[11.76092,11.026739],[11.760659,11.02708],[11.760785,11.027336],[11.760635,11.027585],[11.760769,11.027934],[11.760279,11.028159],[11.760066,11.028143],[11.759504,11.028353],[11.759101,11.027918],[11.758262,11.02798],[11.758294,11.027227]]]}},{"type":"Feature","properties":{"id":41808,"areaKm2":0.136,"state":"Ondo","lga":"Odigbo","lat":6.76711,"lng":4.96527,"source":"Maus et al. 2022 / Tang & Werner 2023 (global mining polygons v2)"},"geometry":{"type":"Polygon","coordinates":[[[4.964597,6.768208],[4.963803,6.768506],[4.96258,6.768006],[4.962687,6.767334],[4.962333,6.767164],[4.962612,6.765917],[4.963095,6.766397],[4.963288,6.766258],[4.964608,6.766439],[4.965059,6.766088],[4.965595,6.766056],[4.965863,6.766546],[4.966735,6.766306],[4.966429,6.765497],[4.968331,6.765728],[4.968492,6.766482],[4.968181,6.767345],[4.967301,6.768826],[4.966571,6.768847],[4.96699,6.768229],[4.966604,6.767643],[4.965359,6.767324],[4.964855,6.767345],[4.964597,6.768208]]]}},{"type":"Feature","properties":{"id":42079,"areaKm2":0.1485,"state":"Federal Capital Territory","lga":"Municipal Area Council","lat":8.95742,"lng":7.28145,"source":"Maus et al. 2022 / Tang & Werner 2023 (global mining polygons v2)"},"geometry":{"type":"Polygon","coordinates":[[[7.282537,8.95595],[7.283548,8.957878],[7.283097,8.958718],[7.282136,8.959114],[7.280905,8.958906],[7.279664,8.958085],[7.278943,8.957057],[7.279694,8.955089],[7.282537,8.95595]]]}},{"type":"Feature","properties":{"id":42080,"areaKm2":0.1724,"state":"Federal Capital Territory","lga":"Municipal Area Council","lat":9.12706,"lng":7.34428,"source":"Maus et al. 2022 / Tang & Werner 2023 (global mining polygons v2)"},"geometry":{"type":"Polygon","coordinates":[[[7.343945,9.129619],[7.342726,9.126848],[7.342393,9.124362],[7.344497,9.124101],[7.34559,9.126406],[7.346843,9.128438],[7.343945,9.129619]]]}},{"type":"Feature","properties":{"id":42081,"areaKm2":0.1573,"state":"Federal Capital Territory","lga":"Bwari","lat":9.13056,"lng":7.39899,"source":"Maus et al. 2022 / Tang & Werner 2023 (global mining polygons v2)"},"geometry":{"type":"Polygon","coordinates":[[[7.396918,9.129639],[7.39924,9.127766],[7.400896,9.129778],[7.400684,9.131707],[7.400047,9.132965],[7.398249,9.132406],[7.396918,9.129639]]]}},{"type":"Feature","properties":{"id":42082,"areaKm2":0.0795,"state":"Federal Capital Territory","lga":"Bwari","lat":9.13245,"lng":7.41128,"source":"Maus et al. 2022 / Tang & Werner 2023 (global mining polygons v2)"},"geometry":{"type":"Polygon","coordinates":[[[7.411839,9.134866],[7.410792,9.133636],[7.410028,9.130351],[7.410905,9.129946],[7.412293,9.131008],[7.411839,9.134866]]]}},{"type":"Feature","properties":{"id":42083,"areaKm2":0.0982,"state":"Federal Capital Territory","lga":"Bwari","lat":9.13652,"lng":7.4001,"source":"Maus et al. 2022 / Tang & Werner 2023 (global mining polygons v2)"},"geometry":{"type":"Polygon","coordinates":[[[7.399764,9.138305],[7.398645,9.137102],[7.39924,9.13509],[7.400486,9.134251],[7.40159,9.134936],[7.401236,9.13762],[7.399764,9.138305]]]}},{"type":"Feature","properties":{"id":42320,"areaKm2":0.0194,"state":"Sokoto","lga":"Gudu","lat":13.24694,"lng":4.50416,"source":"Maus et al. 2022 / Tang & Werner 2023 (global mining polygons v2)"},"geometry":{"type":"Polygon","coordinates":[[[4.503399,13.246979],[4.504045,13.246359],[4.504903,13.246242],[4.505185,13.246934],[4.504446,13.247689],[4.503713,13.247388],[4.503399,13.246979]]]}},{"type":"Feature","properties":{"id":42807,"areaKm2":0.0012,"state":"Borno","lga":"Mobbar","lat":13.32289,"lng":12.79006,"source":"Maus et al. 2022 / Tang & Werner 2023 (global mining polygons v2)"},"geometry":{"type":"Polygon","coordinates":[[[12.789894,13.322916],[12.789963,13.322835],[12.790013,13.322765],[12.790056,13.322744],[12.790165,13.322726],[12.790222,13.322749],[12.790289,13.322832],[12.790232,13.323011],[12.790125,13.32311],[12.790001,13.323064],[12.789899,13.322985],[12.789894,13.322916]]]}},{"type":"Feature","properties":{"id":42824,"areaKm2":0.0425,"state":"Niger","lga":"Mokwa","lat":9.11749,"lng":5.27441,"source":"Maus et al. 2022 / Tang & Werner 2023 (global mining polygons v2)"},"geometry":{"type":"Polygon","coordinates":[[[5.274697,9.11644],[5.274922,9.116464],[5.275504,9.117009],[5.275729,9.117594],[5.275465,9.118067],[5.274991,9.118323],[5.274384,9.118024],[5.274169,9.118125],[5.273978,9.11826],[5.273308,9.118154],[5.273098,9.117869],[5.27323,9.117265],[5.273523,9.116894],[5.274697,9.11644]]]}},{"type":"Feature","properties":{"id":43663,"areaKm2":0.147,"state":"Kogi","lga":"Okehi","lat":7.63339,"lng":6.30364,"source":"Maus et al. 2022 / Tang & Werner 2023 (global mining polygons v2)"},"geometry":{"type":"Polygon","coordinates":[[[6.300058,7.63316],[6.300273,7.632128],[6.300927,7.632256],[6.303041,7.632543],[6.304725,7.631862],[6.307354,7.632245],[6.307858,7.634723],[6.306957,7.634967],[6.306506,7.633904],[6.306206,7.633766],[6.306163,7.632904],[6.305369,7.632851],[6.305047,7.633372],[6.304403,7.634148],[6.303964,7.634244],[6.303202,7.633893],[6.302,7.633213],[6.301432,7.633766],[6.300702,7.634085],[6.300198,7.633904],[6.300058,7.63316]]]}},{"type":"Feature","properties":{"id":43823,"areaKm2":0.2364,"state":"Cross River","lga":"Akamkpa","lat":5.07453,"lng":8.53266,"source":"Maus et al. 2022 / Tang & Werner 2023 (global mining polygons v2)"},"geometry":{"type":"Polygon","coordinates":[[[8.530755,5.072371],[8.531377,5.072232],[8.533351,5.073439],[8.535744,5.075203],[8.535626,5.075662],[8.534392,5.07671],[8.532686,5.077479],[8.529264,5.075342],[8.530755,5.072371]]]}},{"type":"Feature","properties":{"id":43910,"areaKm2":1.3613,"state":"Ogun","lga":"Ewekoro","lat":6.98215,"lng":3.07195,"source":"Maus et al. 2022 / Tang & Werner 2023 (global mining polygons v2)"},"geometry":{"type":"Polygon","coordinates":[[[3.068318,6.988771],[3.066816,6.985321],[3.06628,6.982062],[3.06628,6.979655],[3.066258,6.977653],[3.066795,6.976098],[3.069627,6.976865],[3.070636,6.977547],[3.0704,6.977866],[3.069627,6.977483],[3.069177,6.977781],[3.068168,6.977653],[3.068211,6.982871],[3.073339,6.982807],[3.073747,6.981018],[3.079584,6.981125],[3.081558,6.982318],[3.081429,6.984703],[3.081558,6.985874],[3.082266,6.987557],[3.077867,6.988452],[3.068662,6.989218],[3.068318,6.988771]]]}},{"type":"Feature","properties":{"id":43911,"areaKm2":0.6338,"state":"Ogun","lga":"Yewa North","lat":6.99251,"lng":3.02937,"source":"Maus et al. 2022 / Tang & Werner 2023 (global mining polygons v2)"},"geometry":{"type":"Polygon","coordinates":[[[3.026519,6.99827],[3.026454,6.995608],[3.026948,6.995522],[3.026733,6.991625],[3.027763,6.991518],[3.028042,6.989921],[3.029072,6.989389],[3.029051,6.986024],[3.03036,6.98613],[3.030403,6.987493],[3.031669,6.987514],[3.031926,6.991966],[3.032377,6.992626],[3.03227,6.996097],[3.031604,6.996097],[3.031604,6.998526],[3.026519,6.99827]]]}},{"type":"Feature","properties":{"id":44279,"areaKm2":0.0209,"state":"Kogi","lga":"Ajaokuta","lat":7.66032,"lng":6.716,"source":"Maus et al. 2022 / Tang & Werner 2023 (global mining polygons v2)"},"geometry":{"type":"Polygon","coordinates":[[[6.715854,7.661601],[6.71509,7.661482],[6.715423,7.660493],[6.715897,7.660612],[6.716195,7.66062],[6.716238,7.660434],[6.716206,7.660211],[6.715838,7.659876],[6.715685,7.659459],[6.715801,7.65906],[6.716426,7.65914],[6.716825,7.659456],[6.716415,7.660004],[6.71627,7.660703],[6.715854,7.661601]]]}},{"type":"Feature","properties":{"id":44316,"areaKm2":0.0767,"state":"Kogi","lga":"Ofu","lat":7.42555,"lng":6.71682,"source":"Maus et al. 2022 / Tang & Werner 2023 (global mining polygons v2)"},"geometry":{"type":"Polygon","coordinates":[[[6.715044,7.426352],[6.715216,7.426071],[6.715409,7.425789],[6.715527,7.425427],[6.715833,7.425134],[6.716289,7.424682],[6.716868,7.424597],[6.717201,7.424528],[6.71771,7.423969],[6.718547,7.424007],[6.719003,7.424539],[6.719148,7.425235],[6.718767,7.425613],[6.718097,7.425959],[6.71792,7.426262],[6.71726,7.426299],[6.716895,7.426156],[6.716428,7.426235],[6.715822,7.426549],[6.715221,7.426709],[6.715044,7.426352]]]}},{"type":"Feature","properties":{"id":44648,"areaKm2":0.1873,"state":"Kebbi","lga":"Bagudu","lat":11.02246,"lng":3.73148,"source":"Maus et al. 2022 / Tang & Werner 2023 (global mining polygons v2)"},"geometry":{"type":"Polygon","coordinates":[[[3.731473,11.019858],[3.731548,11.020222],[3.73224,11.020085],[3.732294,11.020653],[3.732787,11.020727],[3.732916,11.021512],[3.732954,11.021691],[3.733109,11.021786],[3.733308,11.021843],[3.734236,11.021722],[3.734327,11.021717],[3.73445,11.021754],[3.7346,11.021938],[3.735024,11.023297],[3.734322,11.023434],[3.733801,11.023555],[3.733463,11.023597],[3.733136,11.023565],[3.732889,11.023549],[3.732106,11.023581],[3.73187,11.023618],[3.731205,11.02366],[3.731033,11.023692],[3.73084,11.023781],[3.730609,11.023865],[3.730395,11.023892],[3.730282,11.02396],[3.729842,11.02455],[3.729365,11.024323],[3.729204,11.024166],[3.729091,11.02395],[3.72907,11.023655],[3.730148,11.023623],[3.730164,11.023376],[3.730148,11.023181],[3.730073,11.022954],[3.730009,11.022833],[3.729869,11.022807],[3.729499,11.022854],[3.72952,11.022333],[3.729515,11.022159],[3.729488,11.022001],[3.729124,11.020827],[3.730545,11.020048],[3.73076,11.019948],[3.731371,11.019822],[3.731473,11.019858]]]}},{"type":"Feature","properties":{"id":44869,"areaKm2":0.0093,"state":"Yobe","lga":"Bursari","lat":12.97414,"lng":11.49955,"source":"Maus et al. 2022 / Tang & Werner 2023 (global mining polygons v2)"},"geometry":{"type":"Polygon","coordinates":[[[11.499496,12.974702],[11.499385,12.974335],[11.499311,12.97409],[11.499266,12.973756],[11.499137,12.973622],[11.499177,12.973505],[11.499821,12.973445],[11.500175,12.973633],[11.500113,12.973768],[11.499639,12.974796],[11.499614,12.974783],[11.499543,12.974734],[11.499496,12.974702]]]}},{"type":"Feature","properties":{"id":45354,"areaKm2":0.3382,"state":"Federal Capital Territory","lga":"Municipal Area Council","lat":8.94995,"lng":7.40643,"source":"Maus et al. 2022 / Tang & Werner 2023 (global mining polygons v2)"},"geometry":{"type":"Polygon","coordinates":[[[7.404104,8.951327],[7.40376,8.94926],[7.403801,8.948203],[7.404469,8.946987],[7.404898,8.946383],[7.406319,8.94624],[7.406663,8.950076],[7.407178,8.950267],[7.409227,8.94944],[7.4103,8.950998],[7.410568,8.952418],[7.409313,8.953224],[7.405332,8.953203],[7.404104,8.951327]]]}},{"type":"Feature","properties":{"id":45358,"areaKm2":0.0001,"state":"Abia","lga":"Aba North","lat":5.11301,"lng":7.36388,"source":"Maus et al. 2022 / Tang & Werner 2023 (global mining polygons v2)"},"geometry":{"type":"Polygon","coordinates":[[[7.363888,5.113079],[7.363813,5.112964],[7.363872,5.112913],[7.36395,5.113039],[7.363888,5.113079]]]}},{"type":"Feature","properties":{"id":45363,"areaKm2":0.0375,"state":"Rivers","lga":"Obio/Akpor","lat":4.90078,"lng":6.96519,"source":"Maus et al. 2022 / Tang & Werner 2023 (global mining polygons v2)"},"geometry":{"type":"Polygon","coordinates":[[[6.965594,4.901537],[6.964781,4.900957],[6.964594,4.900941],[6.964196,4.901121],[6.964122,4.901101],[6.964095,4.900141],[6.964336,4.899814],[6.965457,4.899514],[6.966347,4.900377],[6.966427,4.900571],[6.966186,4.900957],[6.965711,4.901517],[6.965594,4.901537]]]}},{"type":"Feature","properties":{"id":45364,"areaKm2":0.0001,"state":"Rivers","lga":"Obio/Akpor","lat":4.87131,"lng":6.98478,"source":"Maus et al. 2022 / Tang & Werner 2023 (global mining polygons v2)"},"geometry":{"type":"Polygon","coordinates":[[[6.984757,4.87126],[6.984849,4.871301],[6.984812,4.871383],[6.98472,4.871342],[6.984757,4.87126]]]}},{"type":"Feature","properties":{"id":45372,"areaKm2":0.0427,"state":"Rivers","lga":"Eleme","lat":4.80319,"lng":7.10418,"source":"Maus et al. 2022 / Tang & Werner 2023 (global mining polygons v2)"},"geometry":{"type":"Polygon","coordinates":[[[7.102881,4.805334],[7.102543,4.805149],[7.103687,4.803032],[7.104055,4.803326],[7.104367,4.803171],[7.104185,4.80273],[7.104198,4.802622],[7.104333,4.802229],[7.104172,4.802082],[7.104586,4.801486],[7.105127,4.801916],[7.104827,4.802272],[7.104961,4.802549],[7.105104,4.803166],[7.105221,4.803305],[7.103877,4.804527],[7.102881,4.805334]]]}},{"type":"Feature","properties":{"id":45391,"areaKm2":0.0025,"state":"Katsina","lga":"Rimi","lat":12.87659,"lng":7.66322,"source":"Maus et al. 2022 / Tang & Werner 2023 (global mining polygons v2)"},"geometry":{"type":"Polygon","coordinates":[[[7.663007,12.876889],[7.663031,12.87681],[7.663069,12.876711],[7.663071,12.876562],[7.663061,12.876475],[7.663112,12.876423],[7.663152,12.876319],[7.663211,12.876256],[7.663281,12.876224],[7.663332,12.876245],[7.663399,12.876271],[7.663447,12.876313],[7.66346,12.876379],[7.663452,12.876457],[7.663425,12.876546],[7.663396,12.876653],[7.663345,12.876685],[7.663289,12.876787],[7.663248,12.87687],[7.6632,12.876941],[7.663122,12.876946],[7.663037,12.876938],[7.663007,12.876889]]]}},{"type":"Feature","properties":{"id":45392,"areaKm2":0.0047,"state":"Katsina","lga":"Rimi","lat":12.87721,"lng":7.66507,"source":"Maus et al. 2022 / Tang & Werner 2023 (global mining polygons v2)"},"geometry":{"type":"Polygon","coordinates":[[[7.664732,12.877425],[7.664764,12.877333],[7.664777,12.877234],[7.664801,12.877163],[7.66485,12.877074],[7.664887,12.877001],[7.664919,12.876886],[7.664946,12.876797],[7.664986,12.876766],[7.665024,12.876773],[7.665064,12.876795],[7.665115,12.876823],[7.66515,12.876855],[7.665182,12.876917],[7.665249,12.876996],[7.665351,12.877079],[7.665397,12.877137],[7.665437,12.877223],[7.665456,12.877273],[7.665418,12.877325],[7.665354,12.877393],[7.665314,12.877472],[7.665292,12.877553],[7.665244,12.877587],[7.66518,12.877587],[7.665104,12.877587],[7.665013,12.877584],[7.664879,12.877566],[7.664785,12.877527],[7.664732,12.877479],[7.664732,12.877425]]]}},{"type":"Feature","properties":{"id":45393,"areaKm2":0.0116,"state":"Katsina","lga":"Rimi","lat":12.87689,"lng":7.66417,"source":"Maus et al. 2022 / Tang & Werner 2023 (global mining polygons v2)"},"geometry":{"type":"Polygon","coordinates":[[[7.664222,12.877268],[7.664209,12.877231],[7.664155,12.877231],[7.664088,12.877231],[7.664032,12.877174],[7.663954,12.877116],[7.663839,12.877095],[7.663747,12.877048],[7.66364,12.877004],[7.663517,12.876951],[7.663439,12.876915],[7.663434,12.876889],[7.663441,12.876805],[7.663482,12.876745],[7.663506,12.876698],[7.663538,12.876635],[7.663535,12.876546],[7.66356,12.876423],[7.663594,12.876384],[7.663667,12.876353],[7.663726,12.876326],[7.663833,12.87635],[7.663989,12.876397],[7.664101,12.876431],[7.664144,12.876478],[7.664174,12.87652],[7.664209,12.87652],[7.664281,12.876507],[7.66438,12.876512],[7.664415,12.876551],[7.664474,12.876575],[7.664555,12.876598],[7.664646,12.876625],[7.664761,12.876682],[7.664828,12.876729],[7.664852,12.876821],[7.664844,12.876878],[7.664823,12.876949],[7.664777,12.877022],[7.664742,12.877066],[7.664716,12.877134],[7.664718,12.877249],[7.664675,12.877367],[7.664643,12.877456],[7.664584,12.877469],[7.664509,12.877464],[7.66441,12.877432],[7.664337,12.877396],[7.664278,12.877354],[7.664233,12.877299],[7.664222,12.877268]]]}},{"type":"Feature","properties":{"id":45415,"areaKm2":0.312,"state":"Kebbi","lga":"Wasagu-Danko","lat":11.4046,"lng":5.44666,"source":"Maus et al. 2022 / Tang & Werner 2023 (global mining polygons v2)"},"geometry":{"type":"Polygon","coordinates":[[[5.44305,11.405248],[5.44379,11.402283],[5.446783,11.402156],[5.449069,11.40285],[5.450678,11.403418],[5.450485,11.406668],[5.448457,11.406416],[5.446767,11.406084],[5.444482,11.405611],[5.44305,11.405248]]]}},{"type":"Feature","properties":{"id":45444,"areaKm2":0.0001,"state":"Niger","lga":"Chanchaga","lat":9.58753,"lng":6.55775,"source":"Maus et al. 2022 / Tang & Werner 2023 (global mining polygons v2)"},"geometry":{"type":"Polygon","coordinates":[[[6.557749,9.587538],[6.557695,9.58752],[6.557706,9.587459],[6.557816,9.587483],[6.557781,9.587591],[6.557752,9.587578],[6.557749,9.587538]]]}},{"type":"Feature","properties":{"id":45592,"areaKm2":0.0001,"state":"Niger","lga":"Suleja","lat":9.21185,"lng":7.17718,"source":"Maus et al. 2022 / Tang & Werner 2023 (global mining polygons v2)"},"geometry":{"type":"Polygon","coordinates":[[[7.177152,9.211809],[7.177218,9.211815],[7.17722,9.211908],[7.177144,9.211911],[7.177152,9.211809]]]}},{"type":"Feature","properties":{"id":46510,"areaKm2":0.2604,"state":"Oyo","lga":"Atiba","lat":7.96726,"lng":4.06868,"source":"Maus et al. 2022 / Tang & Werner 2023 (global mining polygons v2)"},"geometry":{"type":"Polygon","coordinates":[[[4.066132,7.968059],[4.065698,7.967411],[4.065741,7.966986],[4.067071,7.966736],[4.068471,7.964271],[4.069957,7.964803],[4.071186,7.965663],[4.070917,7.967055],[4.072704,7.968033],[4.072248,7.969116],[4.069861,7.96994],[4.066728,7.96824],[4.066132,7.968059]]]}},{"type":"Feature","properties":{"id":48971,"areaKm2":0.3724,"state":"Ogun","lga":"Odeda","lat":7.44293,"lng":3.69438,"source":"Maus et al. 2022 / Tang & Werner 2023 (global mining polygons v2)"},"geometry":{"type":"Polygon","coordinates":[[[3.690339,7.444465],[3.690881,7.442433],[3.692908,7.439996],[3.695033,7.440433],[3.69676,7.43997],[3.697634,7.440204],[3.698321,7.440252],[3.698608,7.44033],[3.696052,7.44484],[3.695164,7.444933],[3.694386,7.445279],[3.693919,7.445693],[3.693421,7.445425],[3.691878,7.445161],[3.690339,7.444465]]]}},{"type":"Feature","properties":{"id":49092,"areaKm2":0.1549,"state":"Taraba","lga":"Gashaka","lat":7.50931,"lng":11.38479,"source":"Maus et al. 2022 / Tang & Werner 2023 (global mining polygons v2)"},"geometry":{"type":"Polygon","coordinates":[[[11.38413,7.51112],[11.384985,7.509511],[11.383597,7.508959],[11.382545,7.508431],[11.382272,7.508185],[11.382,7.507854],[11.381913,7.507289],[11.383783,7.50665],[11.385034,7.506613],[11.385133,7.507363],[11.385728,7.507399],[11.386521,7.508419],[11.387251,7.509008],[11.387041,7.509376],[11.386706,7.509254],[11.385691,7.509732],[11.386397,7.510101],[11.386,7.51101],[11.385319,7.51171],[11.385009,7.51171],[11.384626,7.51171],[11.384353,7.51155],[11.38413,7.51112]]]}},{"type":"Feature","properties":{"id":49111,"areaKm2":0.6252,"state":"Adamawa","lga":"Yola South","lat":9.30142,"lng":12.38586,"source":"Maus et al. 2022 / Tang & Werner 2023 (global mining polygons v2)"},"geometry":{"type":"Polygon","coordinates":[[[12.388478,9.301914],[12.388632,9.302347],[12.388715,9.302521],[12.388794,9.302659],[12.388553,9.303611],[12.387899,9.30427],[12.386427,9.3071],[12.385635,9.307436],[12.384531,9.306684],[12.383716,9.306655],[12.383447,9.306558],[12.383085,9.30598],[12.383214,9.305558],[12.383029,9.305459],[12.38294,9.305157],[12.383316,9.304991],[12.382921,9.304322],[12.383055,9.303891],[12.3836,9.303404],[12.384086,9.302666],[12.385279,9.302167],[12.385718,9.301113],[12.385651,9.30085],[12.385409,9.300896],[12.384438,9.301498],[12.383138,9.3012],[12.382866,9.300132],[12.382864,9.29976],[12.384077,9.299349],[12.385768,9.299881],[12.387145,9.299772],[12.384634,9.298565],[12.384802,9.297691],[12.384731,9.297036],[12.38332,9.296713],[12.383018,9.294882],[12.384919,9.294488],[12.386223,9.294857],[12.386407,9.296383],[12.386636,9.297647],[12.387464,9.298038],[12.38746,9.299084],[12.388572,9.299397],[12.390363,9.29974],[12.39127,9.299664],[12.391618,9.300665],[12.391198,9.300997],[12.389525,9.301967],[12.388478,9.301914]]]}},{"type":"Feature","properties":{"id":49117,"areaKm2":0.0,"state":"Borno","lga":"Konduga","lat":11.66103,"lng":13.39647,"source":"Maus et al. 2022 / Tang & Werner 2023 (global mining polygons v2)"},"geometry":{"type":"Polygon","coordinates":[[[13.39647,11.661011],[13.396503,11.661031],[13.396476,11.661069],[13.396447,11.661052],[13.39647,11.661011]]]}},{"type":"Feature","properties":{"id":49740,"areaKm2":0.1603,"state":"Edo","lga":"Etsako West","lat":7.14945,"lng":6.2355,"source":"Maus et al. 2022 / Tang & Werner 2023 (global mining polygons v2)"},"geometry":{"type":"Polygon","coordinates":[[[6.233379,7.147639],[6.235771,7.146883],[6.236919,7.147501],[6.236855,7.14815],[6.237702,7.149332],[6.237541,7.15062],[6.236694,7.151014],[6.236082,7.150226],[6.23576,7.15029],[6.235578,7.151078],[6.234977,7.151504],[6.234237,7.151376],[6.234473,7.149981],[6.233164,7.14848],[6.233379,7.147639]]]}},{"type":"Feature","properties":{"id":49741,"areaKm2":0.091,"state":"Edo","lga":"Etsako West","lat":7.14669,"lng":6.24204,"source":"Maus et al. 2022 / Tang & Werner 2023 (global mining polygons v2)"},"geometry":{"type":"Polygon","coordinates":[[[6.241227,7.14535],[6.242927,7.145601],[6.243426,7.146575],[6.243818,7.147794],[6.241565,7.148299],[6.240063,7.147879],[6.241227,7.14535]]]}},{"type":"Feature","properties":{"id":49742,"areaKm2":0.0431,"state":"Edo","lga":"Etsako West","lat":7.14943,"lng":6.23981,"source":"Maus et al. 2022 / Tang & Werner 2023 (global mining polygons v2)"},"geometry":{"type":"Polygon","coordinates":[[[6.240931,7.148766],[6.240664,7.148853],[6.239784,7.149843],[6.239628,7.150647],[6.23943,7.150945],[6.238722,7.150854],[6.238362,7.150114],[6.238598,7.148677],[6.239843,7.148773],[6.239918,7.148411],[6.240889,7.148491],[6.240931,7.148766]]]}},{"type":"Feature","properties":{"id":49743,"areaKm2":0.4437,"state":"Edo","lga":"Etsako West","lat":7.14631,"lng":6.24637,"source":"Maus et al. 2022 / Tang & Werner 2023 (global mining polygons v2)"},"geometry":{"type":"Polygon","coordinates":[[[6.243753,7.144446],[6.243303,7.143998],[6.243346,7.1432],[6.244022,7.142455],[6.244601,7.142082],[6.245288,7.142199],[6.246489,7.143126],[6.24783,7.143594],[6.250427,7.145521],[6.25136,7.147458],[6.250813,7.149758],[6.249601,7.150769],[6.24827,7.150918],[6.248045,7.150546],[6.24709,7.149268],[6.245438,7.148959],[6.24473,7.148661],[6.244773,7.147937],[6.245352,7.147618],[6.246285,7.147288],[6.246672,7.146873],[6.246339,7.145872],[6.245277,7.144552],[6.243753,7.144446]]]}},{"type":"Feature","properties":{"id":49744,"areaKm2":0.5254,"state":"Edo","lga":"Etsako West","lat":7.13931,"lng":6.23596,"source":"Maus et al. 2022 / Tang & Werner 2023 (global mining polygons v2)"},"geometry":{"type":"Polygon","coordinates":[[[6.235589,7.142881],[6.235235,7.141092],[6.235085,7.139197],[6.234033,7.14006],[6.233475,7.139996],[6.232724,7.139495],[6.232016,7.138143],[6.232252,7.136419],[6.23295,7.135801],[6.234194,7.135769],[6.236115,7.136355],[6.237037,7.137143],[6.238432,7.137185],[6.240427,7.138239],[6.241146,7.139176],[6.240749,7.141082],[6.239966,7.142923],[6.236136,7.143147],[6.235589,7.142881]]]}},{"type":"Feature","properties":{"id":50744,"areaKm2":0.0023,"state":"Lagos","lga":"Kosofe","lat":6.54504,"lng":3.39887,"source":"Maus et al. 2022 / Tang & Werner 2023 (global mining polygons v2)"},"geometry":{"type":"Polygon","coordinates":[[[3.398821,6.544778],[3.399146,6.544938],[3.398922,6.545428],[3.398633,6.545293],[3.398821,6.544778]]]}},{"type":"Feature","properties":{"id":50745,"areaKm2":0.0003,"state":"Lagos","lga":"Kosofe","lat":6.5733,"lng":3.37612,"source":"Maus et al. 2022 / Tang & Werner 2023 (global mining polygons v2)"},"geometry":{"type":"Polygon","coordinates":[[[3.376036,6.573258],[3.376183,6.57321],[3.376245,6.573357],[3.376079,6.573413],[3.376036,6.573258]]]}},{"type":"Feature","properties":{"id":50788,"areaKm2":0.0849,"state":"Zamfara","lga":"Talata Mafara","lat":12.42446,"lng":6.20352,"source":"Maus et al. 2022 / Tang & Werner 2023 (global mining polygons v2)"},"geometry":{"type":"Polygon","coordinates":[[[6.20386,12.423408],[6.204982,12.424027],[6.205253,12.424996],[6.205004,12.425848],[6.202099,12.425488],[6.201421,12.42481],[6.201714,12.423709],[6.20386,12.423408]]]}},{"type":"Feature","properties":{"id":50789,"areaKm2":0.1217,"state":"Zamfara","lga":"Talata Mafara","lat":12.42223,"lng":6.21489,"source":"Maus et al. 2022 / Tang & Werner 2023 (global mining polygons v2)"},"geometry":{"type":"Polygon","coordinates":[[[6.214678,12.4216],[6.21632,12.421166],[6.217085,12.421369],[6.217311,12.422309],[6.21699,12.423351],[6.215889,12.424092],[6.213395,12.423054],[6.212338,12.422805],[6.212073,12.421868],[6.212989,12.421297],[6.214678,12.4216]]]}},{"type":"Feature","properties":{"id":50974,"areaKm2":0.0077,"state":"Ebonyi","lga":"Ikwo","lat":6.03953,"lng":8.22955,"source":"Maus et al. 2022 / Tang & Werner 2023 (global mining polygons v2)"},"geometry":{"type":"Polygon","coordinates":[[[8.2291,6.039681],[8.229033,6.039619],[8.229221,6.039305],[8.229567,6.039003],[8.229889,6.039001],[8.229975,6.039163],[8.2299,6.039299],[8.229951,6.039483],[8.229964,6.039689],[8.2299,6.039865],[8.229623,6.039817],[8.229253,6.039988],[8.229195,6.039866],[8.2291,6.039681]]]}},{"type":"Feature","properties":{"id":50975,"areaKm2":0.0245,"state":"Cross River","lga":"Akamkpa","lat":5.27383,"lng":8.36249,"source":"Maus et al. 2022 / Tang & Werner 2023 (global mining polygons v2)"},"geometry":{"type":"Polygon","coordinates":[[[8.361712,5.273518],[8.361948,5.273176],[8.36301,5.273027],[8.363192,5.273283],[8.362988,5.273956],[8.36331,5.274266],[8.362967,5.274822],[8.362334,5.274629],[8.361765,5.274085],[8.361712,5.273518]]]}},{"type":"Feature","properties":{"id":50976,"areaKm2":0.033,"state":"Cross River","lga":"Odukpani","lat":5.17392,"lng":8.35807,"source":"Maus et al. 2022 / Tang & Werner 2023 (global mining polygons v2)"},"geometry":{"type":"Polygon","coordinates":[[[8.357146,5.173856],[8.357506,5.173236],[8.358471,5.173006],[8.359153,5.173396],[8.359126,5.173903],[8.359035,5.174507],[8.358493,5.174694],[8.357511,5.174614],[8.357136,5.174165],[8.357146,5.173856]]]}},{"type":"Feature","properties":{"id":50977,"areaKm2":0.0597,"state":"Cross River","lga":"Akamkpa","lat":5.22875,"lng":8.34792,"source":"Maus et al. 2022 / Tang & Werner 2023 (global mining polygons v2)"},"geometry":{"type":"Polygon","coordinates":[[[8.346578,5.228678],[8.346584,5.228171],[8.347115,5.22777],[8.348413,5.227797],[8.349599,5.228224],[8.349486,5.229111],[8.348547,5.230142],[8.348381,5.230212],[8.346578,5.228678]]]}},{"type":"Feature","properties":{"id":50978,"areaKm2":0.0622,"state":"Cross River","lga":"Akamkpa","lat":5.22471,"lng":8.3451,"source":"Maus et al. 2022 / Tang & Werner 2023 (global mining polygons v2)"},"geometry":{"type":"Polygon","coordinates":[[[8.343467,5.225489],[8.34322,5.224923],[8.343816,5.223673],[8.344524,5.223016],[8.345704,5.223299],[8.345983,5.224463],[8.346546,5.224463],[8.346772,5.224966],[8.346412,5.225484],[8.345736,5.225628],[8.345586,5.22527],[8.34579,5.224789],[8.345237,5.224164],[8.344658,5.224581],[8.344722,5.225617],[8.343467,5.225489]]]}},{"type":"Feature","properties":{"id":50979,"areaKm2":0.0231,"state":"Cross River","lga":"Odukpani","lat":5.18595,"lng":8.36159,"source":"Maus et al. 2022 / Tang & Werner 2023 (global mining polygons v2)"},"geometry":{"type":"Polygon","coordinates":[[[8.360936,5.186159],[8.360767,5.185742],[8.361379,5.185465],[8.361824,5.185155],[8.362661,5.185657],[8.362484,5.186512],[8.361744,5.186731],[8.360936,5.186159]]]}},{"type":"Feature","properties":{"id":50980,"areaKm2":0.1433,"state":"Cross River","lga":"Akamkpa","lat":5.21844,"lng":8.34833,"source":"Maus et al. 2022 / Tang & Werner 2023 (global mining polygons v2)"},"geometry":{"type":"Polygon","coordinates":[[[8.34914,5.217158],[8.349196,5.217999],[8.350022,5.219073],[8.349888,5.219613],[8.349379,5.220184],[8.346756,5.221397],[8.345548,5.218801],[8.346686,5.21824],[8.347244,5.217444],[8.347925,5.217193],[8.348982,5.217011],[8.34914,5.217158]]]}},{"type":"Feature","properties":{"id":50981,"areaKm2":0.1294,"state":"Cross River","lga":"Akamkpa","lat":5.20757,"lng":8.35655,"source":"Maus et al. 2022 / Tang & Werner 2023 (global mining polygons v2)"},"geometry":{"type":"Polygon","coordinates":[[[8.357479,5.205402],[8.358294,5.206231],[8.358589,5.208399],[8.358477,5.209265],[8.35809,5.209361],[8.357141,5.208405],[8.356594,5.208768],[8.35632,5.208298],[8.356916,5.207924],[8.35683,5.207438],[8.356567,5.207462],[8.356014,5.207732],[8.355585,5.207903],[8.354926,5.207855],[8.354394,5.208335],[8.353686,5.207951],[8.35499,5.206225],[8.356138,5.205477],[8.357479,5.205402]]]}},{"type":"Feature","properties":{"id":50982,"areaKm2":0.1404,"state":"Cross River","lga":"Odukpani","lat":5.2013,"lng":8.34852,"source":"Maus et al. 2022 / Tang & Werner 2023 (global mining polygons v2)"},"geometry":{"type":"Polygon","coordinates":[[[8.349376,5.201065],[8.349979,5.201545],[8.350275,5.202101],[8.349674,5.203105],[8.347887,5.203287],[8.346316,5.202977],[8.345908,5.202758],[8.346873,5.201919],[8.347533,5.200926],[8.347721,5.199526],[8.348306,5.198842],[8.349931,5.199152],[8.350162,5.199916],[8.349376,5.201065]]]}},{"type":"Feature","properties":{"id":50983,"areaKm2":0.1309,"state":"Cross River","lga":"Akamkpa","lat":5.2117,"lng":8.33875,"source":"Maus et al. 2022 / Tang & Werner 2023 (global mining polygons v2)"},"geometry":{"type":"Polygon","coordinates":[[[8.33894,5.209242],[8.339505,5.20958],[8.339948,5.21013],[8.339766,5.211247],[8.339884,5.211797],[8.339648,5.212214],[8.339165,5.212534],[8.339358,5.212882],[8.339819,5.212818],[8.340238,5.213304],[8.339782,5.213838],[8.339127,5.213881],[8.339143,5.213085],[8.338988,5.212684],[8.338371,5.212807],[8.337378,5.21301],[8.336735,5.212748],[8.336241,5.21169],[8.33645,5.210766],[8.337277,5.210066],[8.338146,5.210146],[8.3385,5.209329],[8.33894,5.209242]]]}},{"type":"Feature","properties":{"id":50984,"areaKm2":0.4559,"state":"Kogi","lga":"Ankpa","lat":7.47975,"lng":7.72828,"source":"Maus et al. 2022 / Tang & Werner 2023 (global mining polygons v2)"},"geometry":{"type":"Polygon","coordinates":[[[7.725449,7.479368],[7.727863,7.475251],[7.730266,7.474092],[7.732326,7.47556],[7.732884,7.476857],[7.730673,7.480676],[7.730287,7.481836],[7.729413,7.482378],[7.728882,7.482708],[7.727938,7.481931],[7.727755,7.481325],[7.726961,7.481059],[7.726371,7.48191],[7.725942,7.481325],[7.726833,7.48073],[7.725476,7.479394],[7.725449,7.479368]]]}},{"type":"Feature","properties":{"id":51200,"areaKm2":0.0106,"state":"Delta","lga":"Aniocha South","lat":6.16334,"lng":6.53275,"source":"Maus et al. 2022 / Tang & Werner 2023 (global mining polygons v2)"},"geometry":{"type":"Polygon","coordinates":[[[6.531905,6.163668],[6.532127,6.163461],[6.532456,6.16323],[6.532942,6.162964],[6.533099,6.162811],[6.533293,6.162736],[6.533429,6.162875],[6.533586,6.162907],[6.533561,6.163127],[6.533411,6.163358],[6.532845,6.163614],[6.532452,6.163739],[6.532177,6.163874],[6.532044,6.163995],[6.531905,6.163668]]]}},{"type":"Feature","properties":{"id":51209,"areaKm2":0.0127,"state":"Sokoto","lga":"Illela","lat":13.72886,"lng":5.23216,"source":"Maus et al. 2022 / Tang & Werner 2023 (global mining polygons v2)"},"geometry":{"type":"Polygon","coordinates":[[[5.232367,13.729442],[5.232193,13.72939],[5.231928,13.729341],[5.231541,13.729099],[5.231474,13.728916],[5.231453,13.728765],[5.23156,13.728671],[5.231767,13.728606],[5.231705,13.728494],[5.231641,13.728296],[5.231769,13.728259],[5.231861,13.72826],[5.231954,13.728202],[5.232086,13.72827],[5.232228,13.728358],[5.232284,13.728421],[5.232365,13.728616],[5.232432,13.728663],[5.232692,13.728927],[5.232765,13.728929],[5.232837,13.728958],[5.232823,13.729164],[5.232649,13.729354],[5.232539,13.729429],[5.232537,13.729521],[5.232386,13.729549],[5.232367,13.729442]]]}},{"type":"Feature","properties":{"id":185217,"areaKm2":6.9417,"state":"Kogi","lga":"Lokoja","lat":8.00359,"lng":6.44279,"source":"Maus et al. 2022 / Tang & Werner 2023 (global mining polygons v2)"},"geometry":{"type":"Polygon","coordinates":[[[6.432238,8.001012],[6.42992,7.998717],[6.429663,7.993787],[6.427946,7.993022],[6.426916,7.990643],[6.426916,7.987838],[6.42786,7.984778],[6.428804,7.983418],[6.431208,7.981973],[6.433525,7.981463],[6.436186,7.982653],[6.439276,7.985118],[6.441422,7.987328],[6.442709,7.989963],[6.444511,7.992342],[6.446228,7.993787],[6.447001,7.995827],[6.447001,7.997782],[6.448631,8.001862],[6.449747,8.004922],[6.451635,8.007642],[6.454124,8.010106],[6.456528,8.012146],[6.458158,8.014186],[6.460133,8.016141],[6.461077,8.018096],[6.460562,8.020646],[6.456013,8.021665],[6.453009,8.020985],[6.450777,8.020221],[6.449833,8.020221],[6.447859,8.020221],[6.444855,8.019456],[6.442709,8.018011],[6.442537,8.015971],[6.442623,8.014441],[6.443996,8.012911],[6.444511,8.011721],[6.444168,8.009002],[6.440821,8.007982],[6.437645,8.007812],[6.435843,8.006112],[6.433525,8.002967],[6.432238,8.001012]]]}}],"meta":{"title":"Satellite-mapped mining footprints in Nigeria","count":160,"totalAreaKm2":35.69,"licence":"ODbL 1.0 \u2014 attribution required","source":"Zenodo 10.5281/zenodo.7307210 (Maus v2 + OSM, 192,584 global polygons)","note":"Visually delineated from high-resolution satellite imagery: pits, tailings dams, waste rock dumps, ponds and processing infrastructure. These are observed workings, not licence boundaries."}}