{"type":"FeatureCollection","source":"Protected Planet / WDPA August 2026","sourceUrl":"https://www.protectedplanet.net/en/country/NGA","retrieved":"2026-08-17","licence":"WDPA terms \u2014 non-commercial use, attribution required","features":[{"type":"Feature","properties":{"name":"Kainji Lake","designation":"National Park","iucn":"II","areaKm2":5380.0,"status":"Designated","year":1979},"geometry":{"type":"Polygon","coordinates":[[[5.2182,9.9691],[5.2411,9.9301],[5.2679,9.8976],[5.2855,9.8769],[5.2956,9.8632],[5.2988,9.858],[5.3016,9.8529],[5.3062,9.8463],[5.3075,9.8421],[5.3079,9.8379],[5.2932,9.8284],[5.2496,9.8113],[5.2051,9.7915],[5.1643,9.767],[5.1434,9.7538],[5.1301,9.7461],[5.1193,9.7421],[5.1107,9.738],[5.1013,9.7367],[5.0924,9.7373],[5.0811,9.7398],[5.0563,9.7471],[5.0287,9.7564],[5.017,9.7565],[5.0089,9.7548],[4.9985,9.7479],[4.9828,9.7384],[4.9756,9.7222],[4.9602,9.6973],[4.9505,9.6812],[4.9386,9.6706],[4.9225,9.6606],[4.9116,9.6547],[4.9017,9.653],[4.8919,9.6531],[4.8717,9.6575],[4.8119,9.682],[4.7449,9.7038],[4.6915,9.7156],[4.6431,9.729],[4.6428,9.7388],[4.6412,9.7526],[4.6379,9.7664],[4.6361,9.7791],[4.6346,9.7863],[4.6366,9.7922],[4.6793,9.832],[4.7022,9.855],[4.7217,9.8711],[4.7368,9.8811],[4.7464,9.8894],[4.762,9.8976],[4.7772,9.9062],[4.7862,9.9112],[4.8099,9.9235],[4.8227,9.9312],[4.8298,9.9358],[4.843,9.9403],[4.8596,9.9461],[4.8752,9.9482],[4.8865,9.9504],[4.9053,9.9511],[4.9204,9.95],[4.9349,9.9465],[4.9452,9.9436],[4.9537,9.943],[4.9664,9.9414],[4.9762,9.9404],[4.9805,9.9403],[4.9895,9.9435],[4.9947,9.9457],[5.0382,9.9619],[5.0581,9.97],[5.0652,9.9736],[5.0794,9.9748],[5.0893,9.9751],[5.1189,9.9756],[5.1411,9.9781],[5.1695,9.9851],[5.1846,9.9882],[5.203,9.9926],[5.2182,9.9691]],[[4.1753,10.3121],[4.1795,10.3018],[4.1809,10.2962],[4.1841,10.2878],[4.1892,10.2798],[4.1938,10.2742],[4.1981,10.2709],[4.2074,10.2662],[4.222,10.2618],[4.2314,10.2599],[4.2479,10.2583],[4.2616,10.2577],[4.2804,10.2562],[4.3106,10.254],[4.3214,10.2511],[4.3327,10.2468],[4.3402,10.2421],[4.3476,10.2355],[4.3612,10.2242],[4.3752,10.2152],[4.387,10.2085],[4.4238,10.2005],[4.428,10.2015],[4.4377,10.1952],[4.4448,10.1951],[4.4507,10.1928],[4.4532,10.1878],[4.4609,10.1854],[4.4714,10.1848],[4.4743,10.1753],[4.4807,10.1734],[4.4885,10.181],[4.4957,10.1893],[4.5033,10.191],[4.5078,10.1853],[4.5095,10.1792],[4.508,10.171],[4.502,10.1639],[4.4949,10.1592],[4.4929,10.1466],[4.4975,10.1359],[4.5009,10.1287],[4.5001,10.1244],[4.4883,10.1297],[4.4842,10.1289],[4.4793,10.1242],[4.475,10.1274],[4.4671,10.13],[4.462,10.1255],[4.4536,10.1265],[4.4463,10.1323],[4.4405,10.1267],[4.4391,10.1208],[4.4377,10.1166],[4.4291,10.1119],[4.4236,10.1073],[4.4327,10.1044],[4.4398,10.1064],[4.4463,10.1099],[4.4525,10.118],[4.4624,10.119],[4.4733,10.117],[4.4749,10.113],[4.4803,10.1135],[4.4854,10.1133],[4.4921,10.1053],[4.4977,10.0966],[4.4935,10.0913],[4.4871,10.0888],[4.4826,10.0896],[4.4802,10.0824],[4.476,10.0766],[4.47,10.0735],[4.4662,10.0778],[4.4616,10.0779],[4.4594,10.0691],[4.4537,10.0669],[4.4461,10.0632],[4.4451,10.0559],[4.4513,10.057],[4.4601,10.0625],[4.4665,10.067],[4.4738,10.0682],[4.4474,10.044],[4.4198,10.0211],[4.3942,10.0478],[4.2924,9.9558],[4.2733,9.9751],[4.2206,9.9262],[4.1608,9.87],[4.1826,9.8419],[4.1242,9.788],[4.0734,9.7336],[4.0312,9.6893],[4.0074,9.7062],[3.9868,9.7227],[3.9628,9.7126],[3.9448,9.7049],[3.9266,9.7232],[3.9037,9.7368],[3.8867,9.73],[3.8707,9.7282],[3.8498,9.7516],[3.8227,9.7807],[3.8022,9.805],[3.7891,9.8167],[3.7498,9.838],[3.717,9.8582],[3.7011,9.8685],[3.6959,9.8737],[3.6927,9.8793],[3.6885,9.8877],[3.6848,9.8965],[3.6834,9.9035],[3.6802,9.9119],[3.6798,9.9226],[3.6803,9.9324],[3.6843,9.9622],[3.6915,9.9891],[3.7087,10.0216],[3.7302,10.0577],[3.746,10.0944],[3.7485,10.1153],[3.7476,10.1232],[3.7462,10.1302],[3.742,10.1363],[3.7364,10.1456],[3.7187,10.1723],[3.7052,10.1985],[3.7031,10.2255],[3.7056,10.245],[3.7086,10.2669],[3.7167,10.2873],[3.7267,10.3045],[3.7376,10.3096],[3.7466,10.3123],[3.7683,10.3159],[3.7877,10.3148],[3.7985,10.3133],[3.807,10.3114],[3.8121,10.3104],[3.8221,10.3113],[3.8263,10.3131],[3.8353,10.3172],[3.8443,10.3209],[3.8595,10.3287],[3.9215,10.3594],[3.9722,10.3842],[4.0077,10.3983],[4.0195,10.3996],[4.0242,10.3991],[4.0285,10.3972],[4.0327,10.3949],[4.0402,10.3874],[4.0458,10.3822],[4.0519,10.3775],[4.058,10.3718],[4.0627,10.3681],[4.0795,10.3591],[4.1308,10.3446],[4.1445,10.3413],[4.1544,10.3393],[4.1614,10.3355],[4.1689,10.3275],[4.1707,10.3215],[4.1753,10.3121]]]}},{"type":"Feature","properties":{"name":"Yankari","designation":"Game Reserve","iucn":"IV","areaKm2":2254.0,"status":"Designated","year":1991},"geometry":{"type":"Polygon","coordinates":[[[10.737,9.946],[10.7508,9.9303],[10.7579,9.9176],[10.7656,9.9035],[10.7691,9.8917],[10.7712,9.8824],[10.7709,9.8735],[10.7688,9.8638],[10.7681,9.855],[10.7688,9.8447],[10.78,9.8249],[10.7974,9.804],[10.7797,9.7747],[10.7455,9.7425],[10.7262,9.7267],[10.6585,9.7428],[10.6426,9.7269],[10.6193,9.6991],[10.6035,9.6692],[10.6038,9.6609],[10.6022,9.653],[10.5935,9.6467],[10.5879,9.6445],[10.5798,9.6419],[10.5751,9.6411],[10.5693,9.637],[10.5659,9.6306],[10.5598,9.6145],[10.5577,9.6039],[10.5534,9.5993],[10.5458,9.5962],[10.5396,9.5954],[10.5217,9.5908],[10.5018,9.5829],[10.4907,9.5729],[10.4698,9.5613],[10.4641,9.5614],[10.4566,9.5621],[10.4511,9.565],[10.4484,9.5697],[10.4457,9.5753],[10.4444,9.5814],[10.4427,9.5879],[10.4395,9.5941],[10.4344,9.5947],[10.4244,9.5907],[10.4188,9.5908],[10.4109,9.5947],[10.4063,9.5985],[10.3945,9.6137],[10.3877,9.6255],[10.385,9.6334],[10.3767,9.6392],[10.3618,9.6424],[10.3468,9.646],[10.3337,9.6467],[10.3243,9.6479],[10.3173,9.6503],[10.3118,9.6542],[10.31,9.6598],[10.3069,9.6668],[10.2936,9.682],[10.2792,9.6907],[10.2708,9.6941],[10.2438,9.7027],[10.2185,9.7093],[10.1966,9.7176],[10.1955,9.8554],[10.1952,9.9214],[10.1954,9.9335],[10.211,9.9341],[10.2214,9.9367],[10.2482,9.9366],[10.2576,9.9354],[10.2684,9.9352],[10.2699,9.9798],[10.2711,10.01],[10.3388,10.0281],[10.4293,10.0493],[10.5249,10.0698],[10.527,10.0386],[10.5573,10.0239],[10.6117,9.9984],[10.6588,9.981],[10.7115,9.9611],[10.737,9.946]]]}},{"type":"Feature","properties":{"name":"Kuyambana","designation":"Game Reserve","iucn":"Not Reported","areaKm2":2614.0,"status":"Designated","year":1971},"geometry":{"type":"Polygon","coordinates":[[[6.7884,11.2854],[6.784,11.2832],[6.7736,11.2834],[6.7616,11.2762],[6.7508,11.2625],[6.7445,11.2556],[6.7392,11.252],[6.7362,11.2469],[6.737,11.238],[6.7371,11.2222],[6.7326,11.2143],[6.7313,11.1985],[6.7316,11.1705],[6.7285,11.1598],[6.7217,11.1525],[6.7139,11.1466],[6.7036,11.1282],[6.6984,11.1106],[6.6992,11.105],[6.6957,11.0985],[6.6909,11.0953],[6.6831,11.0848],[6.6796,11.0783],[6.6753,11.0738],[6.6662,11.0702],[6.6585,11.0667],[6.6478,11.0539],[6.6278,11.051],[6.6135,11.0467],[6.6049,11.0436],[6.6001,11.0405],[6.5929,11.0364],[6.5861,11.0296],[6.5804,11.026],[6.5728,11.0247],[6.5586,11.0269],[6.5406,11.0259],[6.5301,11.021],[6.519,11.0143],[6.5128,11.012],[6.5078,11.0137],[6.4847,11.0253],[6.4478,11.0298],[6.4194,11.0266],[6.3858,11.0306],[6.3631,11.0311],[6.346,11.0296],[6.3336,11.0242],[6.3154,11.0134],[6.3009,11.0016],[6.294,10.9896],[6.2853,10.9819],[6.2765,10.972],[6.2717,10.9873],[6.2681,10.9957],[6.2613,11.0103],[6.2563,11.0202],[6.2433,11.0546],[6.2406,11.063],[6.2352,11.0743],[6.2335,11.0827],[6.2332,11.0944],[6.2343,11.1014],[6.2359,11.1102],[6.2409,11.1204],[6.2433,11.125],[6.2506,11.1337],[6.2588,11.141],[6.2709,11.1492],[6.28,11.1537],[6.2925,11.1572],[6.3057,11.1611],[6.3253,11.1663],[6.3428,11.1678],[6.3628,11.1687],[6.3765,11.1685],[6.386,11.1678],[6.4002,11.167],[6.4153,11.1667],[6.4272,11.1674],[6.4381,11.1667],[6.4514,11.1673],[6.4642,11.1675],[6.476,11.1682],[6.4874,11.1694],[6.4946,11.1706],[6.5017,11.1709],[6.5149,11.1706],[6.525,11.1751],[6.5332,11.1796],[6.5385,11.1832],[6.5442,11.1877],[6.5482,11.1928],[6.5516,11.1974],[6.558,11.2066],[6.5628,11.2125],[6.5677,11.219],[6.5716,11.2231],[6.5817,11.2275],[6.5908,11.231],[6.6003,11.236],[6.6042,11.2401],[6.6111,11.2493],[6.6151,11.2581],[6.6187,11.271],[6.6183,11.2949],[6.6225,11.3102],[6.6245,11.3153],[6.6284,11.3213],[6.6314,11.3277],[6.6339,11.3323],[6.6341,11.3403],[6.6338,11.3482],[6.6335,11.358],[6.6343,11.3697],[6.6364,11.3813],[6.6378,11.3976],[6.6426,11.4199],[6.6476,11.4347],[6.6541,11.4453],[6.658,11.4504],[6.6673,11.4656],[6.6843,11.4787],[6.7042,11.497],[6.7193,11.5144],[6.7348,11.5261],[6.7435,11.5316],[6.7521,11.5374],[6.7589,11.5433],[6.7638,11.546],[6.77,11.5501],[6.7753,11.5523],[6.7835,11.5554],[6.7911,11.5571],[6.8064,11.5609],[6.8159,11.5626],[6.8317,11.565],[6.8393,11.5667],[6.8706,11.566],[6.8801,11.5653],[6.8853,11.5642],[6.8915,11.5636],[6.9024,11.561],[6.9085,11.5581],[6.9117,11.5538],[6.9134,11.5472],[6.917,11.5382],[6.9262,11.5053],[6.9281,11.488],[6.9254,11.4764],[6.9229,11.4713],[6.9161,11.4635],[6.9074,11.4581],[6.8977,11.4481],[6.8909,11.4413],[6.883,11.4326],[6.8782,11.4266],[6.8766,11.4215],[6.876,11.4159],[6.8768,11.4112],[6.8786,11.4042],[6.8855,11.3961],[6.8882,11.3914],[6.8904,11.3862],[6.8875,11.3816],[6.8831,11.377],[6.8768,11.3697],[6.8713,11.3619],[6.8674,11.3554],[6.8668,11.3503],[6.8624,11.3439],[6.8571,11.3417],[6.8523,11.3399],[6.8474,11.3349],[6.8454,11.3303],[6.8372,11.3244],[6.8281,11.3186],[6.8102,11.3068],[6.7928,11.2909],[6.7884,11.2854]]]}},{"type":"Feature","properties":{"name":"Opara","designation":"Game Reserve","iucn":"Not Reported","areaKm2":2486.0,"status":"Designated","year":1973},"geometry":{"type":"Polygon","coordinates":[[[3.0885,8.6049],[3.0904,8.5994],[3.0941,8.5901],[3.0992,8.5831],[3.1048,8.5747],[3.1127,8.5617],[3.1159,8.5496],[3.1173,8.5376],[3.1163,8.5302],[3.1135,8.5218],[3.1097,8.514],[3.1045,8.5015],[3.0942,8.4871],[3.0866,8.4607],[3.0861,8.4399],[3.085,8.4316],[3.079,8.4259],[3.0729,8.4232],[3.0658,8.4203],[3.0604,8.4174],[3.0581,8.4131],[3.056,8.4066],[3.0508,8.3967],[3.0478,8.3926],[3.0448,8.3883],[3.041,8.3838],[3.0344,8.3804],[3.028,8.3784],[3.0221,8.376],[3.0168,8.373],[3.0096,8.3649],[3.0057,8.3595],[3.0029,8.353],[3.0009,8.3473],[2.9979,8.3431],[2.9963,8.3385],[2.9968,8.334],[3.0008,8.3263],[3.004,8.3218],[3.0056,8.3157],[3.0049,8.3101],[3.0031,8.3044],[3.0017,8.2986],[3.001,8.2922],[3.0007,8.2866],[3.001,8.2816],[2.9984,8.2749],[2.9939,8.2697],[2.9848,8.2598],[2.9816,8.2548],[2.9786,8.2487],[2.9766,8.2424],[2.9763,8.2354],[2.9765,8.2282],[2.9774,8.2209],[2.979,8.2153],[2.9781,8.2065],[2.9765,8.1981],[2.974,8.192],[2.9701,8.1866],[2.9635,8.1812],[2.9583,8.1761],[2.9555,8.1688],[2.9535,8.161],[2.951,8.1526],[2.9493,8.146],[2.9496,8.1415],[2.9502,8.1366],[2.9498,8.1316],[2.9468,8.1255],[2.945,8.1174],[2.9443,8.1086],[2.9434,8.0998],[2.9449,8.0937],[2.9495,8.0851],[2.9494,8.0804],[2.949,8.0754],[2.9503,8.0695],[2.9519,8.0632],[2.9524,8.0589],[2.9476,8.0524],[2.9417,8.0467],[2.9439,8.0404],[2.9463,8.0327],[2.9439,8.0211],[2.9364,8.0095],[2.928,7.9975],[2.914,7.9888],[2.8949,7.9833],[2.873,7.9754],[2.8698,7.9833],[2.8614,7.9884],[2.8502,7.9954],[2.8423,8.0],[2.8293,8.0033],[2.8079,8.0094],[2.7897,8.0122],[2.7734,8.0131],[2.7539,8.0141],[2.7399,8.0118],[2.7086,8.0013],[2.7131,8.019],[2.7161,8.0291],[2.7184,8.0377],[2.7216,8.0551],[2.7236,8.0618],[2.7286,8.0682],[2.7291,8.0743],[2.7261,8.0822],[2.7257,8.0912],[2.7298,8.1025],[2.7328,8.1128],[2.7321,8.1239],[2.731,8.1345],[2.7346,8.1454],[2.7417,8.1544],[2.7471,8.162],[2.7505,8.1726],[2.7512,8.186],[2.7515,8.1961],[2.7515,8.2043],[2.7526,8.2106],[2.7483,8.2201],[2.7352,8.2357],[2.7277,8.2461],[2.72,8.2549],[2.7155,8.2637],[2.7116,8.2752],[2.7082,8.2883],[2.7019,8.3005],[2.6971,8.3109],[2.6953,8.3216],[2.6958,8.3331],[2.6965,8.3439],[2.6972,8.3527],[2.7002,8.3595],[2.7072,8.3667],[2.7124,8.375],[2.7147,8.3854],[2.7107,8.4096],[2.7082,8.4175],[2.7097,8.4236],[2.7131,8.4294],[2.7181,8.432],[2.7276,8.4328],[2.7367,8.4364],[2.7438,8.4463],[2.7463,8.4585],[2.75,8.4694],[2.7547,8.4757],[2.7572,8.482],[2.7543,8.4877],[2.7541,8.4935],[2.758,8.5005],[2.7621,8.51],[2.7616,8.5208],[2.758,8.5288],[2.7537,8.5319],[2.7526,8.5407],[2.7555,8.55],[2.7712,8.5538],[2.7759,8.5575],[2.7801,8.5612],[2.7829,8.5677],[2.7866,8.5723],[2.7894,8.5779],[2.7923,8.582],[2.7988,8.589],[2.8086,8.5945],[2.8213,8.5973],[2.8343,8.5986],[2.8404,8.5996],[2.8563,8.6],[2.8643,8.5995],[2.8797,8.6004],[2.8932,8.6008],[2.9171,8.6054],[2.9311,8.6096],[2.94,8.6142],[2.9494,8.6211],[2.9672,8.6345],[2.985,8.6474],[3.0047,8.6715],[3.0155,8.6863],[3.0266,8.7002],[3.0398,8.6853],[3.0584,8.6579],[3.0663,8.6458],[3.0751,8.6332],[3.0802,8.6249],[3.0872,8.6119],[3.0885,8.6049]]]}},{"type":"Feature","properties":{"name":"Ifon","designation":"Game Reserve","iucn":"Not Reported","areaKm2":282.7,"status":"Proposed","year":1990},"geometry":{"type":"Polygon","coordinates":[[[5.8467,7.2662],[5.8532,7.2384],[5.8595,7.2068],[5.8638,7.1846],[5.8655,7.1776],[5.8713,7.1664],[5.859,7.1524],[5.8462,7.1406],[5.8428,7.1314],[5.8406,7.1111],[5.8357,7.0988],[5.8209,7.0764],[5.8108,7.054],[5.8073,7.0425],[5.8042,7.0204],[5.807,7.0],[5.7983,6.9771],[5.7914,6.9588],[5.7948,6.9421],[5.7992,6.9273],[5.7929,6.9223],[5.7563,6.9626],[5.718,7.021],[5.6986,7.0523],[5.6919,7.0625],[5.6796,7.0775],[5.6752,7.0924],[5.6699,7.1068],[5.6569,7.1324],[5.6889,7.1817],[5.6758,7.205],[5.7493,7.2633],[5.7643,7.2511],[5.7702,7.2445],[5.7762,7.2425],[5.7813,7.2406],[5.7878,7.24],[5.7957,7.2422],[5.8102,7.2479],[5.8272,7.2647],[5.8385,7.2742],[5.8467,7.2662]]]}},{"type":"Feature","properties":{"name":"Ebbe/Kampe","designation":"Game Reserve","iucn":"Not Reported","areaKm2":117.3,"status":"Proposed","year":0},"geometry":{"type":"Polygon","coordinates":[[[5.8742,8.5966],[5.8739,8.5899],[5.8755,8.5789],[5.8756,8.5737],[5.8756,8.5687],[5.8774,8.5605],[5.8794,8.5542],[5.8813,8.5498],[5.8885,8.5449],[5.8944,8.5428],[5.9003,8.5417],[5.9082,8.5405],[5.9154,8.5401],[5.9216,8.5404],[5.9334,8.5391],[5.9365,8.5347],[5.9364,8.5256],[5.9354,8.52],[5.9345,8.5132],[5.9331,8.5067],[5.9302,8.4944],[5.9293,8.4881],[5.9284,8.483],[5.9302,8.478],[5.9357,8.476],[5.9445,8.4762],[5.9503,8.4767],[5.9611,8.4762],[5.9689,8.4784],[5.972,8.4848],[5.9728,8.4915],[5.9726,8.4965],[5.9726,8.5016],[5.9737,8.5064],[5.9787,8.5131],[5.9836,8.5201],[5.9838,8.5247],[5.9788,8.529],[5.9747,8.5319],[5.9737,8.5372],[5.9804,8.5472],[5.9853,8.5539],[5.9867,8.5606],[5.9918,8.5641],[5.9966,8.5649],[6.0098,8.5681],[6.017,8.5702],[6.0259,8.5675],[6.03,8.5651],[6.0351,8.5599],[6.0411,8.5582],[6.0484,8.5552],[6.0537,8.5517],[6.0602,8.5514],[6.0663,8.5534],[6.0722,8.5535],[6.0781,8.5516],[6.0812,8.5456],[6.0833,8.5341],[6.0843,8.5257],[6.0867,8.5134],[6.0872,8.5078],[6.0882,8.5029],[6.0893,8.4982],[6.0911,8.4941],[6.0938,8.4894],[6.0987,8.494],[6.0996,8.4834],[6.0999,8.4753],[6.1022,8.4622],[6.1041,8.4507],[6.1055,8.4436],[6.1077,8.4213],[6.108,8.4117],[6.1064,8.4061],[6.0879,8.407],[6.0807,8.4085],[6.085,8.403],[6.0906,8.3979],[6.0912,8.391],[6.0938,8.3856],[6.1011,8.381],[6.1046,8.3763],[6.1049,8.37],[6.1032,8.3654],[6.1039,8.36],[6.1048,8.3556],[6.1041,8.3491],[6.1037,8.3417],[6.1023,8.3342],[6.1085,8.3266],[6.1126,8.3219],[6.1163,8.3175],[6.1228,8.3102],[6.1254,8.3039],[6.1273,8.2966],[6.1257,8.2892],[6.1273,8.2812],[6.1266,8.2707],[6.1259,8.2658],[6.1249,8.261],[6.1228,8.2568],[6.1195,8.2513],[6.1186,8.2434],[6.1182,8.239],[6.1167,8.2333],[6.1117,8.227],[6.1136,8.2199],[6.1175,8.2101],[6.12,8.2034],[6.1219,8.1976],[6.1181,8.1896],[6.1135,8.1848],[6.109,8.1876],[6.1057,8.1918],[6.095,8.2039],[6.091,8.2089],[6.0827,8.2188],[6.0785,8.2237],[6.0713,8.2328],[6.0569,8.2495],[6.0537,8.2537],[6.048,8.2609],[6.0426,8.2771],[6.0346,8.2824],[6.023,8.288],[6.0123,8.2924],[6.0001,8.2983],[5.9932,8.3048],[5.9858,8.3083],[5.9805,8.3096],[5.9762,8.3104],[5.9629,8.3137],[5.9571,8.3149],[5.9486,8.3179],[5.9388,8.3219],[5.9309,8.3274],[5.9252,8.3353],[5.923,8.3404],[5.9208,8.3451],[5.9191,8.3504],[5.9175,8.3565],[5.9139,8.3664],[5.9095,8.3707],[5.9049,8.3774],[5.9016,8.3829],[5.8962,8.387],[5.8952,8.3921],[5.8899,8.3968],[5.8851,8.4047],[5.8814,8.4096],[5.8802,8.4137],[5.8757,8.416],[5.8701,8.4183],[5.8662,8.4234],[5.8591,8.4299],[5.8544,8.4323],[5.8402,8.4328],[5.834,8.4325],[5.8278,8.4325],[5.8211,8.4328],[5.8133,8.4322],[5.8058,8.4314],[5.7979,8.4311],[5.7923,8.4323],[5.7867,8.4337],[5.7792,8.4368],[5.7675,8.4401],[5.7564,8.4415],[5.7516,8.4423],[5.7413,8.4488],[5.7367,8.452],[5.726,8.4584],[5.7175,8.4622],[5.7109,8.4648],[5.7044,8.4674],[5.6984,8.4692],[5.6929,8.4701],[5.6888,8.4701],[5.6847,8.4718],[5.6927,8.4763],[5.6995,8.4753],[5.7038,8.4742],[5.7142,8.4749],[5.7148,8.4821],[5.7132,8.4882],[5.7137,8.4943],[5.7163,8.5002],[5.7149,8.5046],[5.709,8.508],[5.7038,8.5111],[5.7063,8.5157],[5.7132,8.5144],[5.7195,8.5138],[5.7274,8.5143],[5.7349,8.5245],[5.7341,8.5305],[5.7361,8.5357],[5.7411,8.5408],[5.7462,8.5401],[5.7509,8.5412],[5.757,8.543],[5.7591,8.5488],[5.7549,8.5561],[5.7541,8.561],[5.7585,8.5617],[5.7639,8.5586],[5.7695,8.5581],[5.7771,8.564],[5.783,8.5652],[5.7874,8.5708],[5.789,8.5755],[5.7869,8.5841],[5.7926,8.5847],[5.8014,8.582],[5.8045,8.5773],[5.8097,8.5768],[5.8164,8.5803],[5.8202,8.585],[5.8228,8.59],[5.8276,8.595],[5.8405,8.5929],[5.8462,8.5993],[5.8511,8.6028],[5.8527,8.6099],[5.8553,8.6167],[5.8616,8.6223],[5.868,8.6203],[5.8718,8.6136],[5.8731,8.6082],[5.8739,8.6022],[5.8742,8.5966]]]}},{"type":"Feature","properties":{"name":"Ohosu","designation":"Game Reserve","iucn":"Not Reported","areaKm2":471.0,"status":"Proposed","year":0},"geometry":{"type":"Polygon","coordinates":[[[5.5444,6.8883],[5.5511,6.8863],[5.5534,6.8632],[5.553,6.852],[5.5532,6.8455],[5.549,6.8409],[5.5198,6.8341],[5.4923,6.8295],[5.4637,6.8248],[5.4324,6.8195],[5.4003,6.8142],[5.3669,6.8077],[5.3351,6.8026],[5.3188,6.8004],[5.3164,6.8044],[5.3056,6.8023],[5.3032,6.8083],[5.2987,6.8135],[5.2914,6.8149],[5.2839,6.8135],[5.2901,6.8],[5.2804,6.7824],[5.2657,6.7615],[5.2495,6.7393],[5.2234,6.7049],[5.2034,6.6775],[5.1852,6.6514],[5.1695,6.6302],[5.1509,6.6044],[5.1369,6.5834],[5.1253,6.5908],[5.118,6.5929],[5.1137,6.5979],[5.11,6.6051],[5.1069,6.61],[5.1019,6.6175],[5.1019,6.625],[5.1064,6.6323],[5.1139,6.6387],[5.1134,6.6436],[5.1105,6.6518],[5.1116,6.6587],[5.1174,6.6625],[5.1219,6.662],[5.1266,6.6622],[5.1309,6.6644],[5.1359,6.6716],[5.1334,6.6768],[5.1292,6.6799],[5.1249,6.6851],[5.1265,6.6908],[5.1246,6.697],[5.127,6.7031],[5.1327,6.7052],[5.1356,6.7112],[5.1354,6.7184],[5.1379,6.723],[5.1391,6.7306],[5.1448,6.7379],[5.1476,6.7432],[5.1514,6.7495],[5.1556,6.754],[5.1603,6.7541],[5.1677,6.7613],[5.1799,6.7682],[5.1842,6.7702],[5.1886,6.772],[5.1927,6.7742],[5.1984,6.7814],[5.1977,6.7875],[5.1946,6.794],[5.1947,6.7986],[5.1959,6.804],[5.1988,6.8095],[5.2018,6.8143],[5.2079,6.822],[5.2145,6.8295],[5.22,6.8317],[5.2248,6.8343],[5.2208,6.8384],[5.2162,6.8424],[5.2231,6.845],[5.2257,6.8514],[5.2226,6.857],[5.2278,6.8663],[5.2316,6.8709],[5.2362,6.8755],[5.2396,6.8798],[5.2416,6.885],[5.262,6.8846],[5.3302,6.8847],[5.3595,6.8846],[5.3872,6.8853],[5.4123,6.8857],[5.4374,6.8866],[5.4589,6.8866],[5.4842,6.8874],[5.508,6.8885],[5.5411,6.889],[5.5444,6.8883]]]}},{"type":"Feature","properties":{"name":"Orle River","designation":"Game Reserve","iucn":"IV","areaKm2":1100.0,"status":"Designated","year":1960},"geometry":{"type":"Polygon","coordinates":[[[6.5928,7.053],[6.5985,7.0492],[6.6002,7.0426],[6.6005,7.0346],[6.6088,7.0346],[6.6153,7.0327],[6.6174,7.0257],[6.6163,7.0206],[6.6154,7.0157],[6.6139,7.0111],[6.6121,7.0066],[6.6093,7.0011],[6.6019,6.9583],[6.5909,6.904],[6.5899,6.8843],[6.5897,6.874],[6.5882,6.8675],[6.5807,6.8627],[6.573,6.8603],[6.5669,6.8574],[6.5724,6.8515],[6.5741,6.8438],[6.5754,6.8362],[6.5775,6.8261],[6.5786,6.8172],[6.5826,6.8163],[6.5895,6.8156],[6.5902,6.8086],[6.5896,6.7953],[6.5894,6.784],[6.5839,6.7859],[6.5764,6.7873],[6.5673,6.7894],[6.5613,6.7903],[6.554,6.791],[6.5426,6.7906],[6.5207,6.7909],[6.5137,6.7914],[6.5063,6.7922],[6.4976,6.7937],[6.492,6.7946],[6.4872,6.7958],[6.4823,6.8009],[6.473,6.8159],[6.4605,6.8271],[6.4559,6.8298],[6.4504,6.8338],[6.4498,6.8423],[6.4512,6.848],[6.4571,6.8534],[6.4612,6.8553],[6.4706,6.8565],[6.4754,6.8601],[6.4761,6.8682],[6.4753,6.8793],[6.4735,6.8836],[6.4691,6.8851],[6.4648,6.886],[6.4594,6.8873],[6.4542,6.8881],[6.4494,6.8918],[6.4355,6.8995],[6.4295,6.9013],[6.4312,6.9053],[6.4355,6.9094],[6.4452,6.9174],[6.45,6.9231],[6.4544,6.9287],[6.4585,6.9336],[6.4635,6.9354],[6.4675,6.9352],[6.4721,6.9346],[6.4763,6.9366],[6.4725,6.942],[6.4685,6.9431],[6.4605,6.9458],[6.4607,6.95],[6.4598,6.9552],[6.453,6.9562],[6.4475,6.9532],[6.4472,6.9488],[6.4496,6.9425],[6.446,6.9377],[6.4256,6.9338],[6.4187,6.9327],[6.4051,6.9301],[6.3984,6.9298],[6.3936,6.9301],[6.3884,6.9337],[6.386,6.9422],[6.3855,6.948],[6.3855,6.9546],[6.3856,6.9611],[6.3858,6.9679],[6.3866,6.974],[6.3871,6.9797],[6.3886,6.9854],[6.3911,6.9897],[6.398,6.9963],[6.4009,7.0027],[6.4059,7.0061],[6.4116,7.0095],[6.4162,7.0127],[6.423,7.0184],[6.4271,7.0235],[6.4366,7.0242],[6.4449,7.0236],[6.4547,7.0239],[6.4622,7.0245],[6.481,7.0267],[6.4888,7.0275],[6.4957,7.0272],[6.5011,7.0269],[6.5057,7.0279],[6.5101,7.0291],[6.5145,7.0289],[6.5201,7.0284],[6.5253,7.0284],[6.5295,7.0296],[6.5387,7.0348],[6.5437,7.0385],[6.5485,7.0421],[6.5544,7.0487],[6.5588,7.054],[6.5645,7.0543],[6.5706,7.0528],[6.576,7.0533],[6.5842,7.055],[6.5928,7.053]],[[6.4847,6.957],[6.4872,6.9529],[6.4959,6.9486],[6.499,6.9562],[6.5013,6.9638],[6.5048,6.9697],[6.5057,6.9759],[6.5049,6.9844],[6.5052,6.9885],[6.5066,6.9963],[6.5065,7.0016],[6.5049,7.0067],[6.4989,7.0066],[6.4948,7.0018],[6.4949,6.9967],[6.4901,6.9854],[6.4838,6.9809],[6.4777,6.9796],[6.4764,6.9737],[6.4798,6.9669],[6.4825,6.9625],[6.4847,6.957]],[[6.4904,6.9003],[6.5002,6.8996],[6.5099,6.9022],[6.5009,6.9072],[6.492,6.9134],[6.4904,6.9061],[6.4904,6.9003]],[[6.5096,6.8675],[6.5096,6.864],[6.5174,6.8643],[6.5174,6.8681],[6.5096,6.8675]],[[6.5086,6.8138],[6.5141,6.8149],[6.5147,6.8222],[6.5154,6.8264],[6.5196,6.8322],[6.5266,6.8358],[6.5307,6.8379],[6.5312,6.8434],[6.5237,6.8473],[6.5152,6.8476],[6.5106,6.844],[6.5086,6.8363],[6.5079,6.832],[6.5078,6.8279],[6.5053,6.815],[6.5086,6.8138]]]}},{"type":"Feature","properties":{"name":"Gilli-Gilli","designation":"Game Reserve","iucn":"IV","areaKm2":363.0,"status":"Designated","year":1960},"geometry":{"type":"Polygon","coordinates":[[[5.4184,6.1135],[5.4213,6.1062],[5.4257,6.0964],[5.4344,6.0788],[5.4383,6.0701],[5.4416,6.063],[5.4429,6.0583],[5.4358,6.0564],[5.4389,6.0467],[5.4417,6.0393],[5.4436,6.033],[5.4382,6.0335],[5.4338,6.0338],[5.4272,6.0308],[5.4224,6.0276],[5.4168,6.0199],[5.417,6.0131],[5.4203,6.0055],[5.4146,6.0022],[5.4098,6.0072],[5.4048,6.0136],[5.3973,6.0166],[5.3929,6.0169],[5.3801,6.0156],[5.3744,6.0155],[5.369,6.0162],[5.3614,6.0171],[5.3547,6.0173],[5.3495,6.017],[5.3442,6.0156],[5.3387,6.0148],[5.3341,6.0156],[5.3295,6.0174],[5.3249,6.0187],[5.3202,6.0189],[5.3142,6.0151],[5.3123,6.0078],[5.312,5.9992],[5.3142,5.9946],[5.3148,5.99],[5.3129,5.984],[5.3132,5.9785],[5.3189,5.9772],[5.3253,5.9782],[5.3294,5.9781],[5.332,5.9731],[5.3365,5.9693],[5.3383,5.963],[5.3312,5.9561],[5.3254,5.9521],[5.3214,5.9496],[5.3164,5.9456],[5.3115,5.9418],[5.3039,5.9349],[5.2999,5.9304],[5.2962,5.9259],[5.2902,5.9197],[5.2841,5.9193],[5.2769,5.9174],[5.2709,5.9167],[5.2674,5.9215],[5.2676,5.9301],[5.2674,5.9349],[5.2658,5.9394],[5.2561,5.9477],[5.2513,5.9556],[5.2493,5.9612],[5.2474,5.967],[5.2456,5.9732],[5.2443,5.9799],[5.2442,5.9857],[5.2448,5.9918],[5.246,5.9961],[5.2504,6.0024],[5.2535,6.008],[5.2566,6.0134],[5.2593,6.0195],[5.2617,6.0256],[5.2619,6.031],[5.2624,6.0365],[5.2647,6.0409],[5.2783,6.0499],[5.2825,6.0517],[5.2883,6.0594],[5.2894,6.0655],[5.2892,6.0705],[5.2838,6.0763],[5.275,6.0772],[5.2703,6.0784],[5.2657,6.0829],[5.2656,6.0882],[5.2747,6.0985],[5.2799,6.1062],[5.2809,6.1137],[5.279,6.119],[5.2771,6.1233],[5.2771,6.1299],[5.282,6.1359],[5.2895,6.1376],[5.3021,6.1365],[5.3151,6.1363],[5.3205,6.136],[5.3256,6.1361],[5.3318,6.1445],[5.3379,6.1354],[5.3462,6.1384],[5.355,6.141],[5.3636,6.1442],[5.3725,6.1472],[5.3786,6.1492],[5.3835,6.1501],[5.3883,6.1509],[5.3929,6.1509],[5.3999,6.1496],[5.4056,6.1439],[5.4073,6.1398],[5.4138,6.1248],[5.4184,6.1135]]]}},{"type":"Feature","properties":{"name":"Anambra","designation":"Game Reserve","iucn":"Not Reported","areaKm2":354.0,"status":"Proposed","year":0},"geometry":{"type":"Polygon","coordinates":[[[6.8707,6.5697],[6.8664,6.5678],[6.8595,6.5706],[6.8554,6.5769],[6.8525,6.5841],[6.8501,6.5918],[6.8449,6.6047],[6.8415,6.6193],[6.8391,6.6267],[6.8367,6.6348],[6.8345,6.6412],[6.8321,6.6473],[6.8297,6.6517],[6.8217,6.6557],[6.8154,6.6567],[6.8128,6.661],[6.815,6.6695],[6.8157,6.6758],[6.8167,6.6815],[6.8174,6.6863],[6.8183,6.6947],[6.825,6.7006],[6.8332,6.7047],[6.8516,6.7135],[6.8599,6.7189],[6.8765,6.7279],[6.9058,6.7449],[6.913,6.7487],[6.9177,6.749],[6.9225,6.7473],[6.929,6.7403],[6.9315,6.7318],[6.931,6.7269],[6.93,6.7204],[6.928,6.7141],[6.9268,6.708],[6.9265,6.7011],[6.9264,6.6952],[6.9259,6.6904],[6.9247,6.6847],[6.9248,6.6794],[6.927,6.6744],[6.9298,6.6703],[6.9314,6.6623],[6.9311,6.6578],[6.9297,6.6532],[6.9099,6.6419],[6.9057,6.6393],[6.9015,6.6359],[6.8977,6.6301],[6.895,6.6237],[6.8925,6.6156],[6.8906,6.6075],[6.889,6.5992],[6.888,6.5927],[6.8859,6.585],[6.8833,6.5799],[6.8792,6.5755],[6.8748,6.5716],[6.8707,6.5697]]]}},{"type":"Feature","properties":{"name":"Udi/Nsukka","designation":"Game Reserve","iucn":"Not Reported","areaKm2":56.0,"status":"Designated","year":1981},"geometry":{"type":"Polygon","coordinates":[[[7.2457,6.8954],[7.2497,6.8898],[7.2542,6.8671],[7.2547,6.8528],[7.2523,6.8297],[7.2541,6.8136],[7.2432,6.7848],[7.2298,6.769],[7.2194,6.7586],[7.2071,6.7479],[7.1929,6.7367],[7.1818,6.7347],[7.1711,6.7336],[7.1587,6.7362],[7.1423,6.7477],[7.1287,6.7596],[7.1221,6.7727],[7.1187,6.7861],[7.1226,6.8086],[7.1351,6.8291],[7.1446,6.8362],[7.1629,6.8454],[7.18,6.8478],[7.1889,6.8508],[7.1964,6.852],[7.2016,6.8592],[7.2051,6.8665],[7.2076,6.8734],[7.2109,6.8784],[7.2162,6.8847],[7.2233,6.8914],[7.2299,6.8954],[7.2373,6.8952],[7.2457,6.8954]]]}},{"type":"Feature","properties":{"name":"Stubbs Creek","designation":"Game Reserve","iucn":"Not Reported","areaKm2":100.0,"status":"Proposed","year":0},"geometry":{"type":"Polygon","coordinates":[[[8.2472,4.6307],[8.2508,4.6256],[8.2592,4.6268],[8.2698,4.6243],[8.2839,4.6265],[8.2895,4.6288],[8.294,4.6311],[8.2983,4.6327],[8.3023,4.6322],[8.3105,4.6308],[8.3146,4.6309],[8.3172,4.6265],[8.3175,4.6201],[8.3136,4.6158],[8.3075,4.6155],[8.3046,4.6108],[8.3056,4.6019],[8.3058,4.5978],[8.3038,4.592],[8.3002,4.5879],[8.2975,4.5836],[8.2944,4.5783],[8.2889,4.5762],[8.293,4.5733],[8.298,4.5731],[8.2922,4.565],[8.2868,4.5595],[8.2798,4.5488],[8.2819,4.5444],[8.2819,4.5402],[8.2754,4.5368],[8.2688,4.5364],[8.2647,4.5363],[8.2516,4.5369],[8.2473,4.5371],[8.2426,4.5368],[8.2376,4.537],[8.2329,4.5375],[8.2274,4.5386],[8.2209,4.5394],[8.2155,4.5389],[8.2053,4.54],[8.2001,4.5412],[8.1956,4.5414],[8.1861,4.5427],[8.1791,4.5426],[8.1725,4.5431],[8.1666,4.5428],[8.1567,4.5432],[8.1524,4.5438],[8.1477,4.5449],[8.1422,4.5451],[8.137,4.5451],[8.1316,4.5458],[8.126,4.5461],[8.121,4.5469],[8.116,4.5466],[8.1101,4.5457],[8.0984,4.5447],[8.0853,4.5446],[8.079,4.5439],[8.0672,4.5429],[8.0616,4.5426],[8.0564,4.5419],[8.0503,4.5413],[8.044,4.5408],[8.0331,4.5407],[8.0232,4.5417],[8.0187,4.5419],[8.0121,4.5421],[8.0056,4.5412],[8.0011,4.5392],[7.9959,4.5393],[7.9902,4.5434],[7.9895,4.549],[7.9894,4.5552],[7.9876,4.5597],[7.9844,4.5649],[7.9891,4.5719],[7.9947,4.5754],[8.0033,4.5819],[8.014,4.5915],[8.0196,4.6029],[8.0233,4.6085],[8.0272,4.613],[8.0319,4.6163],[8.0372,4.6185],[8.0455,4.6193],[8.0548,4.6181],[8.0648,4.6166],[8.0748,4.6162],[8.0941,4.617],[8.0983,4.6209],[8.1037,4.6217],[8.1085,4.6181],[8.1125,4.6207],[8.1172,4.6187],[8.1231,4.6169],[8.1282,4.6173],[8.1329,4.6205],[8.1373,4.6237],[8.1433,4.6248],[8.1505,4.625],[8.1577,4.625],[8.1728,4.626],[8.179,4.6221],[8.1834,4.618],[8.1878,4.6193],[8.1935,4.6181],[8.1999,4.6187],[8.2021,4.6227],[8.2028,4.6295],[8.2081,4.629],[8.2141,4.6287],[8.2199,4.6288],[8.227,4.6298],[8.2382,4.634],[8.2455,4.633],[8.2472,4.6307]]]}},{"type":"Feature","properties":{"name":"Ibi","designation":"Game Reserve","iucn":"Not Reported","areaKm2":1580.0,"status":"Designated","year":1972},"geometry":{"type":"Polygon","coordinates":[[[9.7853,8.245],[9.7772,8.2403],[9.7713,8.2371],[9.7648,8.2336],[9.7596,8.2333],[9.7546,8.2359],[9.7497,8.2394],[9.7451,8.2439],[9.7402,8.2381],[9.7351,8.2348],[9.7367,8.2421],[9.7417,8.2499],[9.7509,8.2558],[9.7572,8.2592],[9.7678,8.2645],[9.7743,8.2671],[9.7834,8.2751],[9.7945,8.2846],[9.8004,8.2891],[9.8075,8.2952],[9.8136,8.3005],[9.8202,8.3049],[9.8255,8.3081],[9.8322,8.3112],[9.8408,8.3137],[9.8479,8.3156],[9.8555,8.3188],[9.863,8.3212],[9.8705,8.3232],[9.8773,8.3245],[9.8837,8.3248],[9.8915,8.3238],[9.8989,8.3217],[9.8941,8.3199],[9.8891,8.3171],[9.8828,8.3141],[9.8763,8.3126],[9.8711,8.3091],[9.8664,8.3034],[9.8629,8.2984],[9.8562,8.2922],[9.8492,8.2876],[9.8409,8.2825],[9.8203,8.2675],[9.8117,8.2626],[9.8039,8.2573],[9.7974,8.2533],[9.7917,8.2501],[9.7853,8.245]]]}},{"type":"Feature","properties":{"name":"Pai River","designation":"Game Reserve","iucn":"Not Reported","areaKm2":2486.0,"status":"Designated","year":1972},"geometry":{"type":"Polygon","coordinates":[[[10.5682,9.5664],[10.5728,9.5495],[10.5771,9.5156],[10.5795,9.4905],[10.5739,9.4764],[10.5714,9.4713],[10.5648,9.4715],[10.5583,9.4744],[10.548,9.4761],[10.5433,9.4739],[10.538,9.4712],[10.5131,9.4719],[10.5046,9.4684],[10.4974,9.4611],[10.4953,9.4551],[10.4914,9.4497],[10.4824,9.4461],[10.4782,9.4463],[10.473,9.4457],[10.471,9.4656],[10.4678,9.4825],[10.4654,9.5062],[10.4644,9.5313],[10.4597,9.5435],[10.4606,9.5564],[10.4607,9.5617],[10.4698,9.5613],[10.4907,9.5729],[10.5018,9.5829],[10.5217,9.5908],[10.5396,9.5954],[10.5458,9.5962],[10.5534,9.5993],[10.5577,9.6039],[10.5595,9.6125],[10.564,9.6024],[10.5659,9.5942],[10.5684,9.5806],[10.5682,9.5664]]]}},{"type":"Feature","properties":{"name":"Lame-Burra","designation":"Game Reserve","iucn":"IV","areaKm2":2057.67,"status":"Designated","year":1972},"geometry":{"type":"Polygon","coordinates":[[[9.0376,10.6523],[9.0452,10.652],[9.0532,10.6522],[9.0662,10.6564],[9.0869,10.6664],[9.1153,10.6798],[9.1457,10.6984],[9.1717,10.7091],[9.19,10.7196],[9.2046,10.7298],[9.2255,10.7449],[9.2435,10.7573],[9.2595,10.7675],[9.2874,10.7814],[9.3195,10.7909],[9.3424,10.7952],[9.3542,10.7939],[9.3693,10.7923],[9.3946,10.7994],[9.416,10.8023],[9.425,10.8024],[9.4316,10.8012],[9.4398,10.7925],[9.4502,10.7791],[9.457,10.7727],[9.4688,10.7709],[9.4744,10.7707],[9.4873,10.773],[9.5209,10.7862],[9.5468,10.7941],[9.5618,10.8019],[9.5814,10.8072],[9.5766,10.7934],[9.5684,10.7793],[9.5621,10.773],[9.5396,10.7547],[9.5259,10.7426],[9.5143,10.7253],[9.5056,10.7075],[9.505,10.6921],[9.5097,10.6691],[9.5104,10.6145],[9.5069,10.5969],[9.5043,10.5895],[9.5008,10.5845],[9.4949,10.5796],[9.49,10.5742],[9.4816,10.5661],[9.4713,10.5558],[9.4667,10.5471],[9.4615,10.5347],[9.4569,10.512],[9.4525,10.4982],[9.447,10.4905],[9.445,10.4859],[9.4347,10.4765],[9.4212,10.47],[9.4112,10.4671],[9.3988,10.4657],[9.3903,10.4633],[9.3806,10.458],[9.3689,10.4473],[9.3596,10.4392],[9.3501,10.4377],[9.3435,10.438],[9.3365,10.4396],[9.3165,10.4492],[9.2847,10.4583],[9.2679,10.4622],[9.2602,10.4606],[9.2526,10.4581],[9.241,10.452],[9.2327,10.4448],[9.2255,10.4409],[9.2202,10.4392],[9.2136,10.4376],[9.2084,10.4392],[9.1945,10.4448],[9.1754,10.4651],[9.1628,10.4823],[9.1594,10.4913],[9.1554,10.5133],[9.1539,10.5484],[9.1522,10.5909],[9.1579,10.6177],[9.1611,10.6269],[9.1608,10.632],[9.1583,10.641],[9.1262,10.6296],[9.0712,10.6003],[9.0394,10.5846],[9.0171,10.5668],[8.989,10.5491],[8.9786,10.5476],[8.9681,10.5466],[8.9568,10.5484],[8.9294,10.5614],[8.8973,10.5747],[8.8798,10.5879],[8.8705,10.6064],[8.8626,10.6225],[8.8432,10.6479],[8.8311,10.6674],[8.8304,10.6763],[8.8307,10.6837],[8.8372,10.6942],[8.8471,10.7056],[8.8496,10.7106],[8.8498,10.7162],[8.8468,10.7247],[8.8383,10.7385],[8.8256,10.7539],[8.8048,10.7802],[8.7875,10.8009],[8.7642,10.8381],[8.7595,10.8532],[8.7578,10.8719],[8.7542,10.8798],[8.7416,10.9049],[8.7269,10.9253],[8.7135,10.9477],[8.6974,10.9648],[8.6806,10.9805],[8.6644,10.9915],[8.6448,10.9998],[8.636,11.006],[8.6313,11.0067],[8.6409,11.0116],[8.6741,11.0249],[8.7274,11.0451],[8.7795,11.0741],[8.7928,11.0872],[8.798,11.0935],[8.8065,11.0852],[8.82,11.0723],[8.8327,11.0566],[8.8454,11.0423],[8.8622,11.0199],[8.869,11.0014],[8.8767,10.9943],[8.8808,10.9759],[8.8765,10.949],[8.867,10.9218],[8.8623,10.9084],[8.8653,10.8999],[8.8726,10.8922],[8.9031,10.8711],[8.9162,10.865],[8.9245,10.8592],[8.9304,10.8534],[8.933,10.8467],[8.9347,10.8415],[8.9345,10.8341],[8.9336,10.8243],[8.9309,10.8025],[8.9299,10.7853],[8.9326,10.7688],[8.9382,10.7523],[8.9466,10.7385],[8.9661,10.7131],[8.9823,10.692],[9.0021,10.6769],[9.0228,10.6598],[9.0376,10.6523]]]}},{"type":"Feature","properties":{"name":"Dagida","designation":"Game Reserve","iucn":"IV","areaKm2":294.22,"status":"Designated","year":1971},"geometry":{"type":"Polygon","coordinates":[[[5.4912,9.7155],[5.5296,9.7051],[5.535,9.7199],[5.5706,9.7076],[5.6117,9.6972],[5.5836,9.5888],[5.5815,9.5791],[5.5329,9.5655],[5.4815,9.5533],[5.4926,9.5731],[5.4981,9.5916],[5.5027,9.6134],[5.4489,9.632],[5.3722,9.655],[5.3363,9.6672],[5.3347,9.6905],[5.3368,9.7035],[5.3441,9.7183],[5.3586,9.7441],[5.3773,9.7656],[5.4134,9.7558],[5.4466,9.7483],[5.443,9.7292],[5.4912,9.7155]]]}},{"type":"Feature","properties":{"name":"Alawa","designation":"National Park","iucn":"Not Reported","areaKm2":296.0,"status":"Designated","year":2020},"geometry":{"type":"Polygon","coordinates":[[[6.5736,10.107],[6.5566,10.106],[6.5361,10.1171],[6.5241,10.1281],[6.5172,10.1357],[6.5104,10.1461],[6.5054,10.1546],[6.5014,10.1644],[6.4964,10.1757],[6.4911,10.1903],[6.4867,10.203],[6.4832,10.2156],[6.4762,10.2391],[6.4772,10.2437],[6.4794,10.2571],[6.4825,10.2687],[6.4832,10.2822],[6.4863,10.2943],[6.4873,10.3147],[6.485,10.3604],[6.4828,10.4313],[6.4892,10.4875],[6.4983,10.5349],[6.5089,10.564],[6.5182,10.5778],[6.5268,10.5841],[6.5326,10.5873],[6.5383,10.5885],[6.5519,10.585],[6.5589,10.5806],[6.563,10.5768],[6.5691,10.5711],[6.575,10.5612],[6.5798,10.5471],[6.5847,10.5311],[6.5854,10.5195],[6.5862,10.4947],[6.5869,10.4444],[6.5838,10.4105],[6.5928,10.3711],[6.6053,10.3201],[6.6198,10.2904],[6.6295,10.265],[6.6399,10.2429],[6.6444,10.2335],[6.6512,10.2217],[6.6562,10.2123],[6.6588,10.2043],[6.6595,10.1931],[6.6593,10.1861],[6.6547,10.1704],[6.6497,10.1561],[6.6418,10.1446],[6.6326,10.1332],[6.624,10.1264],[6.6058,10.1165],[6.5944,10.1117],[6.5736,10.107]]]}},{"type":"Feature","properties":{"name":"Sambisa","designation":"Game Reserve","iucn":"Not Reported","areaKm2":686.0,"status":"Designated","year":1978},"geometry":{"type":"Polygon","coordinates":[[[12.8881,11.3097],[12.8795,11.3096],[12.8743,11.3098],[12.8691,11.3109],[12.8641,11.3153],[12.8605,11.3205],[12.8565,11.3272],[12.8526,11.3358],[12.8471,11.343],[12.8416,11.3479],[12.8342,11.3524],[12.8248,11.3551],[12.813,11.3578],[12.7776,11.3629],[12.765,11.368],[12.7581,11.3725],[12.7522,11.3811],[12.7529,11.3877],[12.7542,11.3951],[12.7634,11.412],[12.7772,11.4265],[12.7902,11.4414],[12.8274,11.483],[12.8415,11.503],[12.8466,11.5126],[12.8501,11.5176],[12.8552,11.5244],[12.8593,11.5341],[12.8616,11.5438],[12.8635,11.5554],[12.8646,11.5704],[12.8664,11.582],[12.8655,11.5956],[12.8673,11.603],[12.8696,11.6146],[12.8719,11.6243],[12.8735,11.6284],[12.8785,11.6362],[12.883,11.6407],[12.8907,11.6441],[12.8993,11.6452],[12.9069,11.6454],[12.9145,11.6437],[12.9265,11.6348],[12.9306,11.6291],[12.9372,11.6176],[12.9411,11.6072],[12.9425,11.5954],[12.9434,11.58],[12.943,11.5594],[12.9424,11.5445],[12.9439,11.5332],[12.9451,11.5145],[12.9471,11.5055],[12.9497,11.4989],[12.9545,11.4898],[12.9628,11.4811],[12.9823,11.471],[13.0002,11.4656],[13.0072,11.464],[13.0161,11.4594],[13.0239,11.4526],[13.0274,11.4459],[13.0291,11.4407],[13.0298,11.4355],[13.0286,11.429],[13.0269,11.4212],[13.0227,11.412],[13.0124,11.4021],[12.9982,11.3933],[12.9655,11.3829],[12.9475,11.3719],[12.9371,11.362],[12.9196,11.3379],[12.9085,11.3211],[12.9001,11.3139],[12.8948,11.3122],[12.8881,11.3097]]]}},{"type":"Feature","properties":{"name":"Baturiya Wetlands","designation":"Game Reserve","iucn":"IV","areaKm2":297.0,"status":"Designated","year":1976},"geometry":{"type":"Polygon","coordinates":[[[10.5547,12.6404],[10.559,12.6403],[10.5682,12.6433],[10.5769,12.6482],[10.5841,12.6495],[10.5902,12.646],[10.5935,12.6417],[10.5941,12.6305],[10.5958,12.6042],[10.5908,12.5772],[10.586,12.5605],[10.5778,12.5378],[10.5657,12.5152],[10.5587,12.5036],[10.5498,12.4922],[10.5361,12.4789],[10.5283,12.4707],[10.516,12.4575],[10.5057,12.4493],[10.4989,12.4415],[10.488,12.4282],[10.4845,12.4218],[10.4761,12.4126],[10.4703,12.4081],[10.4621,12.4041],[10.4457,12.3975],[10.4303,12.3927],[10.4101,12.3881],[10.3872,12.3868],[10.3552,12.3889],[10.3255,12.385],[10.3063,12.3803],[10.2943,12.3768],[10.2836,12.3705],[10.277,12.3712],[10.2705,12.3797],[10.2561,12.3955],[10.2515,12.4036],[10.2488,12.4078],[10.2523,12.4162],[10.2582,12.4212],[10.2844,12.4575],[10.3018,12.5044],[10.3083,12.5154],[10.3377,12.5461],[10.3637,12.5716],[10.3881,12.5917],[10.407,12.6019],[10.4215,12.6086],[10.4331,12.6149],[10.4457,12.6225],[10.4559,12.6288],[10.4647,12.6347],[10.4705,12.6392],[10.4847,12.6506],[10.4925,12.656],[10.4978,12.6577],[10.5026,12.6595],[10.5103,12.6612],[10.5194,12.6609],[10.5241,12.6594],[10.5283,12.6556],[10.5326,12.654],[10.5377,12.6478],[10.5433,12.6439],[10.5495,12.6415],[10.5547,12.6404]]]}},{"type":"Feature","properties":{"name":"Gashaka-Gumti","designation":"National Park","iucn":"II","areaKm2":6730.0,"status":"Designated","year":1991},"geometry":{"type":"Polygon","coordinates":[[[11.8819,7.3237],[11.8809,7.3156],[11.8763,7.3096],[11.8716,7.304],[11.8664,7.2975],[11.8594,7.2889],[11.8528,7.2809],[11.8461,7.274],[11.8393,7.2671],[11.8328,7.2602],[11.8253,7.2567],[11.8187,7.2537],[11.8121,7.2481],[11.8121,7.2396],[11.8189,7.2398],[11.8225,7.235],[11.833,7.235],[11.8421,7.2354],[11.8514,7.2356],[11.8535,7.2262],[11.8467,7.2207],[11.8399,7.2156],[11.8381,7.21],[11.8366,7.2059],[11.8357,7.2005],[11.8349,7.1927],[11.8348,7.187],[11.8347,7.1822],[11.8393,7.1763],[11.8438,7.1696],[11.8426,7.1642],[11.8411,7.1587],[11.8459,7.1523],[11.8504,7.1464],[11.8534,7.1407],[11.8559,7.1351],[11.8579,7.131],[11.8625,7.1259],[11.8691,7.1187],[11.8705,7.1138],[11.873,7.1078],[11.8718,7.0995],[11.8704,7.0885],[11.8582,7.0889],[11.8482,7.093],[11.84,7.0935],[11.8352,7.0904],[11.8314,7.0828],[11.8266,7.0799],[11.818,7.082],[11.8102,7.0842],[11.8013,7.0818],[11.797,7.0761],[11.7923,7.0699],[11.7875,7.0631],[11.7841,7.0583],[11.7772,7.0527],[11.7648,7.055],[11.7555,7.0578],[11.7438,7.0611],[11.7342,7.0637],[11.7242,7.0615],[11.7139,7.0592],[11.7088,7.0561],[11.71,7.0514],[11.711,7.0474],[11.7181,7.04],[11.7181,7.0349],[11.7099,7.0329],[11.7019,7.0315],[11.6947,7.027],[11.6874,7.0227],[11.6822,7.0175],[11.6737,7.0053],[11.6655,7.0025],[11.661,6.9992],[11.6613,6.9916],[11.6532,6.9914],[11.643,6.9912],[11.6381,6.9912],[11.6315,6.9869],[11.6273,6.9823],[11.6219,6.9768],[11.6199,6.9668],[11.6211,6.9605],[11.6217,6.9553],[11.619,6.9506],[11.6156,6.9452],[11.6084,6.9513],[11.6015,6.9551],[11.594,6.9574],[11.5851,6.9602],[11.5749,6.9629],[11.569,6.9651],[11.5642,6.9684],[11.5578,6.9689],[11.5525,6.9714],[11.5463,6.9751],[11.5409,6.9801],[11.5378,6.9842],[11.5341,6.989],[11.5284,6.9981],[11.5244,7.0053],[11.5236,7.0099],[11.5183,7.0128],[11.5107,7.0147],[11.5044,7.0176],[11.4976,7.0216],[11.4875,7.028],[11.4799,7.0315],[11.4759,7.0328],[11.4706,7.0342],[11.4641,7.0362],[11.4574,7.0385],[11.4516,7.0404],[11.4472,7.0441],[11.4427,7.0529],[11.4371,7.0551],[11.4317,7.0597],[11.4273,7.0647],[11.4203,7.0699],[11.4175,7.0746],[11.4134,7.0829],[11.4114,7.0902],[11.4042,7.0939],[11.3946,7.0944],[11.3896,7.096],[11.383,7.0977],[11.3787,7.0986],[11.3717,7.0996],[11.3675,7.1019],[11.3668,7.107],[11.3614,7.1094],[11.3556,7.1083],[11.3516,7.1057],[11.3475,7.1036],[11.3418,7.1026],[11.3376,7.105],[11.3333,7.1089],[11.3275,7.1114],[11.3229,7.1138],[11.317,7.1183],[11.3135,7.1227],[11.3109,7.1269],[11.3054,7.1304],[11.3013,7.1347],[11.2965,7.1389],[11.2916,7.143],[11.288,7.1477],[11.2853,7.1518],[11.2796,7.152],[11.2748,7.1526],[11.2699,7.1555],[11.2648,7.1573],[11.2603,7.1605],[11.2556,7.1619],[11.2515,7.1619],[11.2457,7.1647],[11.2406,7.168],[11.2361,7.1738],[11.2319,7.1773],[11.2254,7.1774],[11.2213,7.1785],[11.217,7.1792],[11.2126,7.1824],[11.2087,7.1889],[11.206,7.1935],[11.2025,7.1981],[11.1974,7.2041],[11.1941,7.209],[11.1895,7.2141],[11.1854,7.2182],[11.181,7.2227],[11.1775,7.2277],[11.1747,7.2317],[11.1703,7.237],[11.1694,7.2423],[11.1698,7.247],[11.168,7.2516],[11.1677,7.257],[11.1684,7.2611],[11.1678,7.2676],[11.1689,7.2729],[11.1691,7.2781],[11.1664,7.2832],[11.1655,7.288],[11.171,7.2905],[11.1765,7.2932],[11.1819,7.2975],[11.1862,7.2992],[11.1917,7.3031],[11.1966,7.3057],[11.2007,7.3064],[11.2061,7.3074],[11.2106,7.3101],[11.2139,7.3142],[11.2187,7.3171],[11.223,7.3187],[11.2275,7.3225],[11.2317,7.3247],[11.236,7.3267],[11.2402,7.3283],[11.2444,7.3296],[11.2488,7.3302],[11.2529,7.3315],[11.2567,7.3357],[11.2609,7.3377],[11.2656,7.3386],[11.2699,7.3387],[11.2744,7.3394],[11.278,7.3435],[11.2799,7.3476],[11.2819,7.3518],[11.2844,7.356],[11.2867,7.36],[11.2898,7.3646],[11.2912,7.3688],[11.2919,7.3729],[11.2928,7.3771],[11.2927,7.3816],[11.2925,7.3856],[11.293,7.3898],[11.2954,7.3941],[11.2998,7.3965],[11.3037,7.4005],[11.3039,7.4053],[11.3038,7.4097],[11.3079,7.4109],[11.3126,7.4111],[11.316,7.4155],[11.3163,7.4195],[11.3206,7.4229],[11.3248,7.4259],[11.3297,7.4277],[11.3341,7.4302],[11.3383,7.432],[11.3426,7.4335],[11.3468,7.4345],[11.3512,7.4352],[11.3566,7.4371],[11.3588,7.4418],[11.3592,7.4458],[11.3629,7.4504],[11.367,7.45],[11.3713,7.449],[11.3771,7.4504],[11.3829,7.4542],[11.3874,7.4568],[11.3915,7.4535],[11.3968,7.4516],[11.4026,7.4484],[11.4088,7.4463],[11.4139,7.442],[11.4185,7.4367],[11.4216,7.4313],[11.4233,7.4251],[11.4247,7.4192],[11.4264,7.4142],[11.4266,7.4102],[11.4306,7.4057],[11.4355,7.4041],[11.4396,7.4022],[11.4452,7.3988],[11.4504,7.3962],[11.4555,7.3933],[11.4606,7.3891],[11.4651,7.3846],[11.4689,7.3792],[11.4722,7.374],[11.4751,7.3698],[11.4784,7.3652],[11.481,7.361],[11.483,7.3551],[11.4889,7.353],[11.4936,7.3538],[11.498,7.3553],[11.502,7.3597],[11.5023,7.3647],[11.5012,7.3693],[11.4962,7.3736],[11.4956,7.3777],[11.4953,7.383],[11.4961,7.3887],[11.497,7.3946],[11.4985,7.4],[11.4984,7.4046],[11.4954,7.4099],[11.494,7.4142],[11.4942,7.4183],[11.496,7.4242],[11.4971,7.4285],[11.4985,7.4334],[11.5019,7.4378],[11.5061,7.4431],[11.5073,7.4492],[11.5084,7.4547],[11.5097,7.4596],[11.509,7.4651],[11.5107,7.4701],[11.5142,7.475],[11.5171,7.4796],[11.521,7.485],[11.5253,7.4901],[11.5283,7.4948],[11.5322,7.5004],[11.5354,7.5052],[11.5383,7.5101],[11.5406,7.5146],[11.5424,7.5201],[11.5455,7.5249],[11.5453,7.5304],[11.5455,7.5363],[11.5469,7.5421],[11.5461,7.5476],[11.5458,7.5532],[11.5474,7.5589],[11.5479,7.5648],[11.5487,7.5711],[11.549,7.5767],[11.548,7.5824],[11.5455,7.5875],[11.5459,7.5916],[11.5474,7.5976],[11.5495,7.6016],[11.5486,7.6078],[11.5492,7.6121],[11.5507,7.6162],[11.5515,7.6203],[11.5525,7.6264],[11.5526,7.6307],[11.5551,7.6366],[11.5579,7.6423],[11.5608,7.6468],[11.5617,7.6529],[11.5626,7.6571],[11.5633,7.6611],[11.5668,7.6662],[11.5706,7.6714],[11.5753,7.6758],[11.5803,7.6793],[11.5859,7.6829],[11.5896,7.6872],[11.5879,7.6935],[11.5879,7.6994],[11.5875,7.704],[11.5877,7.7082],[11.5901,7.7126],[11.5905,7.7184],[11.5936,7.7235],[11.5977,7.7275],[11.6019,7.7319],[11.6064,7.736],[11.6141,7.7416],[11.6224,7.7437],[11.6314,7.7432],[11.6362,7.7435],[11.644,7.747],[11.6495,7.7539],[11.6514,7.758],[11.6534,7.7622],[11.6575,7.77],[11.6594,7.7743],[11.6655,7.7805],[11.6697,7.7824],[11.678,7.7853],[11.6857,7.79],[11.6899,7.792],[11.6963,7.7967],[11.7025,7.803],[11.7071,7.8106],[11.7092,7.8146],[11.711,7.8187],[11.7153,7.8265],[11.7197,7.8353],[11.7234,7.8421],[11.7252,7.8463],[11.7272,7.8511],[11.7281,7.8589],[11.7277,7.8673],[11.7276,7.8724],[11.7269,7.8768],[11.7267,7.8815],[11.727,7.886],[11.7272,7.8903],[11.728,7.8955],[11.7305,7.9032],[11.7319,7.9075],[11.7399,7.9162],[11.7446,7.9175],[11.7528,7.9118],[11.757,7.9117],[11.7613,7.9119],[11.7698,7.9089],[11.7742,7.908],[11.7784,7.9077],[11.7827,7.9073],[11.7872,7.9087],[11.7915,7.9091],[11.796,7.9087],[11.8006,7.9091],[11.8062,7.909],[11.8164,7.9061],[11.8227,7.9053],[11.8271,7.9041],[11.8317,7.9045],[11.8359,7.9057],[11.843,7.9102],[11.8472,7.9111],[11.8516,7.9102],[11.8561,7.9103],[11.8607,7.9106],[11.8649,7.9113],[11.8693,7.9115],[11.8738,7.9107],[11.8782,7.9113],[11.88,7.9154],[11.8837,7.9235],[11.8894,7.9307],[11.8979,7.933],[11.9022,7.94],[11.9038,7.9445],[11.9088,7.9518],[11.9161,7.9568],[11.9205,7.9584],[11.9288,7.96],[11.9333,7.9587],[11.9409,7.9551],[11.9453,7.9561],[11.9494,7.9583],[11.9566,7.9622],[11.9649,7.9655],[11.9693,7.9659],[11.9765,7.9715],[11.9834,7.978],[11.9898,7.9834],[11.993,7.99],[11.994,7.9942],[11.9939,7.9987],[11.9946,8.0031],[11.9939,8.0075],[11.9952,8.0116],[11.9959,8.0161],[11.9976,8.0202],[11.9983,8.0251],[11.9996,8.0331],[12.0011,8.0371],[12.0014,8.0417],[12.0075,8.0483],[12.0093,8.0524],[12.0155,8.0587],[12.0165,8.0631],[12.017,8.0675],[12.0185,8.0759],[12.025,8.0817],[12.0291,8.0809],[12.0336,8.0806],[12.038,8.0804],[12.0468,8.0801],[12.0511,8.08],[12.0555,8.0796],[12.0599,8.0793],[12.0662,8.0736],[12.0724,8.0674],[12.0742,8.0632],[12.08,8.0552],[12.0865,8.0508],[12.0907,8.0492],[12.0949,8.0476],[12.1031,8.0442],[12.1072,8.0422],[12.1118,8.0408],[12.1169,8.04],[12.121,8.0379],[12.1272,8.0319],[12.133,8.0254],[12.14,8.0199],[12.1454,8.013],[12.1504,8.0055],[12.1565,7.9989],[12.1608,7.9983],[12.1691,7.9958],[12.177,7.9922],[12.1812,7.9903],[12.1857,7.9906],[12.193,7.9864],[12.2001,7.9809],[12.2065,7.976],[12.208,7.9688],[12.2029,7.9641],[12.1987,7.962],[12.1934,7.959],[12.1936,7.9532],[12.1918,7.9466],[12.1942,7.9412],[12.1891,7.9374],[12.1834,7.9376],[12.1791,7.9288],[12.1728,7.926],[12.1691,7.9176],[12.1632,7.9131],[12.1623,7.9048],[12.1592,7.8993],[12.1532,7.8946],[12.1457,7.8881],[12.1392,7.8818],[12.1339,7.8765],[12.1274,7.8709],[12.1212,7.8653],[12.1168,7.8617],[12.1122,7.8585],[12.1072,7.8549],[12.1021,7.8514],[12.0946,7.846],[12.0911,7.8408],[12.0866,7.8347],[12.084,7.8266],[12.0804,7.8171],[12.0774,7.8083],[12.0705,7.8036],[12.0635,7.7985],[12.063,7.7906],[12.0626,7.7835],[12.0569,7.7796],[12.051,7.7749],[12.0519,7.7671],[12.0533,7.7609],[12.0481,7.7543],[12.0412,7.7449],[12.0319,7.7325],[12.0291,7.7222],[12.029,7.7157],[12.0285,7.7077],[12.0294,7.7022],[12.0301,7.695],[12.027,7.6865],[12.0266,7.6765],[12.0265,7.6691],[12.0198,7.6683],[12.0128,7.6672],[12.0079,7.6645],[12.0087,7.6583],[12.0094,7.6537],[12.0122,7.6466],[12.0155,7.6386],[12.0163,7.632],[12.0173,7.6246],[12.016,7.6159],[12.015,7.6089],[12.0159,7.602],[12.0169,7.5957],[12.0161,7.5886],[12.0151,7.5806],[12.0174,7.5735],[12.0193,7.5659],[12.0198,7.5538],[12.0203,7.5412],[12.027,7.5341],[12.0337,7.5273],[12.0289,7.5229],[12.024,7.5184],[12.0167,7.5145],[12.0059,7.5078],[11.9957,7.502],[11.9877,7.4973],[11.9826,7.4932],[11.978,7.4894],[11.9737,7.4834],[11.9694,7.4775],[11.9681,7.471],[11.9672,7.4645],[11.9671,7.4567],[11.9665,7.4482],[11.9664,7.4401],[11.9617,7.4351],[11.9526,7.4335],[11.9453,7.4284],[11.9443,7.4225],[11.9429,7.417],[11.9443,7.4116],[11.9458,7.4065],[11.9448,7.3979],[11.942,7.3926],[11.9397,7.3878],[11.9357,7.383],[11.926,7.3786],[11.9178,7.3746],[11.9128,7.368],[11.9076,7.3614],[11.9036,7.3559],[11.8951,7.3507],[11.893,7.3457],[11.8871,7.3374],[11.8828,7.328],[11.8819,7.3237]]]}},{"type":"Feature","properties":{"name":"Kamuku","designation":"National Park","iucn":"II","areaKm2":1211.3,"status":"Designated","year":1999},"geometry":{"type":"Polygon","coordinates":[[[6.2997,10.8605],[6.3055,10.8611],[6.3115,10.8684],[6.3244,10.8741],[6.3299,10.8734],[6.336,10.8723],[6.3423,10.8715],[6.3482,10.8714],[6.3543,10.8716],[6.3609,10.8718],[6.3693,10.8722],[6.3768,10.8704],[6.382,10.8679],[6.3867,10.8659],[6.3924,10.8634],[6.3968,10.8616],[6.4022,10.8602],[6.4129,10.867],[6.419,10.8721],[6.4233,10.8754],[6.4251,10.8603],[6.4242,10.8507],[6.4117,10.8328],[6.4082,10.8278],[6.4017,10.8064],[6.3993,10.7959],[6.3937,10.7867],[6.396,10.7757],[6.3988,10.7674],[6.4003,10.7616],[6.3995,10.7571],[6.3962,10.7426],[6.3931,10.7339],[6.391,10.7292],[6.3827,10.7255],[6.379,10.7186],[6.3569,10.7164],[6.3391,10.7176],[6.3326,10.7179],[6.3124,10.7291],[6.2812,10.7452],[6.2606,10.745],[6.2596,10.7335],[6.2571,10.7265],[6.2446,10.722],[6.2287,10.7183],[6.214,10.7138],[6.2014,10.7111],[6.1985,10.7253],[6.1957,10.7407],[6.1938,10.7522],[6.1947,10.7636],[6.1963,10.7766],[6.1979,10.788],[6.1994,10.7971],[6.1979,10.8092],[6.1962,10.8169],[6.1959,10.822],[6.1998,10.8316],[6.2065,10.8458],[6.2184,10.8532],[6.2321,10.8617],[6.2402,10.87],[6.246,10.8765],[6.2514,10.8753],[6.2557,10.8732],[6.2602,10.8703],[6.2645,10.8663],[6.2732,10.8637],[6.2781,10.8631],[6.2824,10.863],[6.2877,10.8621],[6.2997,10.8605]],[[6.3086,10.8472],[6.3093,10.8398],[6.3147,10.8398],[6.3259,10.8404],[6.3391,10.8408],[6.3411,10.8457],[6.344,10.8542],[6.3379,10.8546],[6.3339,10.8539],[6.3287,10.853],[6.3234,10.8524],[6.3185,10.8525],[6.3142,10.8536],[6.3076,10.8555],[6.308,10.8506],[6.3086,10.8472]]]}},{"type":"Feature","properties":{"name":"Falgore (Kogin Kano)","designation":"National Park","iucn":"IV","areaKm2":920.0,"status":"Designated","year":2020},"geometry":{"type":"Polygon","coordinates":[[[8.6391,11.1894],[8.6483,11.1864],[8.6556,11.1877],[8.6617,11.1946],[8.6658,11.2037],[8.6681,11.2144],[8.6667,11.2261],[8.6635,11.2353],[8.6606,11.2464],[8.6627,11.2523],[8.6693,11.2567],[8.6756,11.2604],[8.6762,11.2684],[8.6716,11.2753],[8.6619,11.2789],[8.6515,11.2805],[8.6423,11.2851],[8.635,11.294],[8.6287,11.3063],[8.623,11.315],[8.6195,11.3216],[8.6273,11.3211],[8.6368,11.3198],[8.642,11.3187],[8.6466,11.3171],[8.6563,11.3075],[8.6622,11.3012],[8.6742,11.2919],[8.6895,11.2798],[8.695,11.274],[8.7037,11.2658],[8.7105,11.2576],[8.7118,11.2533],[8.7149,11.2458],[8.7191,11.2316],[8.7199,11.2264],[8.7197,11.2213],[8.7162,11.2168],[8.7147,11.2122],[8.7121,11.1926],[8.7146,11.1841],[8.7117,11.18],[8.7043,11.1733],[8.7022,11.1668],[8.7029,11.1607],[8.7071,11.1583],[8.7127,11.1567],[8.7212,11.1545],[8.7324,11.1509],[8.7404,11.1478],[8.7487,11.1424],[8.7533,11.138],[8.7584,11.1323],[8.7634,11.126],[8.768,11.1235],[8.7727,11.122],[8.7783,11.1213],[8.7849,11.1192],[8.7901,11.1186],[8.7953,11.1165],[8.7988,11.1089],[8.8015,11.1047],[8.8004,11.1005],[8.7987,11.0945],[8.7928,11.0872],[8.7795,11.0741],[8.7274,11.0451],[8.6741,11.0249],[8.6409,11.0116],[8.6236,11.0028],[8.6153,10.9979],[8.6072,10.9949],[8.5944,10.994],[8.5873,10.9951],[8.5803,10.9991],[8.5752,11.0025],[8.5698,11.0092],[8.5667,11.0163],[8.5627,11.0235],[8.5549,11.0443],[8.5464,11.0889],[8.5431,11.1175],[8.5445,11.1599],[8.551,11.2096],[8.5508,11.2619],[8.5472,11.3087],[8.5451,11.3298],[8.5574,11.3235],[8.5642,11.318],[8.5706,11.31],[8.576,11.302],[8.5827,11.2913],[8.5887,11.2801],[8.5945,11.2669],[8.5977,11.257],[8.5963,11.2459],[8.59,11.2392],[8.5829,11.2301],[8.5803,11.2203],[8.5863,11.2118],[8.5946,11.2083],[8.6058,11.2077],[8.6144,11.2061],[8.6214,11.2015],[8.6291,11.1948],[8.6391,11.1894]]]}},{"type":"Feature","properties":{"name":"Kambari","designation":"Game Reserve","iucn":"IV","areaKm2":414.0,"status":"Designated","year":1969},"geometry":{"type":"Polygon","coordinates":[[[10.6147,8.6977],[10.6086,8.6952],[10.603,8.691],[10.5985,8.6885],[10.5897,8.6845],[10.5746,8.6764],[10.5669,8.674],[10.5607,8.6753],[10.5459,8.6751],[10.5391,8.6768],[10.5318,8.6803],[10.5249,8.685],[10.5081,8.6954],[10.5006,8.6968],[10.4915,8.6962],[10.4802,8.6941],[10.4682,8.6923],[10.4604,8.6908],[10.4529,8.6932],[10.4424,8.6944],[10.4336,8.6932],[10.4276,8.6845],[10.43,8.6773],[10.4296,8.673],[10.4283,8.6662],[10.421,8.6706],[10.4174,8.6783],[10.4129,8.6809],[10.4043,8.6814],[10.3988,8.7037],[10.3996,8.7153],[10.4025,8.7203],[10.4116,8.7261],[10.4205,8.7287],[10.4319,8.733],[10.4437,8.7374],[10.455,8.7403],[10.464,8.7452],[10.4842,8.7493],[10.5031,8.7558],[10.5182,8.7601],[10.5295,8.7631],[10.5455,8.7668],[10.5549,8.7698],[10.5667,8.7737],[10.5786,8.7785],[10.5885,8.7815],[10.6112,8.792],[10.6221,8.7982],[10.6335,8.804],[10.6416,8.8089],[10.6479,8.8166],[10.6538,8.8257],[10.6567,8.8298],[10.6587,8.8354],[10.6622,8.8459],[10.6669,8.8635],[10.6682,8.8773],[10.6715,8.8935],[10.6756,8.9064],[10.68,8.9146],[10.6867,8.9191],[10.6928,8.9213],[10.7032,8.9242],[10.7149,8.9249],[10.7281,8.9268],[10.7398,8.9261],[10.7487,8.9249],[10.7607,8.9209],[10.7677,8.9174],[10.7744,8.907],[10.7747,8.9024],[10.7745,8.8954],[10.7736,8.8774],[10.7718,8.865],[10.7634,8.849],[10.7564,8.8352],[10.7481,8.822],[10.7403,8.8116],[10.7301,8.7998],[10.7212,8.7819],[10.7104,8.7655],[10.7011,8.751],[10.6939,8.7423],[10.6881,8.7365],[10.6762,8.7285],[10.663,8.7211],[10.6592,8.7164],[10.6412,8.708],[10.6323,8.7038],[10.6235,8.7003],[10.6147,8.6977]]]}},{"type":"Feature","properties":{"name":"Kashimbila","designation":"Game Reserve","iucn":"IV","areaKm2":1396.0,"status":"Designated","year":1977},"geometry":{"type":"Polygon","coordinates":[[[10.1158,7.0072],[10.1101,7.004],[10.1047,6.998],[10.1006,6.993],[10.0954,6.9875],[10.0895,6.9827],[10.0807,6.978],[10.0744,6.9737],[10.0688,6.9674],[10.062,6.9605],[10.0563,6.9553],[10.0511,6.9494],[10.0453,6.9439],[10.0385,6.9383],[10.0272,6.9301],[10.0227,6.9283],[10.017,6.9192],[10.0145,6.9142],[10.0118,6.909],[10.0023,6.9047],[9.9935,6.8993],[9.9879,6.894],[9.9775,6.8861],[9.9712,6.8795],[9.9675,6.8752],[9.9648,6.8697],[9.9619,6.8643],[9.9581,6.8564],[9.9538,6.8509],[9.9461,6.8448],[9.9364,6.8373],[9.9318,6.8335],[9.9226,6.8269],[9.914,6.8187],[9.9075,6.8142],[9.9005,6.8003],[9.8958,6.7934],[9.8892,6.787],[9.8813,6.7806],[9.8768,6.7772],[9.8725,6.7781],[9.8634,6.783],[9.8541,6.7851],[9.8464,6.7852],[9.8387,6.7857],[9.8315,6.7857],[9.8247,6.787],[9.8186,6.7876],[9.8143,6.7885],[9.8059,6.793],[9.8023,6.7887],[9.7959,6.7901],[9.7916,6.7943],[9.785,6.7975],[9.7796,6.7972],[9.7774,6.7889],[9.7751,6.778],[9.7726,6.7728],[9.7683,6.7667],[9.769,6.7626],[9.774,6.7571],[9.7704,6.7497],[9.7634,6.7429],[9.7596,6.7381],[9.7589,6.7339],[9.7587,6.7295],[9.7587,6.7246],[9.7585,6.7187],[9.7577,6.7139],[9.7556,6.7092],[9.7552,6.7043],[9.7572,6.6999],[9.7597,6.6959],[9.7563,6.6918],[9.7577,6.6775],[9.7573,6.6734],[9.7551,6.664],[9.7542,6.658],[9.7481,6.6526],[9.7452,6.6483],[9.7422,6.6401],[9.7407,6.6358],[9.7394,6.6243],[9.7378,6.62],[9.7342,6.6157],[9.7317,6.6107],[9.7297,6.606],[9.7285,6.6019],[9.7276,6.5978],[9.7265,6.5919],[9.7263,6.5858],[9.7254,6.5808],[9.723,6.5738],[9.7214,6.5668],[9.7201,6.5611],[9.7181,6.5555],[9.7154,6.5494],[9.7133,6.5417],[9.7102,6.5284],[9.7089,6.5229],[9.7077,6.5188],[9.7021,6.5157],[9.6969,6.5134],[9.6914,6.5183],[9.6847,6.5149],[9.6767,6.5165],[9.672,6.514],[9.6672,6.5125],[9.662,6.5189],[9.6588,6.5287],[9.6559,6.5607],[9.6576,6.5919],[9.6691,6.6372],[9.6802,6.6736],[9.6866,6.708],[9.692,6.7267],[9.692,6.7382],[9.6905,6.7475],[9.689,6.7559],[9.6888,6.7633],[9.6891,6.7706],[9.6903,6.7761],[9.6943,6.7843],[9.699,6.7975],[9.7093,6.8252],[9.7326,6.864],[9.7532,6.8913],[9.7795,6.924],[9.8105,6.9583],[9.8519,6.9945],[9.9101,7.0458],[9.9736,7.0801],[10.0015,7.0933],[10.0198,7.0981],[10.0439,7.0967],[10.0645,7.0926],[10.0816,7.09],[10.0958,7.0844],[10.1062,7.0793],[10.1175,7.0719],[10.1264,7.0641],[10.1299,7.0575],[10.1328,7.0505],[10.1344,7.043],[10.1341,7.0361],[10.1346,7.0255],[10.1307,7.0191],[10.1262,7.0159],[10.1189,7.0102],[10.1158,7.0072]]]}},{"type":"Feature","properties":{"name":"Meko","designation":"Game Reserve","iucn":"Not Reported","areaKm2":966.1,"status":"Proposed","year":0},"geometry":{"type":"Polygon","coordinates":[[[2.8457,7.9455],[2.8587,7.9426],[2.8665,7.9395],[2.8746,7.9369],[2.8788,7.9348],[2.8913,7.9334],[2.8887,7.9285],[2.8847,7.9262],[2.8804,7.9211],[2.8773,7.9167],[2.8732,7.9101],[2.8704,7.9039],[2.8664,7.8879],[2.8656,7.8817],[2.8661,7.8769],[2.8713,7.8696],[2.8734,7.8641],[2.8754,7.8583],[2.8774,7.8507],[2.8779,7.8457],[2.8773,7.835],[2.8764,7.8287],[2.8767,7.823],[2.8782,7.817],[2.8826,7.8089],[2.892,7.8039],[2.8961,7.8032],[2.901,7.8009],[2.9074,7.7946],[2.907,7.7873],[2.9044,7.7828],[2.9032,7.778],[2.9033,7.7735],[2.9046,7.7634],[2.9047,7.7593],[2.9073,7.7511],[2.9126,7.7451],[2.9157,7.7403],[2.918,7.7353],[2.9208,7.7307],[2.935,7.7225],[2.9395,7.7197],[2.9421,7.7121],[2.9413,7.7074],[2.9399,7.7032],[2.9378,7.699],[2.9361,7.6922],[2.9369,7.6866],[2.9411,7.6846],[2.9463,7.69],[2.9495,7.703],[2.9507,7.709],[2.9513,7.721],[2.9528,7.7253],[2.9559,7.7309],[2.9586,7.7368],[2.9635,7.7563],[2.9658,7.7631],[2.9678,7.7703],[2.9722,7.7822],[2.9763,7.7915],[2.9877,7.7898],[2.9954,7.7879],[2.9995,7.7865],[3.0057,7.7844],[3.0085,7.78],[3.0099,7.7756],[3.0115,7.7709],[3.0159,7.7659],[3.0191,7.7617],[3.0151,7.7593],[3.0125,7.753],[3.0085,7.7454],[3.0054,7.7397],[3.0024,7.7343],[3.0065,7.7304],[3.0032,7.7247],[3.0024,7.7183],[3.0033,7.713],[3.0033,7.7089],[2.999,7.7097],[2.9948,7.7072],[2.9908,7.7033],[2.9915,7.6988],[2.9965,7.6968],[2.9975,7.6927],[2.9923,7.6924],[2.9856,7.6899],[2.9844,7.6848],[2.9897,7.6795],[2.9962,7.6776],[2.9946,7.6701],[2.9929,7.6601],[2.9932,7.6532],[2.992,7.6489],[2.9911,7.6443],[2.9899,7.639],[2.9882,7.634],[2.9849,7.6289],[2.9816,7.6245],[2.9775,7.6166],[2.9791,7.6122],[2.981,7.608],[2.9826,7.6037],[2.9819,7.5974],[2.9755,7.5917],[2.9689,7.5895],[2.9614,7.5916],[2.9477,7.5929],[2.9419,7.5992],[2.9372,7.6028],[2.9319,7.6057],[2.9273,7.6125],[2.9255,7.6168],[2.9258,7.6212],[2.9255,7.6252],[2.9181,7.6346],[2.9131,7.64],[2.9029,7.6476],[2.8978,7.6508],[2.8926,7.6526],[2.8885,7.6537],[2.8845,7.6555],[2.8793,7.6571],[2.8675,7.6581],[2.8614,7.6591],[2.8555,7.6614],[2.8492,7.6643],[2.8429,7.6655],[2.8366,7.667],[2.8311,7.6701],[2.8253,7.6731],[2.8197,7.6744],[2.8076,7.6737],[2.7984,7.6776],[2.7927,7.6802],[2.7871,7.6821],[2.7828,7.6834],[2.7761,7.6875],[2.7715,7.6896],[2.7661,7.6903],[2.76,7.6909],[2.7529,7.6913],[2.7471,7.6925],[2.7408,7.6952],[2.7315,7.7011],[2.7307,7.7201],[2.7293,7.7391],[2.7287,7.7473],[2.7291,7.7547],[2.7316,7.7624],[2.733,7.7692],[2.7335,7.7764],[2.7328,7.7836],[2.7317,7.7908],[2.7299,7.7961],[2.7292,7.8019],[2.7274,7.808],[2.7228,7.8114],[2.7154,7.8146],[2.7108,7.8178],[2.7093,7.825],[2.7079,7.832],[2.7054,7.839],[2.7009,7.8481],[2.6959,7.8572],[2.6867,7.8716],[2.6814,7.878],[2.6753,7.883],[2.6703,7.8864],[2.6674,7.8909],[2.6724,7.8927],[2.6788,7.8976],[2.6808,7.9017],[2.689,7.9107],[2.6913,7.9184],[2.6913,7.9234],[2.6993,7.9242],[2.7068,7.9237],[2.7148,7.9251],[2.7203,7.9274],[2.7266,7.9313],[2.7331,7.9351],[2.74,7.9412],[2.7452,7.9461],[2.7553,7.9538],[2.7637,7.9623],[2.7721,7.9611],[2.7872,7.9578],[2.7944,7.9569],[2.8029,7.9572],[2.8192,7.9529],[2.8286,7.9502],[2.8362,7.9474],[2.8437,7.9455],[2.8457,7.9455]]]}},{"type":"Feature","properties":{"name":"Cross River","designation":"National Park","iucn":"II","areaKm2":8000.0,"status":"Designated","year":1991},"geometry":{"type":"Polygon","coordinates":[[[8.8557,5.7457],[8.8528,5.7404],[8.8489,5.736],[8.8404,5.7279],[8.8365,5.7236],[8.8302,5.7165],[8.8246,5.7111],[8.821,5.7174],[8.8167,5.7188],[8.8155,5.7126],[8.8158,5.7086],[8.8165,5.7038],[8.8179,5.697],[8.8199,5.6912],[8.827,5.6848],[8.8142,5.6809],[8.8013,5.679],[8.7842,5.6758],[8.7766,5.6684],[8.7724,5.6596],[8.7743,5.6438],[8.7767,5.624],[8.7799,5.6042],[8.783,5.5822],[8.793,5.5678],[8.7971,5.565],[8.8107,5.5655],[8.8196,5.5688],[8.8278,5.5694],[8.8366,5.5693],[8.8407,5.5733],[8.8436,5.5869],[8.8465,5.5985],[8.844,5.6115],[8.838,5.6232],[8.8313,5.6342],[8.8295,5.6499],[8.8269,5.6609],[8.8345,5.6733],[8.8431,5.6684],[8.8481,5.6669],[8.8535,5.6617],[8.8554,5.656],[8.8574,5.6501],[8.8606,5.6454],[8.8636,5.6407],[8.8704,5.6337],[8.8776,5.6294],[8.8833,5.6252],[8.8874,5.6225],[8.8922,5.6173],[8.8994,5.6094],[8.9022,5.6044],[8.904,5.5997],[8.9051,5.5931],[8.9054,5.5868],[8.9054,5.5816],[8.9059,5.5775],[8.905,5.5728],[8.9023,5.5678],[8.8982,5.5641],[8.8933,5.5603],[8.892,5.5539],[8.8902,5.5478],[8.8868,5.5426],[8.8789,5.5317],[8.8749,5.5249],[8.8715,5.5178],[8.8691,5.5113],[8.867,5.5054],[8.8648,5.5006],[8.8632,5.4949],[8.8619,5.4889],[8.8606,5.4814],[8.8583,5.4764],[8.8545,5.4714],[8.8493,5.4666],[8.8444,5.4616],[8.841,5.4573],[8.8379,5.451],[8.8361,5.4444],[8.8363,5.4385],[8.8388,5.4324],[8.8409,5.4269],[8.8416,5.4211],[8.8405,5.4154],[8.8389,5.4096],[8.8378,5.4041],[8.8383,5.3984],[8.8385,5.3926],[8.8381,5.3863],[8.837,5.3788],[8.8361,5.372],[8.835,5.3663],[8.8337,5.3611],[8.8321,5.3561],[8.8306,5.3504],[8.8288,5.3443],[8.8241,5.3264],[8.8216,5.3183],[8.8197,5.3099],[8.8186,5.3031],[8.8177,5.2968],[8.8172,5.2897],[8.817,5.2838],[8.8173,5.277],[8.8187,5.266],[8.8193,5.2581],[8.8185,5.2531],[8.8176,5.2471],[8.8177,5.2409],[8.8182,5.2336],[8.8182,5.2275],[8.8189,5.2216],[8.82,5.217],[8.8196,5.2108],[8.8185,5.2039],[8.8178,5.198],[8.8179,5.1928],[8.8165,5.1874],[8.8141,5.1827],[8.8075,5.1742],[8.8023,5.1693],[8.7943,5.1581],[8.7914,5.1515],[8.7884,5.1445],[8.7862,5.1388],[8.7844,5.1329],[8.7819,5.1275],[8.7781,5.122],[8.7736,5.118],[8.7682,5.1148],[8.7615,5.112],[8.7558,5.1104],[8.7491,5.1147],[8.7354,5.1108],[8.7272,5.1102],[8.7169,5.1056],[8.7033,5.103],[8.6896,5.0991],[8.6739,5.0959],[8.6693,5.1042],[8.6593,5.118],[8.6465,5.1325],[8.6316,5.1334],[8.6003,5.1331],[8.5798,5.1341],[8.576,5.1519],[8.5741,5.1656],[8.5745,5.1909],[8.5736,5.2271],[8.5824,5.2304],[8.6056,5.2335],[8.6296,5.2428],[8.6385,5.2515],[8.6393,5.2618],[8.6423,5.2774],[8.6411,5.2952],[8.6367,5.3178],[8.6456,5.3232],[8.6545,5.3265],[8.6634,5.3325],[8.6784,5.3378],[8.6929,5.3519],[8.6965,5.3641],[8.6932,5.3758],[8.6921,5.3936],[8.6929,5.4072],[8.6979,5.4236],[8.7036,5.444],[8.7154,5.4616],[8.7259,5.4819],[8.7425,5.5036],[8.7364,5.5077],[8.7146,5.4998],[8.6974,5.4891],[8.6756,5.4867],[8.6537,5.4774],[8.6415,5.4769],[8.6244,5.4771],[8.6121,5.4725],[8.6038,5.461],[8.5921,5.4468],[8.5865,5.4339],[8.5719,5.4123],[8.5525,5.3893],[8.5544,5.3736],[8.5584,5.3674],[8.5623,5.3536],[8.5521,5.3531],[8.5439,5.3539],[8.5331,5.3568],[8.5228,5.3555],[8.5146,5.3522],[8.4989,5.3449],[8.4809,5.3226],[8.4713,5.3159],[8.4618,5.3229],[8.4518,5.3353],[8.4513,5.3483],[8.4521,5.3592],[8.4551,5.379],[8.4518,5.3893],[8.4472,5.3996],[8.4364,5.4113],[8.4175,5.4232],[8.4027,5.4343],[8.3865,5.4393],[8.3641,5.4465],[8.3356,5.455],[8.3105,5.4622],[8.3141,5.4799],[8.3138,5.5025],[8.3121,5.5318],[8.3127,5.581],[8.3104,5.6125],[8.3101,5.6425],[8.3259,5.6471],[8.3476,5.6434],[8.3517,5.6501],[8.3546,5.661],[8.3669,5.6615],[8.3982,5.6611],[8.4011,5.6788],[8.41,5.6821],[8.4284,5.6812],[8.4447,5.6817],[8.4448,5.6885],[8.4429,5.7001],[8.4451,5.7097],[8.4627,5.704],[8.4615,5.7135],[8.459,5.7306],[8.4808,5.7324],[8.4802,5.7385],[8.4817,5.7542],[8.5015,5.7594],[8.5253,5.753],[8.5498,5.7554],[8.5681,5.749],[8.5871,5.746],[8.6252,5.7455],[8.6559,5.7478],[8.6803,5.7448],[8.7068,5.7417],[8.7395,5.7426],[8.7613,5.7478],[8.7703,5.7572],[8.7909,5.7733],[8.8082,5.7908],[8.8192,5.8044],[8.8378,5.8184],[8.8446,5.8123],[8.853,5.807],[8.8575,5.8047],[8.8629,5.8015],[8.8668,5.7959],[8.867,5.7903],[8.8648,5.7834],[8.8612,5.7782],[8.8558,5.7743],[8.8517,5.7705],[8.8499,5.7657],[8.8565,5.7588],[8.8582,5.7504],[8.8557,5.7457]],[[8.7557,5.5266],[8.7681,5.5367],[8.7736,5.54],[8.7758,5.5489],[8.7718,5.5564],[8.7631,5.5682],[8.7564,5.5799],[8.7511,5.5854],[8.7457,5.5903],[8.7422,5.5828],[8.7345,5.5692],[8.7295,5.5488],[8.7396,5.5391],[8.7503,5.5294],[8.7557,5.5266]],[[9.3513,6.401],[9.3524,6.3849],[9.3533,6.3796],[9.3542,6.369],[9.3539,6.3637],[9.3491,6.361],[9.3435,6.3604],[9.3384,6.359],[9.3337,6.3565],[9.329,6.3541],[9.3242,6.3519],[9.3198,6.3489],[9.3133,6.3474],[9.308,6.3466],[9.3046,6.3425],[9.3052,6.3319],[9.306,6.3154],[9.3066,6.3102],[9.3147,6.303],[9.3201,6.303],[9.3255,6.3043],[9.3306,6.3048],[9.3366,6.3048],[9.3514,6.3056],[9.3471,6.2996],[9.3431,6.2936],[9.3373,6.2859],[9.3343,6.2814],[9.3315,6.2769],[9.3291,6.2709],[9.3266,6.2655],[9.3205,6.2518],[9.3143,6.2376],[9.3115,6.2333],[9.3087,6.2288],[9.3014,6.2179],[9.295,6.2078],[9.2806,6.1956],[9.2742,6.1896],[9.2701,6.1864],[9.2652,6.1823],[9.2596,6.1774],[9.2556,6.1744],[9.2461,6.1675],[9.2416,6.1641],[9.2362,6.1602],[9.2281,6.1542],[9.2212,6.1497],[9.2133,6.1439],[9.2043,6.1373],[9.1989,6.1328],[9.1886,6.1248],[9.1798,6.1173],[9.1755,6.1141],[9.1771,6.1272],[9.1517,6.1495],[9.1552,6.1081],[9.1601,6.1081],[9.1655,6.1085],[9.1625,6.1034],[9.1583,6.1002],[9.1507,6.0942],[9.1438,6.0884],[9.1357,6.1175],[9.0934,6.1175],[9.0862,6.1234],[9.0838,6.1281],[9.0809,6.1325],[9.0784,6.1373],[9.0748,6.1413],[9.0717,6.1506],[9.0734,6.1558],[9.0741,6.161],[9.0768,6.1658],[9.0814,6.1687],[9.0855,6.1722],[9.0882,6.1769],[9.0892,6.1855],[9.0911,6.1918],[9.0901,6.197],[9.0926,6.2016],[9.0965,6.2059],[9.0994,6.2106],[9.1006,6.2159],[9.1044,6.2201],[9.1064,6.2251],[9.1098,6.2293],[9.1115,6.2343],[9.1143,6.239],[9.1223,6.2457],[9.1241,6.251],[9.1243,6.2564],[9.1286,6.2595],[9.1319,6.2639],[9.1318,6.2692],[9.1341,6.2742],[9.1355,6.2794],[9.1366,6.2846],[9.1433,6.2933],[9.1508,6.3021],[9.154,6.3064],[9.1581,6.3103],[9.1564,6.3154],[9.1569,6.3207],[9.1596,6.3254],[9.1609,6.3306],[9.1616,6.3358],[9.1619,6.3412],[9.1643,6.3462],[9.1707,6.3548],[9.1727,6.3597],[9.1744,6.3647],[9.18,6.3737],[9.1806,6.379],[9.1814,6.3842],[9.1829,6.3894],[9.1849,6.3943],[9.1875,6.3989],[9.1908,6.4031],[9.1922,6.4082],[9.1932,6.4135],[9.1981,6.4231],[9.1999,6.4281],[9.2069,6.4367],[9.2109,6.4402],[9.2472,6.4247],[9.2483,6.4193],[9.2499,6.4088],[9.2525,6.404],[9.2547,6.3991],[9.2618,6.407],[9.262,6.4122],[9.2612,6.4175],[9.2635,6.4222],[9.2642,6.4274],[9.2662,6.4323],[9.2712,6.4416],[9.2743,6.4461],[9.2777,6.4502],[9.282,6.4533],[9.2855,6.4573],[9.2884,6.4617],[9.2914,6.4661],[9.2966,6.4669],[9.3014,6.4647],[9.3065,6.4628],[9.3117,6.4613],[9.3168,6.46],[9.322,6.4586],[9.327,6.4567],[9.3332,6.4479],[9.3354,6.443],[9.3387,6.4386],[9.3435,6.4361],[9.3483,6.4275],[9.3482,6.422],[9.3489,6.4167],[9.3501,6.4115],[9.351,6.4062],[9.3513,6.401]],[[9.2065,6.2672],[9.2163,6.2673],[9.2174,6.2776],[9.2176,6.2826],[9.2178,6.2886],[9.2181,6.293],[9.2191,6.2975],[9.2208,6.3035],[9.2241,6.3119],[9.2263,6.3168],[9.2297,6.3225],[9.2325,6.3271],[9.2358,6.3326],[9.2374,6.3423],[9.1959,6.3346],[9.1895,6.3335],[9.1938,6.2898],[9.1975,6.2839],[9.2023,6.2736],[9.2054,6.2686],[9.2065,6.2672]],[[9.2474,6.2986],[9.2532,6.2686],[9.2681,6.2753],[9.2684,6.2822],[9.2752,6.278],[9.2822,6.2737],[9.2896,6.2708],[9.2937,6.2693],[9.3009,6.2664],[9.31,6.2672],[9.3137,6.2754],[9.3012,6.2836],[9.2948,6.3095],[9.2927,6.3147],[9.2916,6.3193],[9.2912,6.3241],[9.2903,6.3285],[9.2894,6.334],[9.24,6.3281],[9.2407,6.3037],[9.2474,6.2986]]]}},{"type":"Feature","properties":{"name":"Old Oyo","designation":"National Park","iucn":"II","areaKm2":2530.0,"status":"Designated","year":1991},"geometry":{"type":"Polygon","coordinates":[[[4.0439,9.0092],[4.0484,9.0087],[4.0545,9.01],[4.0617,9.0053],[4.0664,8.9989],[4.0621,8.9978],[4.0659,8.9933],[4.0731,8.99],[4.0805,8.9839],[4.0837,8.9795],[4.0863,8.9753],[4.0959,8.9659],[4.1019,8.9599],[4.1077,8.9572],[4.1118,8.959],[4.1136,8.9634],[4.1161,8.9678],[4.1193,8.9722],[4.1265,8.9759],[4.131,8.9761],[4.1361,8.9764],[4.1409,8.9765],[4.1461,8.9771],[4.151,8.9788],[4.1539,8.9829],[4.1532,8.9884],[4.1503,8.9943],[4.1521,8.9995],[4.1497,9.0054],[4.1524,9.0124],[4.1606,9.0129],[4.1665,9.0118],[4.173,9.0095],[4.1795,9.0075],[4.1862,9.0065],[4.1961,9.0055],[4.1997,8.9965],[4.2069,8.9939],[4.2151,8.9919],[4.2231,8.9897],[4.2317,8.9869],[4.24,8.9845],[4.2486,8.9824],[4.2568,8.9802],[4.2644,8.9786],[4.2719,8.9761],[4.2787,8.9746],[4.2834,8.9744],[4.2912,8.975],[4.2978,8.9796],[4.302,8.9856],[4.3048,8.9916],[4.3065,8.9961],[4.3101,9.002],[4.3089,9.0084],[4.3107,9.0149],[4.315,9.0164],[4.3228,9.0114],[4.3275,9.0079],[4.3318,9.0052],[4.338,9.0026],[4.3397,8.9982],[4.3392,8.9935],[4.3421,8.9869],[4.343,8.9796],[4.3399,8.9734],[4.3331,8.966],[4.3235,8.957],[4.3166,8.9526],[4.3122,8.9518],[4.3027,8.9472],[4.2972,8.9438],[4.2928,8.9415],[4.2812,8.9344],[4.2736,8.9336],[4.2686,8.9341],[4.2497,8.9338],[4.2424,8.9332],[4.2354,8.9329],[4.2306,8.9321],[4.224,8.9271],[4.2204,8.9227],[4.2157,8.9173],[4.211,8.9122],[4.2056,8.9073],[4.2,8.904],[4.1866,8.8964],[4.179,8.8939],[4.1705,8.8914],[4.1621,8.89],[4.1457,8.8881],[4.1385,8.8876],[4.1329,8.8888],[4.1262,8.894],[4.1216,8.8975],[4.1146,8.9033],[4.1093,8.9033],[4.0917,8.8969],[4.0859,8.8945],[4.079,8.8919],[4.0708,8.8893],[4.0643,8.8876],[4.0584,8.8868],[4.0533,8.8852],[4.0457,8.8801],[4.0375,8.8706],[4.0296,8.8591],[4.027,8.8503],[4.0258,8.8442],[4.0246,8.8388],[4.0238,8.832],[4.0233,8.8259],[4.0226,8.8129],[4.0228,8.8066],[4.0218,8.7975],[4.0222,8.7881],[4.0224,8.7821],[4.0232,8.7761],[4.0246,8.7695],[4.0253,8.7631],[4.0254,8.7583],[4.0249,8.7533],[4.0233,8.7482],[4.0206,8.7438],[4.0176,8.7396],[4.0147,8.735],[4.0107,8.726],[4.0083,8.722],[4.0043,8.7197],[3.994,8.7165],[3.9879,8.711],[3.9867,8.7069],[3.9891,8.7016],[3.9884,8.6949],[3.9862,8.6909],[3.9808,8.6821],[3.9775,8.6764],[3.9746,8.6706],[3.9721,8.6648],[3.9706,8.6601],[3.9693,8.6538],[3.9676,8.648],[3.9651,8.6414],[3.9633,8.635],[3.9625,8.6292],[3.9622,8.6221],[3.9622,8.6155],[3.9633,8.6014],[3.9634,8.5797],[3.9631,8.5738],[3.9631,8.5657],[3.9633,8.5596],[3.9627,8.5542],[3.9596,8.539],[3.959,8.5329],[3.959,8.5271],[3.9618,8.5202],[3.9675,8.516],[3.9726,8.5138],[3.9766,8.5117],[3.9808,8.5065],[3.9823,8.5025],[3.9835,8.4975],[3.9853,8.4908],[3.9866,8.4832],[3.987,8.4778],[3.9872,8.4711],[3.9874,8.4658],[3.9927,8.456],[4.0043,8.4385],[4.0078,8.4336],[4.0109,8.4286],[4.0153,8.4226],[4.0194,8.4171],[4.0231,8.4127],[4.0269,8.4085],[4.0355,8.399],[4.0423,8.3953],[4.0487,8.3915],[4.0532,8.3851],[4.0587,8.3784],[4.0593,8.3724],[4.0553,8.3675],[4.0479,8.3612],[4.0412,8.3555],[4.0385,8.3495],[4.038,8.3454],[4.0375,8.3409],[4.0366,8.3357],[4.0314,8.3277],[4.0286,8.3208],[4.0274,8.3162],[4.0262,8.3117],[4.0233,8.3068],[4.0178,8.3023],[4.0109,8.296],[4.0035,8.2889],[3.9959,8.2822],[3.9921,8.2778],[3.9842,8.2672],[3.9763,8.2595],[3.9707,8.2542],[3.9649,8.2463],[3.9616,8.2409],[3.957,8.2357],[3.9525,8.2342],[3.9486,8.2296],[3.9426,8.2294],[3.9382,8.2303],[3.9284,8.2308],[3.9225,8.2299],[3.9173,8.2278],[3.9107,8.2245],[3.9021,8.2261],[3.8941,8.2264],[3.8867,8.2235],[3.8789,8.2227],[3.8697,8.2259],[3.8567,8.2301],[3.8518,8.2308],[3.8478,8.2309],[3.8434,8.2311],[3.8393,8.2327],[3.8341,8.239],[3.8255,8.2439],[3.8197,8.2446],[3.8116,8.2383],[3.8057,8.2384],[3.8012,8.2396],[3.7936,8.2418],[3.7886,8.2431],[3.7844,8.2423],[3.7797,8.2382],[3.7753,8.2314],[3.7698,8.2269],[3.7639,8.2165],[3.7621,8.2118],[3.7597,8.2076],[3.7548,8.2166],[3.7531,8.2211],[3.7486,8.2262],[3.7461,8.2303],[3.7443,8.2394],[3.7429,8.2466],[3.7414,8.2515],[3.739,8.2608],[3.7386,8.2662],[3.7381,8.2708],[3.7367,8.2764],[3.7322,8.2838],[3.7283,8.2893],[3.7266,8.2934],[3.7211,8.2999],[3.7165,8.3021],[3.7094,8.3051],[3.7035,8.31],[3.6984,8.3165],[3.6944,8.3183],[3.6882,8.3175],[3.6841,8.3183],[3.6763,8.321],[3.6682,8.3224],[3.662,8.323],[3.6568,8.3238],[3.6476,8.3294],[3.6433,8.3315],[3.6393,8.3331],[3.6291,8.3397],[3.6251,8.3415],[3.6184,8.3475],[3.615,8.3516],[3.6109,8.356],[3.6023,8.3623],[3.5927,8.3659],[3.5868,8.3705],[3.5832,8.382],[3.5832,8.3873],[3.5837,8.3926],[3.5846,8.397],[3.5863,8.4025],[3.5876,8.4105],[3.5864,8.4157],[3.5849,8.4201],[3.5825,8.4255],[3.5809,8.43],[3.5802,8.4354],[3.5801,8.4409],[3.5828,8.4475],[3.5895,8.4513],[3.5993,8.4528],[3.6044,8.4566],[3.607,8.4627],[3.6062,8.4692],[3.6064,8.4754],[3.61,8.4826],[3.6123,8.4917],[3.6137,8.4963],[3.6166,8.5012],[3.623,8.5065],[3.628,8.5081],[3.6328,8.5084],[3.6372,8.5075],[3.6439,8.5053],[3.6536,8.5069],[3.6635,8.5061],[3.6682,8.5062],[3.6728,8.5062],[3.6777,8.5059],[3.6826,8.5045],[3.6872,8.5036],[3.6926,8.502],[3.699,8.5],[3.7052,8.4983],[3.7122,8.4975],[3.7191,8.4963],[3.7254,8.4948],[3.7309,8.4942],[3.7355,8.4948],[3.7398,8.4964],[3.7459,8.4983],[3.7524,8.495],[3.7568,8.4933],[3.7609,8.492],[3.7651,8.4905],[3.769,8.4805],[3.7693,8.4722],[3.7707,8.468],[3.7753,8.4644],[3.7796,8.4595],[3.7836,8.4542],[3.7884,8.4549],[3.7957,8.4539],[3.801,8.454],[3.8074,8.4577],[3.8114,8.4579],[3.8157,8.458],[3.8214,8.4602],[3.8231,8.4652],[3.8217,8.4716],[3.8205,8.4757],[3.816,8.4826],[3.8143,8.4903],[3.8145,8.4949],[3.8143,8.5008],[3.8144,8.5073],[3.8134,8.516],[3.8089,8.5302],[3.808,8.5367],[3.8071,8.5419],[3.8043,8.5512],[3.8041,8.5557],[3.8039,8.5611],[3.803,8.5692],[3.7993,8.5749],[3.795,8.5801],[3.7957,8.5861],[3.7998,8.5983],[3.8007,8.6028],[3.8002,8.6104],[3.8002,8.6145],[3.8038,8.6212],[3.8098,8.6294],[3.8118,8.6341],[3.8126,8.6421],[3.8119,8.6465],[3.8122,8.6512],[3.8153,8.6579],[3.8182,8.6635],[3.8218,8.6697],[3.8254,8.6745],[3.8298,8.6788],[3.8361,8.6926],[3.8374,8.6976],[3.8438,8.7107],[3.846,8.7148],[3.8538,8.7247],[3.8568,8.7301],[3.8569,8.7364],[3.8552,8.7407],[3.8518,8.7501],[3.8526,8.7579],[3.8549,8.7626],[3.8576,8.7675],[3.8616,8.7757],[3.862,8.7803],[3.8612,8.7917],[3.8613,8.7983],[3.8629,8.8111],[3.8634,8.8181],[3.8651,8.8227],[3.8676,8.829],[3.8701,8.8347],[3.875,8.8474],[3.8758,8.8521],[3.8772,8.8587],[3.8798,8.8726],[3.8807,8.8791],[3.8819,8.8849],[3.8825,8.8898],[3.8826,8.8968],[3.8836,8.9033],[3.8852,8.9096],[3.8871,8.9157],[3.8895,8.921],[3.896,8.9282],[3.9034,8.936],[3.9074,8.9396],[3.9152,8.9418],[3.9224,8.9428],[3.9267,8.9446],[3.9311,8.9463],[3.9363,8.949],[3.942,8.9523],[3.9473,8.9556],[3.953,8.9627],[3.9587,8.9731],[3.9647,8.9794],[3.9693,8.9827],[3.9733,8.9866],[3.976,8.991],[3.9775,8.9963],[3.9835,8.9994],[3.9878,9.006],[3.9942,9.0131],[3.9983,9.0159],[4.0048,9.0197],[4.0125,9.0219],[4.0182,9.0217],[4.0233,9.0208],[4.0282,9.0188],[4.033,9.0155],[4.0372,9.0123],[4.0439,9.0092]]]}},{"type":"Feature","properties":{"name":"Lekki","designation":"Strict Nature Reserve","iucn":"Ia","areaKm2":0.78,"status":"Designated","year":0},"geometry":{"type":"Polygon","coordinates":[[[3.733,6.4556],[3.7085,6.452],[3.7086,6.4682],[3.7322,6.4726],[3.733,6.4556]]]}},{"type":"Feature","properties":{"name":"Sapoba","designation":"Forest Reserve","iucn":"Not Reported","areaKm2":492.0,"status":"Designated","year":1912},"geometry":{"type":"Polygon","coordinates":[[[5.966,6.052],[5.955,6.0401],[5.949,6.0345],[5.945,6.0293],[5.942,6.024],[5.9364,6.0157],[5.9296,6.0099],[5.9222,6.0084],[5.9173,6.0099],[5.9129,6.0113],[5.9084,6.0106],[5.9024,6.0058],[5.8991,5.9998],[5.8943,5.9925],[5.8909,5.9879],[5.8852,5.9816],[5.8781,5.9778],[5.8751,5.9707],[5.8696,5.9696],[5.8654,5.97],[5.8597,5.969],[5.8539,5.9617],[5.8505,5.9577],[5.8459,5.9577],[5.8436,5.9627],[5.8342,5.9671],[5.8277,5.9712],[5.8236,5.974],[5.8185,5.9766],[5.813,5.9786],[5.8075,5.9798],[5.8032,5.9815],[5.7942,5.9893],[5.7813,5.9982],[5.7572,5.9979],[5.7419,5.9972],[5.7399,6.0037],[5.7457,6.0092],[5.7472,6.0137],[5.739,6.0434],[5.7366,6.0507],[5.7309,6.0657],[5.7235,6.0722],[5.7177,6.0762],[5.7196,6.0835],[5.7204,6.0896],[5.7241,6.0957],[5.7311,6.0999],[5.7337,6.1042],[5.7402,6.1112],[5.7426,6.1157],[5.7433,6.1205],[5.7437,6.1245],[5.7447,6.1289],[5.743,6.1361],[5.7447,6.1429],[5.7488,6.1479],[5.7495,6.1543],[5.755,6.1608],[5.7576,6.167],[5.7587,6.1729],[5.7612,6.1781],[5.7564,6.1824],[5.7486,6.1917],[5.7489,6.1957],[5.7556,6.2025],[5.7631,6.2124],[5.7645,6.2166],[5.774,6.2101],[5.7722,6.2056],[5.7702,6.1968],[5.7702,6.1922],[5.7738,6.1865],[5.7827,6.1843],[5.7884,6.1829],[5.7935,6.1818],[5.7976,6.1809],[5.8032,6.1815],[5.8106,6.1875],[5.8149,6.1908],[5.8199,6.1936],[5.8295,6.199],[5.8345,6.2009],[5.8387,6.2016],[5.8439,6.2019],[5.8626,6.2035],[5.876,6.2031],[5.883,6.194],[5.8894,6.1879],[5.8933,6.1831],[5.8964,6.1782],[5.899,6.1711],[5.8982,6.1638],[5.8983,6.1597],[5.9015,6.1526],[5.9108,6.145],[5.9158,6.1414],[5.9203,6.1385],[5.9281,6.1358],[5.9325,6.1347],[5.9419,6.1328],[5.9465,6.1321],[5.9509,6.132],[5.9556,6.1334],[5.9636,6.1368],[5.9677,6.1377],[5.9718,6.1377],[5.9775,6.1227],[5.9804,6.118],[5.9864,6.1073],[5.9896,6.1018],[5.995,6.0931],[5.9913,6.0853],[5.9865,6.0812],[5.9822,6.0768],[5.9778,6.0726],[5.9728,6.0686],[5.9672,6.0641],[5.9645,6.0578],[5.9649,6.0527],[5.966,6.052]]]}},{"type":"Feature","properties":{"name":"West Tangaza","designation":"Forest Reserve","iucn":"Not Reported","areaKm2":0.0,"status":"Designated","year":0},"geometry":{"type":"Polygon","coordinates":[[[4.4607,13.5521],[4.4672,13.5527],[4.4784,13.5543],[4.4824,13.5557],[4.4839,13.5627],[4.4914,13.5667],[4.5002,13.5682],[4.5096,13.568],[4.5168,13.5681],[4.5209,13.5659],[4.5275,13.5637],[4.5353,13.56],[4.5426,13.5547],[4.5516,13.5548],[4.5596,13.5569],[4.5637,13.5575],[4.5655,13.5521],[4.5717,13.5502],[4.5772,13.5496],[4.5787,13.5557],[4.5854,13.5542],[4.5933,13.5522],[4.5989,13.5493],[4.6056,13.5455],[4.6157,13.5398],[4.6279,13.5328],[4.6269,13.518],[4.6264,13.5039],[4.6261,13.4895],[4.626,13.4736],[4.6255,13.4592],[4.6255,13.4454],[4.6252,13.4327],[4.6251,13.4251],[4.6116,13.4114],[4.5975,13.3974],[4.5813,13.3812],[4.5483,13.3478],[4.5304,13.3289],[4.5155,13.3138],[4.503,13.3016],[4.4974,13.2938],[4.493,13.2884],[4.4874,13.2906],[4.4829,13.2921],[4.4699,13.2884],[4.4593,13.2865],[4.4503,13.2851],[4.4445,13.2878],[4.4382,13.2927],[4.4295,13.3001],[4.4155,13.3118],[4.4074,13.3183],[4.3974,13.326],[4.3906,13.3319],[4.3868,13.3369],[4.3795,13.3493],[4.3725,13.3523],[4.363,13.3612],[4.3545,13.372],[4.3484,13.3793],[4.3436,13.3847],[4.3429,13.3919],[4.3415,13.4026],[4.3356,13.4019],[4.3311,13.4017],[4.3298,13.4063],[4.3262,13.4189],[4.3341,13.4251],[4.3465,13.4349],[4.3521,13.4386],[4.3563,13.4391],[4.3707,13.4422],[4.3727,13.4478],[4.3773,13.4558],[4.3856,13.4738],[4.3959,13.4942],[4.4039,13.5106],[4.3781,13.5096],[4.3615,13.5065],[4.3652,13.5124],[4.3733,13.5237],[4.38,13.5321],[4.385,13.54],[4.3913,13.5469],[4.3972,13.5552],[4.4026,13.5633],[4.4087,13.571],[4.4145,13.5755],[4.4225,13.5736],[4.438,13.5695],[4.4457,13.568],[4.4543,13.5667],[4.4583,13.56],[4.4593,13.5541],[4.4607,13.5521]]]}},{"type":"Feature","properties":{"name":"Lema","designation":"Forest Reserve","iucn":"Not Reported","areaKm2":0.0,"status":"Designated","year":0},"geometry":{"type":"Polygon","coordinates":[[[4.2987,13.2519],[4.3036,13.251],[4.3116,13.2465],[4.3263,13.2438],[4.3329,13.2265],[4.3399,13.1989],[4.3404,13.1919],[4.3401,13.1853],[4.3401,13.1803],[4.3344,13.1743],[4.3287,13.1716],[4.3236,13.1612],[4.3193,13.1485],[4.3152,13.138],[4.308,13.1239],[4.3008,13.1058],[4.2926,13.0866],[4.285,13.066],[4.2783,13.0488],[4.27,13.0271],[4.2638,13.0095],[4.2613,12.9999],[4.2566,12.9892],[4.2529,12.9809],[4.2476,12.9688],[4.2449,12.9635],[4.242,12.9585],[4.2388,12.9539],[4.2328,12.9497],[4.2209,12.9559],[4.2134,12.9602],[4.1909,12.9712],[4.1825,12.9751],[4.175,12.9784],[4.1781,12.9886],[4.1681,12.9928],[4.1579,12.9968],[4.1543,12.9899],[4.1505,12.984],[4.144,12.9832],[4.1396,12.9834],[4.1348,12.9831],[4.1295,12.9821],[4.1253,12.982],[4.121,12.9842],[4.117,12.9864],[4.112,12.9896],[4.1039,12.9945],[4.0988,12.9979],[4.1115,13.0681],[4.1249,13.126],[4.1295,13.1534],[4.1414,13.1512],[4.1462,13.1524],[4.1511,13.1517],[4.1565,13.1497],[4.1582,13.1544],[4.1638,13.1557],[4.169,13.1583],[4.1725,13.1505],[4.1773,13.151],[4.1798,13.1457],[4.184,13.1449],[4.1899,13.1439],[4.2005,13.1435],[4.2068,13.144],[4.2229,13.1409],[4.2275,13.1411],[4.2297,13.1506],[4.2305,13.1549],[4.2339,13.164],[4.2351,13.1682],[4.2345,13.1738],[4.2342,13.178],[4.2267,13.1807],[4.2225,13.1811],[4.2181,13.1818],[4.2131,13.1845],[4.2088,13.1836],[4.2043,13.18],[4.202,13.1844],[4.1924,13.1851],[4.1873,13.1845],[4.1811,13.1867],[4.1757,13.1829],[4.1687,13.1838],[4.164,13.1837],[4.1582,13.1832],[4.1535,13.184],[4.1527,13.1923],[4.1425,13.1936],[4.1298,13.1919],[4.1299,13.2208],[4.1302,13.2512],[4.1429,13.2514],[4.1476,13.2511],[4.1545,13.2523],[4.1896,13.2624],[4.2024,13.2696],[4.211,13.2763],[4.2277,13.2791],[4.2342,13.2797],[4.2518,13.2778],[4.2674,13.2754],[4.2766,13.2729],[4.2845,13.2671],[4.2908,13.2584],[4.2962,13.2525],[4.2987,13.2519]]]}},{"type":"Feature","properties":{"name":"North Tangaza","designation":"Forest Reserve","iucn":"Not Reported","areaKm2":0.0,"status":"Designated","year":0},"geometry":{"type":"Polygon","coordinates":[[[4.863,13.6875],[4.8596,13.6805],[4.8474,13.6574],[4.8376,13.6434],[4.8333,13.638],[4.8323,13.6423],[4.8303,13.6478],[4.8273,13.6531],[4.8232,13.6593],[4.8199,13.664],[4.8163,13.6684],[4.8112,13.6712],[4.805,13.6726],[4.7976,13.6735],[4.7899,13.6731],[4.777,13.6696],[4.7717,13.6678],[4.7673,13.6651],[4.763,13.6603],[4.7604,13.6562],[4.7591,13.6484],[4.7596,13.6426],[4.7604,13.6373],[4.7647,13.6302],[4.7717,13.6236],[4.7823,13.6125],[4.7927,13.6024],[4.8016,13.5928],[4.7949,13.5857],[4.7846,13.5756],[4.7755,13.5661],[4.7702,13.5616],[4.7632,13.5648],[4.7549,13.5693],[4.7462,13.5736],[4.7401,13.5759],[4.7319,13.5755],[4.7225,13.5742],[4.7081,13.5725],[4.692,13.5702],[4.6725,13.567],[4.6403,13.563],[4.6317,13.566],[4.6197,13.5668],[4.6128,13.5723],[4.6068,13.5762],[4.6002,13.5801],[4.5944,13.5829],[4.588,13.5863],[4.5788,13.5942],[4.5727,13.5985],[4.5512,13.6119],[4.556,13.6255],[4.5505,13.6293],[4.5451,13.631],[4.5375,13.6329],[4.5333,13.6349],[4.5252,13.6373],[4.5202,13.6415],[4.5144,13.6832],[4.5083,13.7135],[4.5485,13.7217],[4.5527,13.7225],[4.5553,13.708],[4.5564,13.7027],[4.5576,13.6943],[4.5591,13.6849],[4.5663,13.6784],[4.5713,13.677],[4.5815,13.6781],[4.5942,13.6796],[4.5993,13.6821],[4.6063,13.6903],[4.6113,13.6986],[4.6116,13.7084],[4.6139,13.713],[4.6198,13.7145],[4.6274,13.7148],[4.6361,13.7143],[4.6439,13.7149],[4.6494,13.7166],[4.6576,13.7209],[4.6718,13.7274],[4.6881,13.7351],[4.6902,13.7288],[4.6928,13.7198],[4.6952,13.713],[4.7034,13.7064],[4.7088,13.7039],[4.7211,13.7059],[4.7294,13.7072],[4.7407,13.7094],[4.7504,13.7158],[4.7582,13.7231],[4.763,13.7255],[4.7721,13.7261],[4.7772,13.7305],[4.7824,13.7296],[4.793,13.7279],[4.8041,13.7267],[4.8145,13.7271],[4.8251,13.7266],[4.8328,13.7251],[4.8333,13.7188],[4.8346,13.7089],[4.8351,13.7001],[4.842,13.6938],[4.8494,13.6901],[4.854,13.6899],[4.86,13.6891],[4.863,13.6875]]]}},{"type":"Feature","properties":{"name":"Karfe Binji","designation":"Forest Reserve","iucn":"Not Reported","areaKm2":0.0,"status":"Designated","year":0},"geometry":{"type":"Polygon","coordinates":[[[4.6931,13.3919],[4.6998,13.3915],[4.7102,13.3926],[4.7441,13.385],[4.7543,13.3823],[4.7603,13.382],[4.7699,13.3828],[4.7752,13.3823],[4.7788,13.378],[4.7862,13.3745],[4.7966,13.3733],[4.8138,13.3717],[4.8283,13.3707],[4.8338,13.3702],[4.8372,13.3594],[4.8465,13.322],[4.8483,13.3155],[4.8444,13.3087],[4.8381,13.3022],[4.8334,13.2984],[4.824,13.3024],[4.8193,13.3044],[4.8131,13.2986],[4.818,13.2921],[4.8239,13.2907],[4.8289,13.2864],[4.8311,13.2794],[4.8327,13.2726],[4.82,13.2677],[4.8062,13.2656],[4.7831,13.2598],[4.7912,13.2366],[4.7943,13.229],[4.82,13.2193],[4.8245,13.2177],[4.8019,13.2003],[4.7776,13.1817],[4.7574,13.1653],[4.7316,13.145],[4.7085,13.1263],[4.6937,13.1139],[4.6886,13.1203],[4.6751,13.1455],[4.6707,13.1522],[4.6732,13.1594],[4.6767,13.1647],[4.6754,13.1691],[4.6673,13.169],[4.6601,13.1664],[4.6531,13.1646],[4.6296,13.1649],[4.6018,13.1648],[4.5866,13.165],[4.5764,13.1654],[4.5754,13.1695],[4.5654,13.1733],[4.5589,13.1732],[4.5538,13.1746],[4.5486,13.1766],[4.5412,13.1817],[4.5312,13.188],[4.5198,13.1933],[4.5114,13.1979],[4.5043,13.2015],[4.5115,13.2088],[4.5318,13.2194],[4.5369,13.2222],[4.5424,13.2306],[4.5471,13.2379],[4.5523,13.2467],[4.5566,13.2543],[4.563,13.2581],[4.5763,13.2601],[4.5883,13.2617],[4.5949,13.2627],[4.5933,13.2709],[4.5917,13.2829],[4.5872,13.3094],[4.5993,13.3229],[4.6137,13.3344],[4.623,13.3416],[4.635,13.3515],[4.6486,13.362],[4.6596,13.3714],[4.6709,13.3804],[4.6746,13.3846],[4.6738,13.3922],[4.6825,13.3934],[4.6931,13.3919]]]}},{"type":"Feature","properties":{"name":"Surami","designation":"Forest Reserve","iucn":"Not Reported","areaKm2":0.0,"status":"Designated","year":0},"geometry":{"type":"Polygon","coordinates":[[[4.8988,13.0545],[4.8921,13.0565],[4.888,13.0629],[4.8838,13.0712],[4.8814,13.0785],[4.8817,13.0845],[4.8825,13.0926],[4.8852,13.1043],[4.8898,13.1056],[4.8972,13.1038],[4.9038,13.1018],[4.9084,13.1009],[4.9121,13.0944],[4.9173,13.091],[4.9225,13.088],[4.9252,13.0826],[4.9222,13.0752],[4.918,13.0691],[4.9145,13.0633],[4.9101,13.0593],[4.9051,13.0562],[4.8988,13.0545]]]}},{"type":"Feature","properties":{"name":"Manu","designation":"Forest Reserve","iucn":"Not Reported","areaKm2":0.0,"status":"Designated","year":0},"geometry":{"type":"Polygon","coordinates":[[[4.8333,13.638],[4.8376,13.6434],[4.8474,13.6574],[4.8596,13.6805],[4.863,13.6875],[4.8703,13.6878],[4.8961,13.6875],[4.896,13.6821],[4.8963,13.6717],[4.8959,13.6626],[4.8957,13.6553],[4.8903,13.6495],[4.8834,13.6422],[4.879,13.6373],[4.8746,13.6348],[4.8724,13.6296],[4.8625,13.6219],[4.8572,13.6159],[4.8512,13.6207],[4.8419,13.6289],[4.835,13.6342],[4.8333,13.638]]]}},{"type":"Feature","properties":{"name":"Bauni","designation":"Forest Reserve","iucn":"Not Reported","areaKm2":0.0,"status":"Designated","year":0},"geometry":{"type":"Polygon","coordinates":[[[5.1834,13.66],[5.1775,13.6455],[5.1729,13.633],[5.169,13.6212],[5.1647,13.6088],[5.1607,13.596],[5.1572,13.5859],[5.1547,13.5793],[5.1507,13.5785],[5.1446,13.5779],[5.1405,13.5788],[5.1325,13.583],[5.1248,13.5881],[5.1164,13.5924],[5.1082,13.5994],[5.1032,13.605],[5.1049,13.6159],[5.1097,13.6246],[5.1137,13.6301],[5.1166,13.6359],[5.1199,13.645],[5.1229,13.6517],[5.1257,13.6567],[5.1302,13.662],[5.1362,13.6654],[5.1422,13.6673],[5.151,13.6674],[5.1659,13.6666],[5.1733,13.6682],[5.1786,13.6653],[5.1834,13.66]]]}},{"type":"Feature","properties":{"name":"Zauna","designation":"Forest Reserve","iucn":"Not Reported","areaKm2":0.0,"status":"Designated","year":0},"geometry":{"type":"Polygon","coordinates":[[[5.1547,13.5793],[5.1572,13.5859],[5.1607,13.596],[5.1647,13.6088],[5.169,13.6212],[5.1729,13.633],[5.1775,13.6455],[5.1834,13.66],[5.1883,13.6603],[5.197,13.6633],[5.2229,13.6747],[5.2285,13.6768],[5.236,13.6752],[5.2449,13.6694],[5.2429,13.6648],[5.236,13.6566],[5.2196,13.6411],[5.2048,13.6245],[5.1976,13.6156],[5.1898,13.6073],[5.1827,13.6007],[5.1757,13.593],[5.1674,13.5868],[5.1608,13.5829],[5.1547,13.5793]]]}},{"type":"Feature","properties":{"name":"Garu","designation":"Forest Reserve","iucn":"Not Reported","areaKm2":0.0,"status":"Designated","year":0},"geometry":{"type":"Polygon","coordinates":[[[5.3927,13.6389],[5.3879,13.6376],[5.3839,13.6379],[5.3797,13.6399],[5.375,13.6458],[5.3748,13.6515],[5.3757,13.6571],[5.3771,13.6621],[5.3795,13.6674],[5.385,13.6732],[5.3946,13.6801],[5.4092,13.6857],[5.4161,13.6863],[5.4228,13.6857],[5.4318,13.6835],[5.4388,13.6811],[5.4448,13.6794],[5.4501,13.6775],[5.4542,13.6754],[5.4569,13.6695],[5.45,13.6618],[5.4432,13.6595],[5.4362,13.6569],[5.4273,13.6533],[5.418,13.6492],[5.409,13.6457],[5.4005,13.6426],[5.3927,13.6389]]]}},{"type":"Feature","properties":{"name":"Keaun Suna","designation":"Forest Reserve","iucn":"Not Reported","areaKm2":0.0,"status":"Designated","year":0},"geometry":{"type":"Polygon","coordinates":[[[5.8268,13.7136],[5.824,13.7095],[5.8205,13.7047],[5.8165,13.6991],[5.8122,13.697],[5.8062,13.6959],[5.801,13.6953],[5.7952,13.696],[5.7884,13.6973],[5.7808,13.7037],[5.7768,13.7069],[5.7722,13.7104],[5.7675,13.7131],[5.7627,13.712],[5.76,13.7047],[5.7602,13.6982],[5.76,13.6916],[5.7606,13.6825],[5.7593,13.6779],[5.7533,13.6756],[5.749,13.6767],[5.7435,13.6819],[5.7378,13.6891],[5.7332,13.6956],[5.7292,13.7008],[5.7251,13.7076],[5.7242,13.7144],[5.7279,13.7198],[5.7366,13.7216],[5.7422,13.7238],[5.7425,13.729],[5.7364,13.7346],[5.7395,13.7442],[5.7471,13.7563],[5.7507,13.7628],[5.7539,13.7681],[5.7579,13.7714],[5.7669,13.7714],[5.7711,13.7699],[5.7754,13.7672],[5.7804,13.7635],[5.7865,13.7597],[5.7942,13.7553],[5.7992,13.7518],[5.8058,13.7473],[5.8118,13.7439],[5.8195,13.7391],[5.8246,13.7354],[5.8299,13.7314],[5.829,13.7229],[5.8283,13.7176],[5.8268,13.7136]]]}},{"type":"Feature","properties":{"name":"Kaikaimako","designation":"Forest Reserve","iucn":"Not Reported","areaKm2":0.0,"status":"Designated","year":0},"geometry":{"type":"Polygon","coordinates":[[[5.9714,13.5703],[5.9657,13.569],[5.961,13.5717],[5.9627,13.5759],[5.9659,13.5803],[5.9726,13.5848],[5.9767,13.5856],[5.9812,13.586],[5.9864,13.5881],[5.9905,13.5953],[5.9953,13.5992],[6.0007,13.6],[6.0056,13.601],[6.0118,13.5984],[6.0137,13.5938],[6.0117,13.5889],[6.0064,13.5864],[6.0005,13.5843],[5.9929,13.5811],[5.986,13.5755],[5.9787,13.5726],[5.9714,13.5703]]]}},{"type":"Feature","properties":{"name":"Goronyo","designation":"Forest Reserve","iucn":"Not Reported","areaKm2":0.0,"status":"Designated","year":0},"geometry":{"type":"Polygon","coordinates":[[[5.8109,13.3684],[5.8178,13.3682],[5.8253,13.3702],[5.8379,13.3744],[5.8501,13.378],[5.8591,13.3802],[5.8654,13.3822],[5.8708,13.3844],[5.8742,13.3961],[5.8755,13.4028],[5.8856,13.3939],[5.8968,13.3829],[5.9077,13.3721],[5.9175,13.3638],[5.9268,13.3553],[5.9348,13.3472],[5.939,13.3423],[5.9311,13.3329],[5.9207,13.3258],[5.9103,13.3198],[5.9035,13.3166],[5.895,13.3208],[5.89,13.3268],[5.8831,13.3298],[5.875,13.3261],[5.8682,13.3209],[5.8595,13.3147],[5.8489,13.3076],[5.8399,13.3017],[5.8228,13.2924],[5.8162,13.289],[5.8117,13.2873],[5.8019,13.2875],[5.7951,13.2874],[5.7873,13.2865],[5.7808,13.285],[5.7656,13.2788],[5.76,13.2763],[5.7511,13.2827],[5.7397,13.2977],[5.7339,13.304],[5.7286,13.3101],[5.7242,13.3137],[5.7194,13.3191],[5.7137,13.325],[5.7101,13.3302],[5.7171,13.3406],[5.7324,13.3611],[5.7402,13.3721],[5.7489,13.3839],[5.756,13.3949],[5.7612,13.4036],[5.772,13.4213],[5.7773,13.4262],[5.7827,13.4246],[5.794,13.4203],[5.8049,13.4165],[5.8132,13.4143],[5.8124,13.4024],[5.8091,13.3935],[5.806,13.3851],[5.8039,13.3783],[5.8021,13.3719],[5.8109,13.3684]]]}},{"type":"Feature","properties":{"name":"Farfar","designation":"Forest Reserve","iucn":"Not Reported","areaKm2":0.0,"status":"Designated","year":0},"geometry":{"type":"Polygon","coordinates":[[[5.8294,13.1582],[5.8233,13.1495],[5.8165,13.1392],[5.8084,13.1274],[5.8001,13.1148],[5.793,13.104],[5.7889,13.0962],[5.7797,13.0945],[5.7557,13.0956],[5.7128,13.0972],[5.6944,13.0983],[5.6778,13.0999],[5.6576,13.1017],[5.6391,13.1035],[5.6239,13.1047],[5.6081,13.1048],[5.5872,13.1053],[5.5865,13.1213],[5.5868,13.131],[5.5863,13.1386],[5.5852,13.1433],[5.5788,13.15],[5.5683,13.1525],[5.5543,13.1569],[5.5484,13.1587],[5.5484,13.1681],[5.5566,13.1889],[5.5583,13.1931],[5.5701,13.1925],[5.5833,13.1917],[5.6022,13.191],[5.6163,13.1898],[5.6288,13.1891],[5.6395,13.1875],[5.6523,13.1863],[5.6621,13.1849],[5.6682,13.1796],[5.6758,13.1707],[5.6828,13.1616],[5.6868,13.1557],[5.6908,13.1487],[5.6958,13.1408],[5.7002,13.132],[5.7063,13.1225],[5.7168,13.1218],[5.7242,13.1214],[5.7201,13.134],[5.7165,13.1444],[5.7147,13.1518],[5.7284,13.1616],[5.7407,13.1701],[5.7481,13.1745],[5.7553,13.176],[5.7642,13.1737],[5.8001,13.165],[5.8266,13.1587],[5.8294,13.1582]]]}},{"type":"Feature","properties":{"name":"Gundumi","designation":"Forest Reserve","iucn":"Not Reported","areaKm2":0.0,"status":"Designated","year":0},"geometry":{"type":"Polygon","coordinates":[[[5.9599,12.9331],[5.9508,12.9323],[5.9383,12.9323],[5.9253,12.9319],[5.907,12.9325],[5.8909,12.9319],[5.8725,12.933],[5.8695,12.9387],[5.8637,12.9437],[5.8538,12.9515],[5.8412,12.961],[5.8366,12.9636],[5.8354,12.9747],[5.8439,12.9736],[5.839,12.9807],[5.8351,12.9851],[5.8325,12.9922],[5.8293,12.9995],[5.8273,13.0079],[5.819,13.0238],[5.8148,13.0337],[5.8087,13.0399],[5.8039,13.0462],[5.7971,13.0598],[5.7942,13.0715],[5.7918,13.0821],[5.7889,13.0938],[5.793,13.104],[5.8001,13.1148],[5.8084,13.1274],[5.8165,13.1392],[5.8233,13.1495],[5.8281,13.1557],[5.8414,13.1595],[5.8569,13.1635],[5.8709,13.1666],[5.8787,13.1688],[5.8887,13.1672],[5.9032,13.1624],[5.9187,13.1584],[5.9302,13.1538],[5.9438,13.1492],[5.9578,13.1438],[5.9859,13.1338],[5.9955,13.1306],[6.0001,13.1278],[6.0025,13.1216],[6.0022,13.1125],[6.0015,13.1072],[6.0035,13.0944],[6.0071,13.0893],[6.0109,13.0845],[6.0155,13.0802],[6.0211,13.076],[6.029,13.0736],[6.0343,13.0735],[6.0396,13.0754],[6.0461,13.0811],[6.0497,13.0855],[6.0526,13.0906],[6.0553,13.0962],[6.0565,13.1009],[6.0573,13.1064],[6.0575,13.111],[6.0568,13.1157],[6.0551,13.122],[6.0533,13.1297],[6.0514,13.1359],[6.0498,13.1412],[6.0489,13.1456],[6.0497,13.1528],[6.0557,13.1575],[6.0601,13.1583],[6.0646,13.158],[6.0696,13.1578],[6.0756,13.1579],[6.0811,13.1587],[6.086,13.1603],[6.0946,13.161],[6.1005,13.1611],[6.1063,13.1619],[6.1116,13.1634],[6.1164,13.1651],[6.1232,13.1656],[6.1316,13.1654],[6.1418,13.1664],[6.1504,13.1677],[6.1577,13.1689],[6.1636,13.1707],[6.1685,13.1714],[6.1887,13.1714],[6.1951,13.1705],[6.2012,13.1712],[6.2095,13.1734],[6.2159,13.1748],[6.22,13.1757],[6.2283,13.1746],[6.2332,13.1728],[6.2377,13.1703],[6.2524,13.1576],[6.2575,13.1525],[6.2631,13.1477],[6.2672,13.1438],[6.2701,13.1396],[6.274,13.1341],[6.2728,13.1244],[6.2698,13.112],[6.2701,13.1048],[6.2713,13.1003],[6.2707,13.0947],[6.2648,13.0928],[6.2465,13.0955],[6.2367,13.0968],[6.2272,13.0974],[6.2212,13.0974],[6.2135,13.097],[6.199,13.0956],[6.1935,13.0946],[6.1894,13.0934],[6.1792,13.0797],[6.175,13.0719],[6.1705,13.065],[6.1662,13.0573],[6.1616,13.0471],[6.1575,13.0387],[6.1532,13.0303],[6.1479,13.0218],[6.1441,13.0152],[6.137,13.0027],[6.1358,12.9984],[6.1317,12.9954],[6.1253,12.9945],[6.118,12.993],[6.1116,12.9893],[6.1081,12.9821],[6.108,12.978],[6.1086,12.9735],[6.1096,12.9694],[6.1098,12.9648],[6.1068,12.9572],[6.0994,12.9512],[6.095,12.95],[6.0894,12.9491],[6.0762,12.9478],[6.07,12.9467],[6.0652,12.945],[6.0507,12.9464],[6.0337,12.9505],[6.0228,12.9536],[6.0143,12.9559],[6.0085,12.9562],[5.9983,12.9572],[5.9913,12.9566],[5.9823,12.9556],[5.9736,12.9468],[5.9651,12.9367],[5.9599,12.9331]]]}},{"type":"Feature","properties":{"name":"Gwadabawa","designation":"Forest Reserve","iucn":"Not Reported","areaKm2":0.0,"status":"Designated","year":0},"geometry":{"type":"Polygon","coordinates":[[[5.2918,13.4098],[5.2898,13.3966],[5.2873,13.384],[5.2816,13.384],[5.277,13.3824],[5.2706,13.3812],[5.2643,13.3819],[5.2549,13.3832],[5.2477,13.3833],[5.2413,13.3825],[5.2371,13.3829],[5.2344,13.3901],[5.2374,13.3955],[5.2418,13.3992],[5.247,13.403],[5.2525,13.4043],[5.2588,13.405],[5.2655,13.4042],[5.2728,13.4019],[5.281,13.4025],[5.2867,13.406],[5.2918,13.4098]],[[5.3228,13.3775],[5.3183,13.3763],[5.3131,13.3775],[5.3066,13.3801],[5.3012,13.385],[5.3012,13.3892],[5.3014,13.3955],[5.3017,13.3997],[5.3032,13.4044],[5.3062,13.4089],[5.3115,13.4124],[5.316,13.4134],[5.3212,13.4142],[5.3277,13.4129],[5.3335,13.4046],[5.3352,13.4004],[5.3359,13.3962],[5.335,13.3917],[5.3325,13.3871],[5.3276,13.3817],[5.3228,13.3775]],[[5.4304,13.3995],[5.4251,13.3979],[5.419,13.3979],[5.4146,13.3976],[5.4078,13.394],[5.4026,13.3931],[5.3963,13.3977],[5.389,13.3994],[5.3819,13.3995],[5.3739,13.3995],[5.3692,13.4],[5.3651,13.4017],[5.3636,13.4075],[5.3689,13.4132],[5.3753,13.4165],[5.3832,13.4191],[5.3906,13.4224],[5.3967,13.4239],[5.4011,13.4248],[5.4075,13.4229],[5.4129,13.421],[5.4196,13.4204],[5.4254,13.4192],[5.43,13.418],[5.4355,13.4137],[5.436,13.4065],[5.4304,13.3995]]]}},{"type":"Feature","properties":{"name":"Unguwa Lalle","designation":"Forest Reserve","iucn":"Not Reported","areaKm2":0.0,"status":"Designated","year":0},"geometry":{"type":"Polygon","coordinates":[[[6.0657,13.5926],[6.0596,13.5894],[6.0533,13.5888],[6.0478,13.5902],[6.0415,13.5912],[6.0373,13.5915],[6.0331,13.5914],[6.0278,13.5925],[6.0274,13.5966],[6.0317,13.5988],[6.0406,13.5994],[6.0467,13.6008],[6.0515,13.6017],[6.0563,13.6038],[6.0626,13.6063],[6.0724,13.6115],[6.0767,13.6131],[6.084,13.6168],[6.0887,13.6178],[6.0922,13.6116],[6.0905,13.6071],[6.0938,13.6011],[6.0891,13.5991],[6.0831,13.5965],[6.0761,13.5947],[6.0708,13.5942],[6.0657,13.5926]]]}},{"type":"Feature","properties":{"name":"Tara","designation":"Forest Reserve","iucn":"Not Reported","areaKm2":0.0,"status":"Designated","year":0},"geometry":{"type":"Polygon","coordinates":[[[6.5222,13.5106],[6.5581,13.4762],[6.5561,13.4714],[6.554,13.4658],[6.5495,13.452],[6.5469,13.4449],[6.5451,13.4381],[6.5438,13.4319],[6.5435,13.4267],[6.5442,13.4199],[6.5448,13.4141],[6.5441,13.4083],[6.5387,13.4056],[6.5312,13.4062],[6.5258,13.4072],[6.5211,13.4078],[6.5083,13.4076],[6.5037,13.4068],[6.4989,13.4067],[6.4928,13.407],[6.4861,13.4079],[6.4805,13.4096],[6.4755,13.4142],[6.4704,13.4165],[6.4616,13.4158],[6.4562,13.415],[6.4509,13.4152],[6.4449,13.4185],[6.4381,13.4235],[6.4298,13.4259],[6.4244,13.4268],[6.4169,13.4302],[6.4129,13.432],[6.4064,13.4353],[6.4111,13.4403],[6.4126,13.4466],[6.4109,13.452],[6.4102,13.4569],[6.4123,13.4656],[6.4145,13.4714],[6.4171,13.4767],[6.4224,13.4844],[6.4268,13.4915],[6.4303,13.4981],[6.4336,13.5025],[6.441,13.5036],[6.4451,13.5067],[6.4474,13.5145],[6.45,13.519],[6.4538,13.5232],[6.4595,13.526],[6.4656,13.5271],[6.4714,13.5292],[6.4755,13.5329],[6.4794,13.5391],[6.4842,13.5451],[6.5222,13.5106]]]}},{"type":"Feature","properties":{"name":"Babban Rafi","designation":"Forest Reserve","iucn":"Not Reported","areaKm2":0.0,"status":"Designated","year":0},"geometry":{"type":"Polygon","coordinates":[[[6.588,13.2488],[6.5807,13.2439],[6.5746,13.2405],[6.5697,13.235],[6.5657,13.2294],[6.5545,13.2155],[6.5452,13.2034],[6.5398,13.1972],[6.5357,13.1926],[6.5326,13.1886],[6.5303,13.1957],[6.5285,13.2008],[6.5262,13.2052],[6.5194,13.2145],[6.5145,13.2199],[6.5111,13.2253],[6.5068,13.2303],[6.5022,13.2348],[6.4985,13.2402],[6.4968,13.2445],[6.4958,13.2521],[6.495,13.2583],[6.4887,13.2642],[6.4838,13.2672],[6.4788,13.2689],[6.4754,13.2763],[6.4732,13.283],[6.4693,13.2879],[6.4646,13.2956],[6.4624,13.3001],[6.4607,13.3046],[6.4583,13.309],[6.4509,13.3139],[6.4442,13.3224],[6.4397,13.3273],[6.4381,13.3338],[6.4394,13.3421],[6.4399,13.3466],[6.4378,13.3529],[6.4325,13.3573],[6.4283,13.3597],[6.4237,13.3659],[6.4245,13.3701],[6.4297,13.3709],[6.4342,13.3699],[6.4392,13.3715],[6.4388,13.3769],[6.4391,13.381],[6.4435,13.3827],[6.4543,13.3799],[6.4605,13.373],[6.462,13.3686],[6.4665,13.3636],[6.4718,13.3622],[6.4779,13.354],[6.4797,13.349],[6.4829,13.3402],[6.4793,13.3355],[6.4797,13.3314],[6.4858,13.3298],[6.4904,13.3277],[6.4946,13.3207],[6.4999,13.316],[6.5067,13.3145],[6.513,13.3105],[6.52,13.3109],[6.525,13.3156],[6.5283,13.323],[6.5345,13.3279],[6.5429,13.3303],[6.5471,13.332],[6.552,13.3341],[6.5582,13.3356],[6.5687,13.3341],[6.5736,13.3311],[6.576,13.3228],[6.577,13.3169],[6.5775,13.3104],[6.5777,13.3034],[6.5796,13.2897],[6.5807,13.2848],[6.5829,13.2784],[6.5851,13.2716],[6.5871,13.2647],[6.5879,13.2569],[6.588,13.2488]]]}},{"type":"Feature","properties":{"name":"Isa Zurmi","designation":"Forest Reserve","iucn":"Not Reported","areaKm2":0.0,"status":"Designated","year":0},"geometry":{"type":"Polygon","coordinates":[[[6.8168,13.1295],[6.8047,13.1318],[6.7979,13.1328],[6.791,13.1311],[6.7854,13.1252],[6.7778,13.1183],[6.7729,13.1156],[6.7682,13.1137],[6.7624,13.1124],[6.7553,13.1126],[6.7477,13.1128],[6.7389,13.1136],[6.734,13.1153],[6.7296,13.1175],[6.7213,13.1192],[6.7166,13.1187],[6.7067,13.1163],[6.6985,13.1146],[6.6868,13.1118],[6.6805,13.1109],[6.6747,13.1109],[6.6677,13.1105],[6.6596,13.1106],[6.652,13.1102],[6.6447,13.1101],[6.638,13.1098],[6.6326,13.1049],[6.6261,13.0949],[6.6207,13.0863],[6.6145,13.0814],[6.6094,13.0826],[6.6049,13.088],[6.6023,13.0936],[6.5996,13.0986],[6.5883,13.1052],[6.5826,13.1092],[6.5782,13.1132],[6.5722,13.1179],[6.5662,13.123],[6.5603,13.1307],[6.5586,13.1347],[6.5562,13.1423],[6.5534,13.148],[6.549,13.1518],[6.5465,13.156],[6.5442,13.1644],[6.5371,13.176],[6.5332,13.1865],[6.5357,13.1926],[6.5398,13.1972],[6.5452,13.2034],[6.5545,13.2155],[6.5657,13.2294],[6.5697,13.235],[6.5746,13.2405],[6.5807,13.2439],[6.588,13.2488],[6.5947,13.2492],[6.604,13.249],[6.6148,13.2492],[6.6212,13.2489],[6.6298,13.2482],[6.6377,13.2485],[6.6445,13.2531],[6.6482,13.2579],[6.653,13.265],[6.6569,13.271],[6.6606,13.2762],[6.6665,13.2789],[6.6841,13.2805],[6.694,13.2819],[6.7052,13.2837],[6.7147,13.2851],[6.7218,13.2874],[6.7593,13.2244],[6.7945,13.1624],[6.8168,13.1295]]]}},{"type":"Feature","properties":{"name":"Zamfara","designation":"Forest Reserve","iucn":"Not Reported","areaKm2":0.0,"status":"Designated","year":0},"geometry":{"type":"Polygon","coordinates":[[[6.8168,13.1295],[6.82,13.1248],[6.8401,13.1],[6.893,13.0379],[6.9305,12.991],[7.0013,12.9904],[7.0106,12.9922],[7.0124,12.9833],[7.0127,12.9771],[7.0127,12.9716],[7.016,12.9649],[7.0206,12.9617],[7.0255,12.9592],[7.0321,12.9572],[7.0383,12.9563],[7.0434,12.9563],[7.0502,12.9508],[7.0536,12.9447],[7.0562,12.9381],[7.0578,12.9332],[7.0587,12.9275],[7.0592,12.9201],[7.0594,12.9116],[7.0598,12.9035],[7.0602,12.8857],[7.0601,12.88],[7.0591,12.8673],[7.0594,12.8614],[7.0593,12.855],[7.0593,12.8474],[7.0599,12.8384],[7.0584,12.823],[7.0577,12.8143],[7.0573,12.8064],[7.0578,12.799],[7.0607,12.7935],[7.0632,12.7881],[7.0644,12.7818],[7.0651,12.7731],[7.0636,12.7528],[7.0622,12.7256],[7.0588,12.6462],[7.0565,12.5988],[7.0549,12.5733],[7.0541,12.5482],[7.0531,12.523],[7.0525,12.4995],[7.051,12.481],[7.0485,12.4586],[7.0468,12.4375],[7.0467,12.4287],[7.0419,12.4096],[7.0417,12.4053],[7.0442,12.3927],[7.0483,12.3775],[7.0519,12.3617],[7.0557,12.3464],[7.0584,12.3324],[7.0613,12.3157],[7.0624,12.3013],[7.0632,12.2914],[7.0652,12.2862],[7.0704,12.2872],[7.0823,12.2901],[7.0895,12.2836],[7.1045,12.27],[7.1183,12.2581],[7.14,12.2405],[7.1646,12.2199],[7.1702,12.215],[7.1673,12.1981],[7.1661,12.1901],[7.1469,12.1692],[7.1432,12.1642],[7.1403,12.1593],[7.1377,12.1525],[7.1352,12.1476],[7.128,12.141],[7.1191,12.1345],[7.1073,12.1255],[7.0981,12.1184],[7.0885,12.1125],[7.087,12.1186],[7.088,12.1246],[7.0858,12.1297],[7.0798,12.1327],[7.0763,12.1384],[7.0803,12.1445],[7.0793,12.1507],[7.0783,12.1593],[7.0733,12.1627],[7.0697,12.1671],[7.0654,12.1698],[7.0586,12.1738],[7.054,12.1745],[7.0475,12.1705],[7.0391,12.1706],[7.0335,12.1741],[7.0319,12.1796],[7.0218,12.1839],[7.0158,12.1887],[7.0077,12.1947],[7.0102,12.1987],[7.0111,12.2043],[7.0084,12.2116],[7.0069,12.2177],[7.0014,12.2196],[6.9974,12.2253],[6.9913,12.2307],[6.9913,12.2361],[6.9905,12.2408],[6.9885,12.246],[6.9838,12.2525],[6.9766,12.2562],[6.9745,12.2607],[6.9688,12.2657],[6.9668,12.2704],[6.9626,12.2747],[6.9584,12.276],[6.9531,12.2778],[6.9504,12.2838],[6.9424,12.2905],[6.9383,12.2933],[6.9329,12.3015],[6.9271,12.3064],[6.9214,12.3092],[6.9131,12.3235],[6.909,12.3292],[6.9052,12.3357],[6.8984,12.3487],[6.8953,12.3547],[6.8924,12.3618],[6.8897,12.3675],[6.8858,12.373],[6.8802,12.3819],[6.8682,12.3989],[6.864,12.4052],[6.8602,12.4105],[6.8568,12.416],[6.8526,12.4217],[6.8489,12.4272],[6.8454,12.4328],[6.8413,12.4386],[6.8374,12.4443],[6.8341,12.4498],[6.8301,12.4551],[6.826,12.46],[6.8234,12.4667],[6.8268,12.4718],[6.831,12.4775],[6.8307,12.4843],[6.8331,12.4912],[6.8389,12.4969],[6.8435,12.4994],[6.8483,12.5013],[6.8532,12.5029],[6.8587,12.5037],[6.8631,12.5048],[6.8682,12.5105],[6.8743,12.5143],[6.8788,12.5205],[6.8843,12.5261],[6.8981,12.5281],[6.9006,12.5343],[6.8993,12.5423],[6.8993,12.5466],[6.8993,12.5514],[6.8986,12.5565],[6.8965,12.5609],[6.8942,12.5664],[6.8901,12.5737],[6.8857,12.579],[6.8782,12.5804],[6.8733,12.5801],[6.8693,12.5805],[6.868,12.5852],[6.8737,12.5942],[6.8718,12.5992],[6.8645,12.6037],[6.8593,12.6079],[6.8596,12.6138],[6.864,12.6171],[6.8677,12.6236],[6.8677,12.6282],[6.8634,12.6351],[6.8608,12.6392],[6.8584,12.644],[6.8556,12.6499],[6.8521,12.6555],[6.8449,12.6668],[6.8413,12.672],[6.8386,12.6763],[6.837,12.6841],[6.8373,12.6887],[6.838,12.6933],[6.8395,12.7003],[6.8417,12.7086],[6.843,12.7155],[6.8443,12.7245],[6.848,12.7383],[6.8506,12.7426],[6.8542,12.7481],[6.8569,12.7528],[6.8584,12.7576],[6.8594,12.7634],[6.8595,12.7701],[6.8595,12.7756],[6.8591,12.7816],[6.8577,12.7856],[6.8511,12.7948],[6.8463,12.8008],[6.8423,12.8062],[6.8377,12.812],[6.8303,12.823],[6.8263,12.8271],[6.822,12.8305],[6.8165,12.8341],[6.8113,12.8377],[6.8072,12.8407],[6.8048,12.8483],[6.8046,12.8525],[6.805,12.8571],[6.8091,12.8646],[6.8195,12.8773],[6.8216,12.8822],[6.8228,12.8873],[6.8245,12.8932],[6.8265,12.8978],[6.8313,12.9024],[6.8403,12.9103],[6.8453,12.9133],[6.851,12.9157],[6.8591,12.9181],[6.8686,12.9205],[6.876,12.9222],[6.8838,12.9235],[6.8943,12.926],[6.8932,12.9346],[6.8911,12.9454],[6.8897,12.9504],[6.8877,12.9564],[6.8859,12.9613],[6.8784,12.9665],[6.8739,12.9675],[6.8651,12.9698],[6.8585,12.9708],[6.8523,12.9712],[6.8475,12.9724],[6.8441,12.9772],[6.8396,12.9803],[6.8308,12.9822],[6.8255,12.9849],[6.8182,12.9849],[6.814,12.9836],[6.812,12.9895],[6.81,12.9966],[6.8029,12.9978],[6.7987,12.9975],[6.7927,12.9995],[6.7878,13.002],[6.7824,13.0033],[6.7776,13.0054],[6.7731,13.0086],[6.7656,13.0134],[6.7602,13.0174],[6.754,13.0222],[6.7473,13.026],[6.7416,13.0373],[6.7365,13.0451],[6.7327,13.0515],[6.7302,13.0569],[6.7274,13.062],[6.7225,13.071],[6.7204,13.0772],[6.7184,13.0835],[6.7175,13.0889],[6.7189,13.0934],[6.7275,13.0999],[6.729,13.106],[6.7276,13.1131],[6.726,13.119],[6.734,13.1153],[6.7389,13.1136],[6.7477,13.1128],[6.7553,13.1126],[6.7624,13.1124],[6.7682,13.1137],[6.7729,13.1156],[6.7778,13.1183],[6.7825,13.1218],[6.788,13.1288],[6.7945,13.1325],[6.8047,13.1318],[6.8129,13.1304],[6.8168,13.1295]]]}},{"type":"Feature","properties":{"name":"Guidan Baure","designation":"Forest Reserve","iucn":"Not Reported","areaKm2":0.0,"status":"Designated","year":0},"geometry":{"type":"Polygon","coordinates":[[[7.132,12.9923],[7.1303,12.9882],[7.1282,12.9822],[7.1274,12.9764],[7.1259,12.9696],[7.1231,12.9625],[7.1199,12.9569],[7.1167,12.9528],[7.1126,12.95],[7.1075,12.9478],[7.1027,12.9474],[7.0918,12.9494],[7.0853,12.9517],[7.0808,12.9535],[7.0752,12.9576],[7.0707,12.9623],[7.0642,12.9723],[7.0608,12.978],[7.0579,12.9833],[7.0548,12.989],[7.0527,12.9957],[7.0551,13.0009],[7.0607,13.002],[7.0737,13.0063],[7.076,12.9959],[7.0812,12.9915],[7.0869,12.9907],[7.0934,12.99],[7.0989,12.9901],[7.1066,12.9925],[7.1109,12.9979],[7.1156,13.0057],[7.1196,13.0127],[7.1242,13.0191],[7.1291,13.0243],[7.1459,13.0297],[7.1549,13.0398],[7.1624,13.043],[7.1676,13.0442],[7.1726,13.0448],[7.1769,13.0437],[7.1812,13.0408],[7.1821,13.0342],[7.1771,13.0257],[7.1721,13.0229],[7.1652,13.0204],[7.1574,13.0169],[7.1518,13.0147],[7.147,13.0104],[7.1387,13.0027],[7.1329,12.9959],[7.132,12.9923]]]}},{"type":"Feature","properties":{"name":"Djibia","designation":"Forest Reserve","iucn":"Not Reported","areaKm2":0.0,"status":"Designated","year":0},"geometry":{"type":"Polygon","coordinates":[[[7.2387,13.0176],[7.2302,13.0211],[7.2271,13.0282],[7.2214,13.0457],[7.2195,13.0505],[7.2185,13.055],[7.2191,13.0591],[7.2243,13.0655],[7.231,13.0665],[7.2367,13.0613],[7.2408,13.0582],[7.2424,13.051],[7.2425,13.0467],[7.2455,13.0417],[7.2482,13.0372],[7.2476,13.033],[7.2461,13.0277],[7.2446,13.0236],[7.241,13.0187],[7.2387,13.0176]]]}},{"type":"Feature","properties":{"name":"Mazanbiya","designation":"Forest Reserve","iucn":"Not Reported","areaKm2":0.0,"status":"Designated","year":0},"geometry":{"type":"Polygon","coordinates":[[[7.294,13.0424],[7.2878,13.0422],[7.2831,13.0424],[7.2786,13.0446],[7.2747,13.0509],[7.2753,13.0551],[7.2779,13.0591],[7.2861,13.064],[7.2903,13.0648],[7.2955,13.0642],[7.3007,13.0633],[7.3052,13.0621],[7.3097,13.0584],[7.3092,13.0538],[7.307,13.0489],[7.2985,13.0435],[7.294,13.0424]]]}},{"type":"Feature","properties":{"name":"Yangaiya","designation":"Forest Reserve","iucn":"Not Reported","areaKm2":0.0,"status":"Designated","year":0},"geometry":{"type":"Polygon","coordinates":[[[7.3519,13.0106],[7.3497,13.0058],[7.3438,13.0047],[7.3371,13.0066],[7.3299,13.0069],[7.3232,13.0079],[7.3155,13.0091],[7.31,13.0072],[7.3053,13.0073],[7.3041,13.0119],[7.3089,13.0156],[7.314,13.0159],[7.3207,13.0187],[7.3249,13.022],[7.3306,13.0252],[7.336,13.0272],[7.3401,13.029],[7.3471,13.0294],[7.3519,13.0259],[7.3527,13.0185],[7.3529,13.0143],[7.3519,13.0106]]]}},{"type":"Feature","properties":{"name":"Rafin Hill","designation":"Forest Reserve","iucn":"Not Reported","areaKm2":0.0,"status":"Designated","year":0},"geometry":{"type":"Polygon","coordinates":[[[7.3858,13.0205],[7.3814,13.0204],[7.3772,13.0207],[7.3705,13.0248],[7.3652,13.0311],[7.3611,13.0353],[7.3649,13.041],[7.3702,13.0423],[7.3775,13.0435],[7.3825,13.0435],[7.3887,13.042],[7.395,13.0389],[7.3992,13.0361],[7.4015,13.0293],[7.4006,13.0251],[7.3959,13.0217],[7.3914,13.0208],[7.3858,13.0205]]]}},{"type":"Feature","properties":{"name":"Dutsin Kuba","designation":"Forest Reserve","iucn":"Not Reported","areaKm2":0.0,"status":"Designated","year":0},"geometry":{"type":"Polygon","coordinates":[[[7.4278,13.0622],[7.4326,13.057],[7.4331,13.0508],[7.4278,13.0511],[7.4257,13.0575],[7.4207,13.0605],[7.4153,13.0594],[7.408,13.0591],[7.4036,13.0607],[7.3969,13.0654],[7.3951,13.0711],[7.3955,13.0759],[7.3964,13.0826],[7.3959,13.0873],[7.3918,13.0922],[7.3945,13.0974],[7.3939,13.1039],[7.4114,13.1087],[7.4121,13.1008],[7.4169,13.0948],[7.4197,13.0876],[7.4211,13.0834],[7.4246,13.0772],[7.4248,13.072],[7.4239,13.0677],[7.4278,13.0622]]]}},{"type":"Feature","properties":{"name":"Kadobi","designation":"Forest Reserve","iucn":"Not Reported","areaKm2":0.0,"status":"Designated","year":0},"geometry":{"type":"Polygon","coordinates":[[[7.3787,13.0669],[7.3724,13.0651],[7.3674,13.0669],[7.3636,13.0733],[7.3615,13.0809],[7.3586,13.0851],[7.3523,13.0889],[7.3477,13.0947],[7.3499,13.099],[7.3571,13.0993],[7.365,13.0948],[7.3705,13.09],[7.373,13.0844],[7.3693,13.0795],[7.3711,13.0744],[7.3781,13.0719],[7.3787,13.0669]]]}},{"type":"Feature","properties":{"name":"Madatai","designation":"Forest Reserve","iucn":"Not Reported","areaKm2":0.0,"status":"Designated","year":0},"geometry":{"type":"Polygon","coordinates":[[[7.5858,13.1447],[7.5858,13.1323],[7.5862,13.1271],[7.5873,13.1213],[7.5913,13.1112],[7.5944,13.1044],[7.5947,13.0994],[7.5895,13.0974],[7.5838,13.0975],[7.5783,13.0949],[7.5774,13.0838],[7.5765,13.0788],[7.5748,13.0744],[7.5702,13.0675],[7.5652,13.0655],[7.5611,13.0679],[7.5558,13.0696],[7.5498,13.0705],[7.547,13.0768],[7.5468,13.0818],[7.5454,13.0879],[7.5418,13.0928],[7.5368,13.0947],[7.5328,13.0956],[7.5269,13.0995],[7.5232,13.1062],[7.519,13.1087],[7.5158,13.113],[7.5144,13.1177],[7.5093,13.1163],[7.504,13.1142],[7.4974,13.1177],[7.492,13.1198],[7.485,13.1191],[7.4771,13.1152],[7.4701,13.1087],[7.4678,13.1042],[7.4625,13.1022],[7.4515,13.1083],[7.4503,13.1137],[7.4552,13.1212],[7.4579,13.128],[7.4594,13.1329],[7.4877,13.1497],[7.4934,13.1467],[7.4986,13.1453],[7.5018,13.1387],[7.5091,13.1352],[7.5136,13.1351],[7.5178,13.136],[7.522,13.1376],[7.5278,13.1389],[7.5333,13.1396],[7.5393,13.1398],[7.5452,13.1396],[7.5517,13.1415],[7.5548,13.1467],[7.555,13.153],[7.5511,13.1576],[7.5434,13.1595],[7.5381,13.1622],[7.5356,13.1674],[7.5359,13.1725],[7.5354,13.1781],[7.567,13.1969],[7.5684,13.1902],[7.5668,13.1812],[7.5657,13.1741],[7.5654,13.1678],[7.5646,13.1581],[7.5726,13.1546],[7.5783,13.1545],[7.5823,13.1535],[7.586,13.1493],[7.5858,13.1447]]]}},{"type":"Feature","properties":{"name":"Kabobi","designation":"Forest Reserve","iucn":"Not Reported","areaKm2":0.0,"status":"Designated","year":0},"geometry":{"type":"Polygon","coordinates":[[[7.6939,13.2181],[7.6928,13.2119],[7.6876,13.2129],[7.6784,13.2168],[7.6731,13.2156],[7.6633,13.2141],[7.6571,13.2121],[7.6524,13.2126],[7.6524,13.2187],[7.6588,13.2251],[7.6631,13.2272],[7.6697,13.2255],[7.6777,13.2226],[7.682,13.2216],[7.6868,13.2203],[7.6909,13.2192],[7.6939,13.2181]]]}},{"type":"Feature","properties":{"name":"Dan Kabba","designation":"Forest Reserve","iucn":"Not Reported","areaKm2":0.0,"status":"Designated","year":0},"geometry":{"type":"Polygon","coordinates":[[[7.7231,13.2241],[7.7263,13.2153],[7.7269,13.2112],[7.7185,13.209],[7.7131,13.2091],[7.709,13.2092],[7.7043,13.2097],[7.7024,13.2138],[7.704,13.2196],[7.7084,13.222],[7.7148,13.2223],[7.7192,13.2236],[7.7231,13.2241]]]}},{"type":"Feature","properties":{"name":"Garu Gingna","designation":"Forest Reserve","iucn":"Not Reported","areaKm2":0.0,"status":"Designated","year":0},"geometry":{"type":"Polygon","coordinates":[[[7.7418,13.1638],[7.7359,13.1644],[7.7342,13.1731],[7.7366,13.179],[7.7444,13.1807],[7.7493,13.1758],[7.7505,13.1705],[7.7418,13.1638]]]}},{"type":"Feature","properties":{"name":"Dawan Allah","designation":"Forest Reserve","iucn":"Not Reported","areaKm2":0.0,"status":"Designated","year":0},"geometry":{"type":"Polygon","coordinates":[[[7.7761,13.2356],[7.7848,13.2348],[7.7913,13.2352],[7.7962,13.2349],[7.8016,13.2325],[7.8064,13.2292],[7.8107,13.2261],[7.8169,13.2216],[7.8222,13.2201],[7.8271,13.2189],[7.832,13.2153],[7.8351,13.205],[7.8302,13.1981],[7.8291,13.1881],[7.829,13.1821],[7.8304,13.174],[7.8295,13.1696],[7.8268,13.1649],[7.8224,13.1644],[7.8177,13.1672],[7.8134,13.1677],[7.8099,13.1763],[7.8083,13.1824],[7.8078,13.1879],[7.8056,13.1927],[7.8024,13.2001],[7.8,13.2047],[7.7947,13.2102],[7.7891,13.2119],[7.7842,13.2126],[7.779,13.2129],[7.7743,13.2131],[7.7686,13.2149],[7.7674,13.2191],[7.7658,13.2247],[7.7636,13.2348],[7.7702,13.2385],[7.7761,13.2356]]]}},{"type":"Feature","properties":{"name":"Duisin Bamli","designation":"Forest Reserve","iucn":"Not Reported","areaKm2":0.0,"status":"Designated","year":0},"geometry":{"type":"Polygon","coordinates":[[[7.8949,13.2489],[7.9004,13.2485],[7.9063,13.2493],[7.9116,13.25],[7.9171,13.249],[7.9189,13.2441],[7.9258,13.2409],[7.9232,13.2367],[7.9191,13.2316],[7.9168,13.2272],[7.9121,13.2244],[7.9071,13.2176],[7.9058,13.2035],[7.9048,13.199],[7.8993,13.1961],[7.8943,13.1981],[7.8938,13.2082],[7.8937,13.2144],[7.8941,13.2222],[7.8935,13.2274],[7.8917,13.234],[7.8866,13.2382],[7.8838,13.2441],[7.8858,13.2505],[7.89,13.2503],[7.8949,13.2489]]]}},{"type":"Feature","properties":{"name":"Dono","designation":"Forest Reserve","iucn":"Not Reported","areaKm2":0.0,"status":"Designated","year":0},"geometry":{"type":"Polygon","coordinates":[[[7.8472,13.2683],[7.8388,13.2691],[7.8364,13.2811],[7.8362,13.2856],[7.8343,13.2906],[7.8291,13.2933],[7.8244,13.2943],[7.8236,13.2985],[7.8299,13.2986],[7.8382,13.2976],[7.8433,13.296],[7.8442,13.2853],[7.8445,13.281],[7.8455,13.2761],[7.8469,13.2705],[7.8472,13.2683]]]}},{"type":"Feature","properties":{"name":"Dan Babba","designation":"Forest Reserve","iucn":"Not Reported","areaKm2":0.0,"status":"Designated","year":0},"geometry":{"type":"Polygon","coordinates":[[[7.8976,13.286],[7.8927,13.2842],[7.8859,13.2861],[7.8828,13.2901],[7.8739,13.2964],[7.8698,13.2976],[7.8635,13.2984],[7.8634,13.3038],[7.868,13.3054],[7.8745,13.3068],[7.8812,13.3079],[7.8864,13.308],[7.892,13.3066],[7.8949,13.3002],[7.8955,13.2959],[7.8974,13.2896],[7.8976,13.286]]]}},{"type":"Feature","properties":{"name":"Daura","designation":"Forest Reserve","iucn":"Not Reported","areaKm2":0.0,"status":"Designated","year":0},"geometry":{"type":"Polygon","coordinates":[[[8.317,12.9963],[8.3223,12.9966],[8.3266,12.9967],[8.3212,12.9929],[8.3159,12.9912],[8.3154,12.9863],[8.3179,12.981],[8.3221,12.9756],[8.3241,12.9685],[8.319,12.9745],[8.3163,12.97],[8.3128,12.9744],[8.308,12.9766],[8.3042,12.9723],[8.298,12.9767],[8.2924,12.9783],[8.2935,12.9836],[8.2923,12.989],[8.2909,12.9941],[8.2911,12.9989],[8.2915,13.0044],[8.2923,13.0101],[8.2928,13.0147],[8.2924,13.0187],[8.2865,13.0225],[8.2889,13.0269],[8.2944,13.0263],[8.2967,13.021],[8.2995,13.0151],[8.301,13.0089],[8.303,13.0049],[8.3084,13.0026],[8.3134,13.001],[8.317,12.9963]]]}},{"type":"Feature","properties":{"name":"Badauri","designation":"Forest Reserve","iucn":"Not Reported","areaKm2":0.0,"status":"Designated","year":0},"geometry":{"type":"Polygon","coordinates":[[[8.0978,13.0773],[8.0937,13.0845],[8.0941,13.0918],[8.0931,13.0982],[8.0924,13.1054],[8.0928,13.1096],[8.0971,13.1054],[8.0999,13.0996],[8.1008,13.0956],[8.1014,13.0915],[8.1017,13.0848],[8.0998,13.0801],[8.0978,13.0773]]]}},{"type":"Feature","properties":{"name":"Bazairam","designation":"Forest Reserve","iucn":"Not Reported","areaKm2":0.0,"status":"Designated","year":0},"geometry":{"type":"Polygon","coordinates":[[[9.9884,13.0104],[9.9808,13.0084],[9.9685,13.0089],[9.9625,13.0081],[9.9581,13.0073],[9.9472,13.0046],[9.942,13.0032],[9.9344,13.0018],[9.9302,13.0016],[9.9228,13.0039],[9.9178,13.0101],[9.9179,13.018],[9.9223,13.0251],[9.9264,13.0321],[9.9326,13.0407],[9.937,13.044],[9.942,13.0481],[9.9519,13.0547],[9.9578,13.0579],[9.9625,13.0604],[9.9669,13.0624],[9.9711,13.0638],[9.9766,13.0648],[9.9815,13.0653],[9.9876,13.0661],[9.9931,13.0667],[9.9988,13.0665],[10.0061,13.0616],[10.0092,13.0548],[10.0084,13.0448],[10.0065,13.0385],[10.0045,13.0329],[10.0017,13.0279],[9.9989,13.0218],[9.9958,13.0176],[9.9917,13.0131],[9.9884,13.0104]]]}},{"type":"Feature","properties":{"name":"Matsena","designation":"Forest Reserve","iucn":"Not Reported","areaKm2":0.0,"status":"Designated","year":0},"geometry":{"type":"Polygon","coordinates":[[[10.1586,13.0077],[10.1543,13.0045],[10.1471,13.0019],[10.1423,13.0016],[10.1345,13.002],[10.1278,13.0027],[10.1224,13.0035],[10.1182,13.0045],[10.112,13.006],[10.1074,13.0064],[10.101,13.0064],[10.0985,13.0135],[10.0985,13.0187],[10.0983,13.023],[10.1008,13.0285],[10.1049,13.032],[10.1094,13.0376],[10.1165,13.0442],[10.1204,13.0501],[10.124,13.0554],[10.1307,13.0639],[10.135,13.0679],[10.1418,13.0731],[10.1475,13.0812],[10.1493,13.0853],[10.1499,13.0912],[10.1472,13.0956],[10.1413,13.1021],[10.1398,13.1081],[10.1431,13.1141],[10.1467,13.1182],[10.1511,13.1211],[10.1588,13.1244],[10.1659,13.1277],[10.1728,13.1311],[10.1778,13.1327],[10.1905,13.1372],[10.1961,13.1396],[10.2086,13.1447],[10.2137,13.1472],[10.2207,13.1479],[10.2286,13.1448],[10.2328,13.1419],[10.2375,13.1384],[10.2457,13.1322],[10.2503,13.1289],[10.2544,13.1225],[10.2559,13.116],[10.2558,13.1117],[10.2545,13.1012],[10.2537,13.0968],[10.2496,13.0895],[10.2421,13.0812],[10.2368,13.0767],[10.2319,13.0736],[10.2208,13.067],[10.2163,13.0655],[10.2115,13.0647],[10.2067,13.0633],[10.1999,13.0602],[10.1928,13.0527],[10.1848,13.045],[10.1794,13.0396],[10.1749,13.031],[10.1732,13.0265],[10.1719,13.0221],[10.1676,13.0155],[10.1586,13.0077]]]}},{"type":"Feature","properties":{"name":"Gumsi","designation":"Forest Reserve","iucn":"Not Reported","areaKm2":0.0,"status":"Designated","year":0},"geometry":{"type":"Polygon","coordinates":[[[10.4058,13.1056],[10.3975,13.0992],[10.3891,13.0989],[10.3828,13.1007],[10.3759,13.1022],[10.371,13.1026],[10.3664,13.1016],[10.3598,13.099],[10.3514,13.0933],[10.3452,13.0923],[10.3361,13.0987],[10.3315,13.1023],[10.3257,13.1058],[10.319,13.1124],[10.3132,13.1192],[10.3091,13.1228],[10.3066,13.1271],[10.3066,13.1352],[10.3081,13.14],[10.3112,13.1449],[10.3131,13.1498],[10.3151,13.1556],[10.3173,13.1627],[10.3197,13.17],[10.3219,13.1762],[10.3246,13.1815],[10.3288,13.1867],[10.3337,13.1916],[10.339,13.1951],[10.3515,13.202],[10.3588,13.2049],[10.3731,13.2096],[10.3803,13.2128],[10.3896,13.2162],[10.3972,13.2185],[10.4036,13.2211],[10.4085,13.2224],[10.4216,13.2243],[10.427,13.2246],[10.4336,13.2233],[10.437,13.2176],[10.4375,13.2115],[10.4372,13.2068],[10.4358,13.2004],[10.4345,13.1929],[10.4335,13.1849],[10.4324,13.1775],[10.4306,13.1688],[10.4291,13.1608],[10.4276,13.154],[10.4234,13.1406],[10.4196,13.1331],[10.4171,13.1251],[10.4135,13.1163],[10.41,13.1105],[10.4058,13.1056]]]}},{"type":"Feature","properties":{"name":"Kilboa","designation":"Forest Reserve","iucn":"Not Reported","areaKm2":0.0,"status":"Designated","year":0},"geometry":{"type":"Polygon","coordinates":[[[11.2479,13.2603],[11.2464,13.2529],[11.2453,13.2485],[11.2454,13.2417],[11.2455,13.2366],[11.2459,13.2314],[11.2444,13.2268],[11.2425,13.2218],[11.2362,13.2205],[11.2303,13.2215],[11.2244,13.2167],[11.2206,13.2101],[11.2162,13.2022],[11.2127,13.1963],[11.2101,13.1918],[11.2076,13.1863],[11.2024,13.1781],[11.1944,13.1718],[11.1873,13.1669],[11.1829,13.1642],[11.1782,13.1639],[11.1778,13.1714],[11.1796,13.1757],[11.1795,13.1799],[11.1725,13.1842],[11.1702,13.1909],[11.1722,13.1978],[11.1745,13.2024],[11.1799,13.2107],[11.1854,13.2162],[11.1895,13.2232],[11.1915,13.2278],[11.1943,13.2336],[11.1959,13.2387],[11.1949,13.2463],[11.1921,13.2513],[11.19,13.2578],[11.191,13.2628],[11.1953,13.2675],[11.2018,13.2664],[11.2074,13.2627],[11.2172,13.2564],[11.2231,13.2573],[11.2235,13.2643],[11.2207,13.2692],[11.2169,13.2735],[11.213,13.2784],[11.2098,13.2858],[11.2109,13.2912],[11.2151,13.2959],[11.2229,13.2985],[11.2279,13.299],[11.2329,13.2998],[11.2381,13.2992],[11.2422,13.2982],[11.249,13.2955],[11.2529,13.2896],[11.2518,13.2828],[11.249,13.2679],[11.2479,13.2603]]]}},{"type":"Feature","properties":{"name":"Ngamzagi","designation":"Forest Reserve","iucn":"Not Reported","areaKm2":0.0,"status":"Designated","year":0},"geometry":{"type":"Polygon","coordinates":[[[12.3197,12.9463],[12.3094,12.9456],[12.3051,12.9451],[12.2995,12.9431],[12.2939,12.9414],[12.288,12.9457],[12.2853,12.9524],[12.2831,12.9571],[12.2882,12.9628],[12.2923,12.9643],[12.3075,12.9649],[12.3117,12.9656],[12.3171,12.9653],[12.3186,12.9589],[12.3189,12.9521],[12.3197,12.9463]],[[12.3884,13.0199],[12.3947,13.0177],[12.3986,13.0129],[12.3994,13.0071],[12.4038,13.002],[12.4086,13.0008],[12.4175,12.9988],[12.42,12.9944],[12.4204,12.9869],[12.4181,12.9826],[12.4112,12.98],[12.4047,12.9794],[12.3957,12.9818],[12.3884,12.9834],[12.3844,12.9831],[12.3801,12.9817],[12.376,12.9794],[12.3718,12.9776],[12.3673,12.9786],[12.3622,12.9803],[12.358,12.9806],[12.352,12.9807],[12.3473,12.9803],[12.3392,12.9837],[12.3351,12.9881],[12.3348,12.9927],[12.3349,12.9978],[12.3334,13.0031],[12.3363,13.0078],[12.3415,13.0098],[12.3457,13.015],[12.3519,13.0124],[12.3568,13.0086],[12.3622,13.0125],[12.3651,13.0168],[12.3709,13.02],[12.3767,13.0195],[12.3813,13.0207],[12.3884,13.0199]]]}},{"type":"Feature","properties":{"name":"Damasak","designation":"Forest Reserve","iucn":"Not Reported","areaKm2":0.0,"status":"Designated","year":0},"geometry":{"type":"Polygon","coordinates":[[[12.6146,13.1169],[12.6093,13.1185],[12.6074,13.1231],[12.6082,13.1284],[12.6113,13.1329],[12.6124,13.1384],[12.6126,13.1426],[12.6103,13.1489],[12.6085,13.1531],[12.6069,13.1587],[12.6054,13.1639],[12.6065,13.1703],[12.61,13.1773],[12.6155,13.1818],[12.6221,13.1834],[12.6277,13.1828],[12.6324,13.1782],[12.634,13.1694],[12.6343,13.1645],[12.6327,13.1596],[12.6319,13.1551],[12.6311,13.1474],[12.6298,13.1425],[12.6241,13.1291],[12.6214,13.124],[12.6187,13.1195],[12.6146,13.1169]],[[12.6235,13.2132],[12.6162,13.2133],[12.6114,13.2147],[12.6085,13.2207],[12.6082,13.2264],[12.6073,13.2347],[12.6114,13.2415],[12.618,13.2477],[12.6222,13.2482],[12.6248,13.2419],[12.6262,13.2364],[12.6257,13.2315],[12.6322,13.225],[12.6334,13.2202],[12.6294,13.2154],[12.6235,13.2132]]]}},{"type":"Feature","properties":{"name":"Garunda","designation":"Forest Reserve","iucn":"Not Reported","areaKm2":0.0,"status":"Designated","year":0},"geometry":{"type":"Polygon","coordinates":[[[12.9301,13.0228],[12.9219,13.0229],[12.9161,13.0252],[12.9109,13.027],[12.9056,13.0297],[12.8997,13.0334],[12.8919,13.0399],[12.8872,13.0433],[12.8894,13.0485],[12.8935,13.0527],[12.897,13.0568],[12.9016,13.0632],[12.9145,13.0584],[12.9197,13.0549],[12.9241,13.0517],[12.9283,13.0484],[12.9328,13.045],[12.9373,13.0423],[12.9428,13.0383],[12.9392,13.0317],[12.9351,13.0283],[12.9301,13.0228]]]}},{"type":"Feature","properties":{"name":"Garere","designation":"Forest Reserve","iucn":"Not Reported","areaKm2":0.0,"status":"Designated","year":0},"geometry":{"type":"Polygon","coordinates":[[[13.2779,13.225],[13.2729,13.2258],[13.2715,13.2313],[13.2732,13.2422],[13.2732,13.2501],[13.2725,13.2544],[13.2719,13.2596],[13.2715,13.2646],[13.2712,13.2729],[13.2705,13.282],[13.2716,13.2862],[13.2779,13.2889],[13.2833,13.2898],[13.291,13.2851],[13.2953,13.2813],[13.3014,13.275],[13.3086,13.2722],[13.3133,13.2709],[13.3179,13.2701],[13.3235,13.2698],[13.3284,13.2693],[13.3339,13.2657],[13.3363,13.2609],[13.3352,13.2559],[13.3279,13.2508],[13.3225,13.2479],[13.317,13.2457],[13.3104,13.2443],[13.3038,13.2421],[13.2928,13.2402],[13.2866,13.2362],[13.2843,13.232],[13.2804,13.2267],[13.2779,13.225]]]}},{"type":"Feature","properties":{"name":"Yo","designation":"Forest Reserve","iucn":"Not Reported","areaKm2":0.0,"status":"Designated","year":0},"geometry":{"type":"Polygon","coordinates":[[[13.3091,13.4588],[13.3046,13.4566],[13.2996,13.457],[13.2944,13.4578],[13.2886,13.4579],[13.2798,13.4587],[13.2739,13.4569],[13.2688,13.4504],[13.2612,13.4382],[13.2576,13.4296],[13.2554,13.4244],[13.2535,13.4194],[13.2518,13.4152],[13.2481,13.4086],[13.2395,13.4037],[13.2327,13.4003],[13.227,13.4007],[13.2205,13.4068],[13.2174,13.4128],[13.2114,13.4215],[13.209,13.4263],[13.2073,13.4335],[13.208,13.4392],[13.2091,13.4433],[13.2115,13.4511],[13.2128,13.4562],[13.211,13.4616],[13.2079,13.4669],[13.2028,13.4725],[13.2,13.4789],[13.2005,13.4843],[13.2014,13.4902],[13.2049,13.4952],[13.2136,13.501],[13.2242,13.5054],[13.229,13.507],[13.2331,13.5082],[13.2407,13.5123],[13.2453,13.5148],[13.251,13.517],[13.2552,13.5163],[13.2604,13.5109],[13.2633,13.5065],[13.2676,13.5011],[13.2733,13.4936],[13.2785,13.4895],[13.2826,13.4871],[13.2918,13.4848],[13.2976,13.4816],[13.3093,13.4695],[13.3113,13.4649],[13.3091,13.4588]]]}},{"type":"Feature","properties":{"name":"Kalurwa","designation":"Forest Reserve","iucn":"Not Reported","areaKm2":0.0,"status":"Designated","year":0},"geometry":{"type":"Polygon","coordinates":[[[13.6103,12.9566],[13.598,12.9408],[13.594,12.9402],[13.5868,12.9427],[13.575,12.946],[13.5661,12.9488],[13.5598,12.9507],[13.5528,12.9479],[13.5451,12.9443],[13.5394,12.95],[13.5418,12.9579],[13.5443,12.9692],[13.5451,12.9763],[13.5463,12.9804],[13.5565,12.9866],[13.5643,12.9916],[13.5695,12.9952],[13.5772,12.9923],[13.581,12.9769],[13.5897,12.9718],[13.6072,12.959],[13.6103,12.9566]]]}},{"type":"Feature","properties":{"name":"Kukawa","designation":"Forest Reserve","iucn":"Not Reported","areaKm2":0.0,"status":"Designated","year":0},"geometry":{"type":"Polygon","coordinates":[[[13.6274,12.9386],[13.6196,12.9362],[13.6135,12.9452],[13.615,12.9575],[13.617,12.9735],[13.6186,12.9872],[13.6192,12.992],[13.621,12.9961],[13.6288,12.9954],[13.631,12.9799],[13.635,12.962],[13.6371,12.9488],[13.6384,12.9415],[13.6274,12.9386]]]}},{"type":"Feature","properties":{"name":"Yede","designation":"Forest Reserve","iucn":"Not Reported","areaKm2":0.0,"status":"Designated","year":0},"geometry":{"type":"Polygon","coordinates":[[[13.7925,12.5072],[13.7881,12.51],[13.786,12.5165],[13.7914,12.5259],[13.7963,12.5301],[13.8011,12.5381],[13.8066,12.541],[13.8081,12.534],[13.8073,12.5274],[13.8043,12.5201],[13.7996,12.5125],[13.7925,12.5072]]]}},{"type":"Feature","properties":{"name":"Zaga","designation":"Forest Reserve","iucn":"Not Reported","areaKm2":0.0,"status":"Designated","year":0},"geometry":{"type":"Polygon","coordinates":[[[13.8883,12.4904],[13.8867,12.4825],[13.8859,12.4758],[13.8847,12.4703],[13.8867,12.4631],[13.8841,12.4587],[13.8736,12.4449],[13.8685,12.4425],[13.8613,12.4511],[13.8585,12.4598],[13.8557,12.4664],[13.8479,12.4696],[13.8378,12.4702],[13.8322,12.4698],[13.8272,12.4676],[13.8196,12.4708],[13.8145,12.4746],[13.8107,12.4792],[13.8114,12.4902],[13.8134,12.4952],[13.8216,12.499],[13.8287,12.4958],[13.8303,12.4912],[13.8356,12.4873],[13.8442,12.4876],[13.8513,12.4884],[13.8556,12.4886],[13.8591,12.4931],[13.8617,12.5082],[13.8625,12.5139],[13.8657,12.5195],[13.8739,12.5184],[13.8789,12.5103],[13.8802,12.505],[13.8877,12.498],[13.8883,12.4904]]]}},{"type":"Feature","properties":{"name":"Moma","designation":"Forest Reserve","iucn":"Not Reported","areaKm2":0.0,"status":"Designated","year":0},"geometry":{"type":"Polygon","coordinates":[[[13.5993,12.3137],[13.5952,12.3132],[13.5897,12.3148],[13.5853,12.3197],[13.5853,12.325],[13.5895,12.3281],[13.5956,12.3341],[13.5994,12.3298],[13.5997,12.3245],[13.6013,12.3177],[13.5993,12.3137]]]}},{"type":"Feature","properties":{"name":"Wamiri","designation":"Forest Reserve","iucn":"Not Reported","areaKm2":0.0,"status":"Designated","year":0},"geometry":{"type":"Polygon","coordinates":[[[13.5179,12.8061],[13.5086,12.7982],[13.5034,12.8059],[13.4952,12.818],[13.4972,12.8254],[13.5142,12.8407],[13.5198,12.8467],[13.5306,12.8632],[13.5401,12.8464],[13.5332,12.8226],[13.5179,12.8061]]]}},{"type":"Feature","properties":{"name":"Mawulli","designation":"Forest Reserve","iucn":"Not Reported","areaKm2":0.0,"status":"Designated","year":0},"geometry":{"type":"Polygon","coordinates":[[[13.7192,12.274],[13.7131,12.2743],[13.7062,12.2776],[13.702,12.2821],[13.7055,12.2887],[13.7112,12.2934],[13.7177,12.2981],[13.7233,12.2987],[13.7293,12.2923],[13.7318,12.285],[13.7287,12.2798],[13.7231,12.2758],[13.7192,12.274]],[[13.6729,12.3306],[13.6669,12.3331],[13.663,12.3405],[13.6612,12.3457],[13.6674,12.3488],[13.6726,12.3508],[13.6771,12.353],[13.6823,12.3548],[13.6881,12.3523],[13.6929,12.3494],[13.6959,12.344],[13.6895,12.3373],[13.6818,12.3342],[13.6751,12.3312],[13.6729,12.3306]]]}},{"type":"Feature","properties":{"name":"Gadadri","designation":"Forest Reserve","iucn":"Not Reported","areaKm2":0.0,"status":"Designated","year":0},"geometry":{"type":"Polygon","coordinates":[[[13.842,12.2197],[13.8368,12.2218],[13.821,12.2353],[13.8191,12.2411],[13.8364,12.2414],[13.8414,12.241],[13.8505,12.2401],[13.8498,12.2351],[13.846,12.2267],[13.8434,12.2217],[13.842,12.2197]]]}},{"type":"Feature","properties":{"name":"Ngala","designation":"Forest Reserve","iucn":"Not Reported","areaKm2":0.0,"status":"Designated","year":0},"geometry":{"type":"Polygon","coordinates":[[[14.1736,12.3819],[14.1683,12.3807],[14.1605,12.3816],[14.1565,12.3946],[14.153,12.4048],[14.1606,12.4042],[14.1666,12.3969],[14.1717,12.391],[14.1769,12.3879],[14.1773,12.3838],[14.1736,12.3819]]]}},{"type":"Feature","properties":{"name":"Meleri","designation":"Forest Reserve","iucn":"Not Reported","areaKm2":0.0,"status":"Designated","year":0},"geometry":{"type":"Polygon","coordinates":[[[14.2733,12.1979],[14.264,12.1977],[14.2635,12.2095],[14.2641,12.2174],[14.275,12.2181],[14.2825,12.2181],[14.2834,12.2083],[14.2841,12.1983],[14.2733,12.1979]]]}},{"type":"Feature","properties":{"name":"Mudu","designation":"Forest Reserve","iucn":"Not Reported","areaKm2":0.0,"status":"Designated","year":0},"geometry":{"type":"Polygon","coordinates":[[[14.2783,12.0533],[14.2718,12.0549],[14.2682,12.0611],[14.2674,12.0654],[14.2706,12.0706],[14.2757,12.0737],[14.2815,12.0694],[14.2829,12.065],[14.2812,12.0568],[14.2783,12.0533]]]}},{"type":"Feature","properties":{"name":"Kwoiba","designation":"Forest Reserve","iucn":"Not Reported","areaKm2":0.0,"status":"Designated","year":0},"geometry":{"type":"Polygon","coordinates":[[[13.9205,12.0039],[13.9113,12.0038],[13.9051,12.004],[13.901,12.0044],[13.9005,12.0105],[13.9005,12.0163],[13.908,12.0198],[13.9144,12.0197],[13.9205,12.0167],[13.9205,12.0039]]]}},{"type":"Feature","properties":{"name":"Madagine","designation":"Forest Reserve","iucn":"Not Reported","areaKm2":0.0,"status":"Designated","year":0},"geometry":{"type":"Polygon","coordinates":[[[13.4917,12.0811],[13.4977,12.0769],[13.4996,12.0726],[13.5053,12.0668],[13.5033,12.061],[13.4968,12.0552],[13.5047,12.0436],[13.5082,12.0371],[13.5156,12.026],[13.5181,12.019],[13.5126,12.0121],[13.5072,12.0073],[13.5021,12.0035],[13.4955,11.9974],[13.4899,11.994],[13.4817,11.99],[13.4755,11.9917],[13.469,11.9961],[13.4631,11.9976],[13.4544,11.9971],[13.4477,12.0],[13.4492,12.0073],[13.4506,12.0154],[13.4532,12.0201],[13.4558,12.0243],[13.4583,12.0287],[13.4606,12.0353],[13.46,12.0412],[13.4583,12.0464],[13.4607,12.0539],[13.4621,12.058],[13.463,12.0625],[13.4628,12.0692],[13.4638,12.0745],[13.4694,12.0788],[13.4767,12.0797],[13.4823,12.0822],[13.4893,12.0822],[13.4917,12.0811]],[[13.5759,12.0922],[13.573,12.087],[13.5666,12.0842],[13.5621,12.0861],[13.5568,12.0895],[13.5526,12.0914],[13.5444,12.0864],[13.5377,12.092],[13.5244,12.1053],[13.5319,12.1096],[13.5385,12.1099],[13.5465,12.1087],[13.5546,12.1062],[13.5625,12.1021],[13.5697,12.0979],[13.5745,12.0946],[13.5759,12.0922]]]}},{"type":"Feature","properties":{"name":"Baga","designation":"Forest Reserve","iucn":"Not Reported","areaKm2":0.0,"status":"Designated","year":0},"geometry":{"type":"Polygon","coordinates":[[[13.755,12.9335],[13.748,12.9323],[13.7421,12.935],[13.7512,12.9577],[13.7542,12.9649],[13.769,12.9759],[13.7794,12.9823],[13.7836,12.9847],[13.7993,12.9955],[13.7999,12.9873],[13.7895,12.9785],[13.7683,12.9622],[13.7615,12.9468],[13.7568,12.9369],[13.755,12.9335]]]}},{"type":"Feature","properties":{"name":"Dajina","designation":"Forest Reserve","iucn":"Not Reported","areaKm2":0.0,"status":"Designated","year":0},"geometry":{"type":"Polygon","coordinates":[[[12.2999,12.8339],[12.2926,12.8342],[12.2855,12.8354],[12.2806,12.8355],[12.2755,12.8357],[12.2696,12.8379],[12.2687,12.8443],[12.2746,12.8493],[12.2806,12.8507],[12.2997,12.8527],[12.3044,12.8527],[12.3103,12.8487],[12.3123,12.8429],[12.309,12.8363],[12.2999,12.8339]]]}},{"type":"Feature","properties":{"name":"Burgo","designation":"Forest Reserve","iucn":"Not Reported","areaKm2":0.0,"status":"Designated","year":0},"geometry":{"type":"Polygon","coordinates":[[[12.3066,12.6297],[12.3019,12.6295],[12.3018,12.6385],[12.3015,12.6468],[12.3016,12.651],[12.3107,12.6516],[12.3177,12.6518],[12.3226,12.6518],[12.3211,12.6398],[12.32,12.6303],[12.3125,12.63],[12.3066,12.6297]]]}},{"type":"Feature","properties":{"name":"Kusur","designation":"Forest Reserve","iucn":"Not Reported","areaKm2":0.0,"status":"Designated","year":0},"geometry":{"type":"Polygon","coordinates":[[[12.0782,12.5177],[12.0851,12.5173],[12.0928,12.5177],[12.0996,12.5184],[12.1042,12.5179],[12.1084,12.5161],[12.1129,12.5117],[12.1277,12.4953],[12.1349,12.488],[12.1509,12.4707],[12.1582,12.4633],[12.1735,12.4472],[12.1803,12.4397],[12.1883,12.4319],[12.1936,12.4271],[12.1943,12.4227],[12.1853,12.4231],[12.1723,12.4231],[12.1624,12.423],[12.1563,12.4224],[12.1348,12.4245],[12.124,12.4246],[12.1098,12.4244],[12.1032,12.4226],[12.0967,12.4217],[12.0909,12.4212],[12.0828,12.4184],[12.0801,12.4128],[12.0812,12.4074],[12.083,12.4013],[12.0843,12.3958],[12.0844,12.3906],[12.0815,12.3825],[12.0744,12.3756],[12.065,12.3712],[12.058,12.3667],[12.0521,12.3638],[12.048,12.3663],[12.0396,12.3739],[12.0304,12.3811],[12.0223,12.3882],[12.0145,12.3943],[12.0087,12.3986],[12.0035,12.4033],[11.9989,12.4071],[11.9926,12.4123],[11.9885,12.4205],[11.9852,12.4295],[11.9789,12.4433],[11.9754,12.4501],[11.9729,12.4567],[11.9691,12.4626],[11.9643,12.467],[11.963,12.4733],[11.9631,12.4862],[11.9638,12.4917],[11.9554,12.499],[11.9498,12.5075],[11.9504,12.5124],[11.9557,12.5173],[11.9603,12.5187],[11.9669,12.5209],[11.9758,12.5246],[11.9845,12.5266],[11.9934,12.5272],[12.0001,12.5263],[12.0165,12.5257],[12.0255,12.5253],[12.0327,12.5237],[12.0438,12.5215],[12.0549,12.5197],[12.07,12.5188],[12.0782,12.5177]]]}},{"type":"Feature","properties":{"name":"Dabira","designation":"Forest Reserve","iucn":"Not Reported","areaKm2":0.0,"status":"Designated","year":0},"geometry":{"type":"Polygon","coordinates":[[[12.5204,12.4834],[12.5122,12.4914],[12.5041,12.5063],[12.497,12.5203],[12.4901,12.5334],[12.4822,12.5489],[12.4762,12.5608],[12.4702,12.5727],[12.4669,12.5804],[12.4746,12.5841],[12.4804,12.5873],[12.4858,12.588],[12.4897,12.5813],[12.5006,12.5591],[12.5054,12.5499],[12.5104,12.5414],[12.5152,12.5325],[12.5272,12.5114],[12.5353,12.4968],[12.5276,12.4877],[12.5204,12.4834]]]}},{"type":"Feature","properties":{"name":"Gubio","designation":"Forest Reserve","iucn":"Not Reported","areaKm2":0.0,"status":"Designated","year":0},"geometry":{"type":"Polygon","coordinates":[[[12.7641,12.4756],[12.7577,12.4721],[12.749,12.4731],[12.7406,12.4737],[12.7333,12.4746],[12.7246,12.4749],[12.725,12.4834],[12.7272,12.493],[12.7365,12.4959],[12.7418,12.4953],[12.7609,12.4919],[12.7661,12.489],[12.7649,12.4808],[12.7641,12.4756]]]}},{"type":"Feature","properties":{"name":"Gazabure","designation":"Forest Reserve","iucn":"Not Reported","areaKm2":0.0,"status":"Designated","year":0},"geometry":{"type":"Polygon","coordinates":[[[12.7597,12.8845],[12.7541,12.8847],[12.7481,12.8886],[12.7458,12.8947],[12.747,12.9045],[12.7474,12.9091],[12.748,12.9185],[12.7481,12.9246],[12.7455,12.9316],[12.7443,12.938],[12.7455,12.9458],[12.7478,12.9513],[12.7534,12.9563],[12.7578,12.9562],[12.7629,12.9549],[12.7682,12.9503],[12.7703,12.9437],[12.7699,12.9381],[12.7699,12.9325],[12.7696,12.9278],[12.7691,12.9217],[12.7689,12.9158],[12.7691,12.9116],[12.769,12.9062],[12.7694,12.9016],[12.769,12.8944],[12.7656,12.8873],[12.7597,12.8845]]]}},{"type":"Feature","properties":{"name":"Gajiram","designation":"Forest Reserve","iucn":"Not Reported","areaKm2":0.0,"status":"Designated","year":0},"geometry":{"type":"Polygon","coordinates":[[[13.2013,12.4934],[13.1913,12.4916],[13.1912,12.5005],[13.1925,12.5048],[13.1977,12.511],[13.2027,12.5151],[13.2102,12.5177],[13.2186,12.5213],[13.228,12.5231],[13.2403,12.5249],[13.248,12.5254],[13.2523,12.5259],[13.2517,12.5096],[13.2391,12.5039],[13.2239,12.4989],[13.2121,12.4958],[13.2013,12.4934]]]}},{"type":"Feature","properties":{"name":"Kenjimiram","designation":"Forest Reserve","iucn":"Not Reported","areaKm2":0.0,"status":"Designated","year":0},"geometry":{"type":"Polygon","coordinates":[[[13.1654,12.3873],[13.1613,12.3868],[13.1542,12.3881],[13.144,12.3898],[13.1383,12.3932],[13.1409,12.3986],[13.1501,12.3987],[13.1545,12.3981],[13.1603,12.3956],[13.1673,12.3937],[13.1671,12.389],[13.1654,12.3873]]]}},{"type":"Feature","properties":{"name":"Bida (Bornu State)","designation":"Forest Reserve","iucn":"Not Reported","areaKm2":0.0,"status":"Designated","year":0},"geometry":{"type":"Polygon","coordinates":[[[13.4242,12.3304],[13.4182,12.3313],[13.4144,12.3363],[13.4164,12.3424],[13.425,12.3514],[13.4287,12.3583],[13.433,12.3618],[13.44,12.3611],[13.4455,12.3573],[13.4456,12.3491],[13.4404,12.3422],[13.4282,12.3318],[13.4242,12.3304]]]}},{"type":"Feature","properties":{"name":"Damakuli","designation":"Forest Reserve","iucn":"Not Reported","areaKm2":0.0,"status":"Designated","year":0},"geometry":{"type":"Polygon","coordinates":[[[13.4278,12.2773],[13.4221,12.277],[13.416,12.2828],[13.4112,12.288],[13.4067,12.2925],[13.3994,12.2982],[13.395,12.3008],[13.3922,12.3053],[13.395,12.3114],[13.4015,12.3114],[13.4102,12.3066],[13.4159,12.3023],[13.4234,12.2981],[13.4286,12.293],[13.4327,12.2875],[13.4318,12.2819],[13.4278,12.2773]]]}},{"type":"Feature","properties":{"name":"Guji-Ganna","designation":"Forest Reserve","iucn":"Not Reported","areaKm2":0.0,"status":"Designated","year":0},"geometry":{"type":"Polygon","coordinates":[[[13.1022,12.2891],[13.0947,12.289],[13.0886,12.2908],[13.0826,12.2918],[13.0776,12.2926],[13.0688,12.2931],[13.0637,12.2938],[13.0568,12.2964],[13.0528,12.3014],[13.0528,12.3058],[13.0563,12.3122],[13.0637,12.3148],[13.0722,12.3116],[13.0765,12.3089],[13.0826,12.3076],[13.0867,12.3069],[13.0945,12.3044],[13.1005,12.2994],[13.1035,12.2937],[13.1022,12.2891]]]}},{"type":"Feature","properties":{"name":"Karnowa","designation":"Forest Reserve","iucn":"Not Reported","areaKm2":0.0,"status":"Designated","year":0},"geometry":{"type":"Polygon","coordinates":[[[13.0581,12.1782],[13.065,12.1773],[13.0721,12.1782],[13.0762,12.1766],[13.0806,12.1732],[13.0778,12.1663],[13.0709,12.165],[13.0649,12.1671],[13.0572,12.1679],[13.0525,12.1704],[13.0509,12.1747],[13.0581,12.1782]]]}},{"type":"Feature","properties":{"name":"Geltur","designation":"Forest Reserve","iucn":"Not Reported","areaKm2":0.0,"status":"Designated","year":0},"geometry":{"type":"Polygon","coordinates":[[[13.112,12.0282],[13.1099,12.0236],[13.1089,12.0181],[13.1132,12.0164],[13.1188,12.0179],[13.1246,12.0197],[13.1291,12.0182],[13.1331,12.0155],[13.1331,12.011],[13.136,12.0062],[13.132,11.9993],[13.1313,11.9927],[13.1322,11.9886],[13.1301,11.9829],[13.1207,11.9783],[13.1161,11.977],[13.1062,11.9824],[13.0976,11.9863],[13.0891,11.9853],[13.0846,11.9834],[13.078,11.9837],[13.0721,11.9909],[13.0664,11.9987],[13.0676,12.006],[13.068,12.0119],[13.0763,12.016],[13.0782,12.0217],[13.0815,12.0263],[13.0886,12.0272],[13.0956,12.0261],[13.1032,12.0288],[13.109,12.0308],[13.112,12.0282]]]}},{"type":"Feature","properties":{"name":"Wuda Taye","designation":"Forest Reserve","iucn":"Not Reported","areaKm2":0.0,"status":"Designated","year":0},"geometry":{"type":"Polygon","coordinates":[[[13.3056,12.0099],[13.2952,12.0095],[13.2865,12.011],[13.2809,12.0141],[13.2734,12.0218],[13.2692,12.0274],[13.2666,12.0356],[13.2654,12.0454],[13.2665,12.0501],[13.2685,12.0564],[13.2772,12.067],[13.2819,12.0729],[13.2829,12.0797],[13.2825,12.085],[13.2826,12.0891],[13.2856,12.0963],[13.2883,12.1008],[13.2926,12.1087],[13.2946,12.1139],[13.2978,12.1199],[13.3006,12.1286],[13.3058,12.1366],[13.311,12.1421],[13.3145,12.1461],[13.3195,12.1492],[13.328,12.1483],[13.3325,12.1466],[13.3355,12.1416],[13.3369,12.1368],[13.3375,12.1326],[13.3383,12.1284],[13.3405,12.1226],[13.3496,12.1118],[13.3515,12.1035],[13.3523,12.0958],[13.353,12.0895],[13.3533,12.0842],[13.3495,12.077],[13.3441,12.0718],[13.3376,12.0644],[13.3332,12.0592],[13.3275,12.0536],[13.3256,12.0461],[13.3259,12.0386],[13.326,12.0323],[13.3196,12.0231],[13.3155,12.0159],[13.3096,12.0113],[13.3056,12.0099]]]}},{"type":"Feature","properties":{"name":"Azaya","designation":"Forest Reserve","iucn":"Not Reported","areaKm2":0.0,"status":"Designated","year":0},"geometry":{"type":"Polygon","coordinates":[[[13.3829,11.9803],[13.3773,11.9757],[13.37,11.9781],[13.365,11.9758],[13.3574,11.9722],[13.3547,11.9646],[13.3497,11.9618],[13.3401,11.9624],[13.3308,11.9627],[13.331,11.9698],[13.331,11.9744],[13.3297,11.9798],[13.3249,11.9825],[13.3159,11.9861],[13.3176,11.9914],[13.3261,11.9971],[13.3351,12.0043],[13.3406,12.0119],[13.3424,12.0178],[13.3454,12.0266],[13.3506,12.0381],[13.3554,12.0447],[13.3612,12.0463],[13.3648,12.0402],[13.3653,12.0348],[13.3616,12.0289],[13.3604,12.0237],[13.3648,12.02],[13.3664,12.0147],[13.3646,12.0105],[13.3617,12.0041],[13.357,11.9995],[13.3635,11.9954],[13.3719,11.9916],[13.3766,11.9907],[13.3839,11.9899],[13.3865,11.9848],[13.3829,11.9803]]]}},{"type":"Feature","properties":{"name":"Yamdugu","designation":"Forest Reserve","iucn":"Not Reported","areaKm2":0.0,"status":"Designated","year":0},"geometry":{"type":"Polygon","coordinates":[[[10.7717,12.8133],[10.7747,12.8078],[10.7735,12.8019],[10.7698,12.7978],[10.765,12.7933],[10.7591,12.789],[10.7532,12.7843],[10.7484,12.7802],[10.7428,12.7762],[10.7387,12.7749],[10.7317,12.7736],[10.7364,12.7694],[10.7413,12.7689],[10.7461,12.7679],[10.7488,12.7636],[10.7414,12.7583],[10.7372,12.753],[10.7357,12.744],[10.7343,12.7393],[10.7272,12.736],[10.722,12.7352],[10.7161,12.7337],[10.7047,12.7299],[10.6996,12.7293],[10.6889,12.7362],[10.6822,12.7389],[10.6728,12.7419],[10.6668,12.7453],[10.6611,12.745],[10.6559,12.7415],[10.6548,12.735],[10.6547,12.7308],[10.6535,12.7258],[10.6458,12.7254],[10.6411,12.7273],[10.6341,12.7297],[10.6284,12.7299],[10.6207,12.7299],[10.6146,12.7303],[10.6105,12.7305],[10.6078,12.736],[10.6071,12.7429],[10.6026,12.7489],[10.598,12.7551],[10.5992,12.7594],[10.6019,12.7647],[10.5994,12.77],[10.5951,12.7753],[10.5952,12.7799],[10.6038,12.7848],[10.6086,12.7865],[10.6184,12.7849],[10.6233,12.7826],[10.6286,12.7795],[10.6331,12.7776],[10.6393,12.7762],[10.6433,12.7804],[10.649,12.7845],[10.6536,12.7864],[10.6604,12.7889],[10.6668,12.7915],[10.6741,12.7918],[10.6883,12.7913],[10.6941,12.7922],[10.6988,12.7944],[10.7041,12.8],[10.7059,12.8056],[10.7066,12.8105],[10.7116,12.8133],[10.7204,12.8128],[10.7256,12.8145],[10.7273,12.8212],[10.7288,12.8252],[10.7403,12.8284],[10.7445,12.8309],[10.7514,12.8359],[10.7568,12.839],[10.7623,12.8366],[10.7647,12.8286],[10.7661,12.821],[10.7717,12.8133]],[[10.6846,12.884],[10.6832,12.8771],[10.6819,12.8701],[10.6819,12.8657],[10.6846,12.8481],[10.686,12.8403],[10.6862,12.8357],[10.6837,12.8277],[10.6748,12.821],[10.6662,12.8179],[10.659,12.8137],[10.6515,12.8101],[10.6454,12.8095],[10.6412,12.8095],[10.6368,12.8106],[10.6306,12.8118],[10.6254,12.8101],[10.6193,12.8078],[10.6134,12.8057],[10.6057,12.8061],[10.6006,12.8145],[10.5973,12.8194],[10.589,12.8247],[10.5827,12.8318],[10.5807,12.8408],[10.5796,12.8465],[10.5798,12.8522],[10.5823,12.8565],[10.5874,12.8607],[10.5925,12.8662],[10.5967,12.871],[10.6002,12.8751],[10.6065,12.8786],[10.6127,12.8796],[10.6192,12.8806],[10.6256,12.8804],[10.636,12.8813],[10.6458,12.8818],[10.6557,12.883],[10.6653,12.8837],[10.6805,12.8847],[10.6846,12.884]]]}},{"type":"Feature","properties":{"name":"Gwaiyo","designation":"Forest Reserve","iucn":"Not Reported","areaKm2":0.0,"status":"Designated","year":0},"geometry":{"type":"Polygon","coordinates":[[[10.6438,12.5841],[10.6366,12.5835],[10.6279,12.5836],[10.6224,12.5832],[10.617,12.5848],[10.612,12.5925],[10.6068,12.5984],[10.6024,12.6049],[10.5966,12.6103],[10.5912,12.6116],[10.5858,12.6121],[10.5919,12.6173],[10.5973,12.6183],[10.6025,12.6234],[10.6016,12.6283],[10.5969,12.6307],[10.5968,12.6348],[10.605,12.6404],[10.6111,12.6436],[10.6157,12.6467],[10.6215,12.6521],[10.6233,12.6566],[10.624,12.6642],[10.6245,12.672],[10.6244,12.6782],[10.6278,12.6869],[10.6372,12.6935],[10.6436,12.6978],[10.6486,12.6999],[10.6528,12.702],[10.6599,12.7011],[10.6676,12.6948],[10.6734,12.691],[10.6822,12.6864],[10.6877,12.6829],[10.6895,12.671],[10.6903,12.6662],[10.6938,12.6568],[10.6973,12.6503],[10.7015,12.6471],[10.7054,12.6413],[10.7024,12.6226],[10.7007,12.6163],[10.6973,12.6076],[10.6929,12.5995],[10.6906,12.5949],[10.6811,12.5904],[10.6722,12.5885],[10.6632,12.5876],[10.6542,12.5858],[10.6438,12.5841]]]}},{"type":"Feature","properties":{"name":"Rinukunu","designation":"Forest Reserve","iucn":"Not Reported","areaKm2":0.0,"status":"Designated","year":0},"geometry":{"type":"Polygon","coordinates":[[[11.2011,12.872],[11.1996,12.8676],[11.1972,12.8627],[11.2018,12.8607],[11.2029,12.8547],[11.2045,12.8504],[11.2093,12.8458],[11.2172,12.8418],[11.223,12.8389],[11.2206,12.8333],[11.2234,12.8283],[11.2289,12.8267],[11.2307,12.8215],[11.2315,12.817],[11.2325,12.8112],[11.2309,12.8059],[11.2202,12.8065],[11.2117,12.8083],[11.1972,12.8118],[11.1924,12.8125],[11.1882,12.8127],[11.1803,12.813],[11.1731,12.8128],[11.1649,12.8124],[11.1578,12.813],[11.1535,12.8139],[11.1485,12.8161],[11.1421,12.8188],[11.1361,12.822],[11.1292,12.8254],[11.1243,12.8325],[11.1221,12.8386],[11.128,12.8406],[11.133,12.8424],[11.1349,12.8477],[11.1372,12.8522],[11.1427,12.8551],[11.1479,12.8571],[11.1543,12.8585],[11.1602,12.8554],[11.1664,12.8548],[11.1726,12.8576],[11.1777,12.8681],[11.1846,12.8722],[11.1909,12.8737],[11.1984,12.8743],[11.2011,12.872]]]}},{"type":"Feature","properties":{"name":"Dapchi","designation":"Forest Reserve","iucn":"Not Reported","areaKm2":0.0,"status":"Designated","year":0},"geometry":{"type":"Polygon","coordinates":[[[11.4405,12.7243],[11.4492,12.7232],[11.4587,12.7243],[11.4677,12.7257],[11.4751,12.7267],[11.481,12.7279],[11.4854,12.7249],[11.4828,12.7087],[11.483,12.7044],[11.4843,12.6992],[11.4863,12.6949],[11.493,12.6909],[11.5018,12.6898],[11.5122,12.6879],[11.5202,12.6851],[11.5284,12.6828],[11.5414,12.6781],[11.5469,12.6768],[11.5512,12.6762],[11.5553,12.6768],[11.5594,12.6792],[11.5641,12.6811],[11.5725,12.6762],[11.5775,12.6743],[11.5825,12.6719],[11.5911,12.6633],[11.5969,12.6566],[11.5978,12.6504],[11.5969,12.6457],[11.5931,12.6391],[11.591,12.6318],[11.5919,12.6268],[11.5908,12.6158],[11.5842,12.608],[11.5805,12.603],[11.5774,12.5976],[11.5745,12.5912],[11.5718,12.5856],[11.5682,12.5793],[11.5609,12.5727],[11.5515,12.5663],[11.5462,12.5614],[11.5408,12.5577],[11.5379,12.5532],[11.5339,12.5462],[11.529,12.5394],[11.5257,12.5345],[11.5198,12.5287],[11.5107,12.5269],[11.5042,12.5234],[11.5002,12.5198],[11.495,12.5185],[11.4891,12.5246],[11.4859,12.531],[11.4819,12.5378],[11.4775,12.5457],[11.472,12.5528],[11.4678,12.5591],[11.4622,12.5654],[11.4584,12.5701],[11.4532,12.5745],[11.4459,12.5804],[11.4385,12.5876],[11.4317,12.595],[11.4239,12.6029],[11.4043,12.6258],[11.3932,12.6378],[11.3874,12.6449],[11.385,12.6505],[11.3816,12.6586],[11.3784,12.6684],[11.3739,12.6699],[11.3685,12.6708],[11.3661,12.6757],[11.368,12.6824],[11.3708,12.6897],[11.3729,12.6965],[11.3743,12.7007],[11.373,12.7084],[11.3698,12.7136],[11.3702,12.7184],[11.3727,12.7241],[11.3752,12.7292],[11.3834,12.7319],[11.3936,12.7261],[11.4008,12.7226],[11.4058,12.7225],[11.4141,12.7265],[11.4182,12.7301],[11.4198,12.7348],[11.4242,12.7399],[11.4296,12.7407],[11.4344,12.737],[11.4366,12.7314],[11.4385,12.727],[11.4405,12.7243]]]}},{"type":"Feature","properties":{"name":"Finukunu","designation":"Forest Reserve","iucn":"Not Reported","areaKm2":0.0,"status":"Designated","year":0},"geometry":{"type":"Polygon","coordinates":[[[11.7906,12.6212],[11.79,12.6143],[11.789,12.6079],[11.7886,12.603],[11.7859,12.593],[11.7815,12.5864],[11.7768,12.5827],[11.7696,12.5816],[11.7656,12.5809],[11.7598,12.5777],[11.7535,12.5767],[11.7402,12.5753],[11.7321,12.575],[11.7263,12.5747],[11.7223,12.5676],[11.721,12.5629],[11.7192,12.5577],[11.7201,12.5531],[11.7203,12.5463],[11.7155,12.5405],[11.7112,12.5373],[11.7062,12.5339],[11.7013,12.5332],[11.6931,12.537],[11.6884,12.5379],[11.6841,12.5386],[11.6776,12.5401],[11.6736,12.549],[11.6738,12.5535],[11.6747,12.5576],[11.6776,12.5625],[11.6817,12.569],[11.6865,12.5744],[11.6923,12.5808],[11.697,12.5854],[11.7009,12.5906],[11.7039,12.5951],[11.7063,12.6005],[11.7097,12.6068],[11.7121,12.6124],[11.7165,12.6209],[11.7234,12.6219],[11.7279,12.6196],[11.7326,12.6187],[11.7372,12.6193],[11.742,12.6212],[11.7505,12.6248],[11.7595,12.6285],[11.7666,12.6312],[11.7735,12.6335],[11.7797,12.6352],[11.7843,12.6364],[11.7892,12.6317],[11.7903,12.6255],[11.7906,12.6212]]]}},{"type":"Feature","properties":{"name":"Kalalawa","designation":"Forest Reserve","iucn":"Not Reported","areaKm2":0.0,"status":"Designated","year":0},"geometry":{"type":"Polygon","coordinates":[[[11.966,11.7854],[11.9554,11.786],[11.9482,11.7882],[11.9428,11.7891],[11.9385,11.7894],[11.9309,11.7954],[11.9263,11.8019],[11.9182,11.815],[11.9153,11.8201],[11.9086,11.8329],[11.9059,11.8395],[11.9032,11.8458],[11.9006,11.8523],[11.8961,11.8646],[11.8899,11.8765],[11.8875,11.8818],[11.8841,11.8878],[11.8816,11.8929],[11.8792,11.8973],[11.8768,11.9028],[11.8781,11.9069],[11.8869,11.914],[11.8898,11.9192],[11.898,11.9315],[11.9019,11.9386],[11.9013,11.945],[11.8967,11.9515],[11.8946,11.9565],[11.894,11.961],[11.8962,11.9667],[11.9021,11.9725],[11.9067,11.9777],[11.9079,11.9875],[11.907,11.9933],[11.9064,11.9996],[11.9095,12.0044],[11.9135,12.0146],[11.9158,12.0209],[11.9223,12.0276],[11.9304,12.0308],[11.9398,12.0352],[11.9464,12.0381],[11.9522,12.043],[11.9594,12.0505],[11.9674,12.0509],[11.9724,12.0452],[11.974,12.0375],[11.9746,12.0333],[11.9694,12.0247],[11.9633,12.0172],[11.9586,12.011],[11.9538,12.0055],[11.9483,11.9996],[11.9504,11.9946],[11.9535,11.9897],[11.9566,11.9841],[11.9612,11.9751],[11.9639,11.9675],[11.9657,11.9607],[11.9667,11.9557],[11.968,11.9503],[11.968,11.9434],[11.9635,11.9285],[11.9609,11.9232],[11.9568,11.9165],[11.9554,11.911],[11.9604,11.9076],[11.9667,11.9046],[11.9717,11.9019],[11.9758,11.8982],[11.9765,11.8906],[11.9796,11.8829],[11.9801,11.8784],[11.9806,11.8736],[11.9803,11.8587],[11.9799,11.8542],[11.9814,11.8492],[11.9862,11.8445],[11.988,11.8375],[11.9901,11.8306],[11.9944,11.8246],[11.9933,11.82],[11.9912,11.8145],[11.9875,11.8074],[11.9831,11.8004],[11.9794,11.7961],[11.9744,11.7914],[11.9695,11.7875],[11.966,11.7854]]]}},{"type":"Feature","properties":{"name":"Jajere","designation":"Forest Reserve","iucn":"Not Reported","areaKm2":0.0,"status":"Designated","year":0},"geometry":{"type":"Polygon","coordinates":[[[11.2049,12.0335],[11.2093,12.0277],[11.2144,12.0227],[11.2201,12.0226],[11.2242,12.024],[11.2257,12.018],[11.2285,12.01],[11.2442,12.0086],[11.2585,12.0135],[11.2673,12.0168],[11.2778,12.0186],[11.2869,12.0195],[11.2913,12.0209],[11.2952,12.0264],[11.3009,12.0265],[11.3077,12.0262],[11.3136,12.0236],[11.3256,12.0164],[11.332,12.0146],[11.3368,12.013],[11.3429,12.0084],[11.3476,12.0041],[11.352,12.0029],[11.3573,12.0019],[11.3615,11.9995],[11.3656,11.9977],[11.3701,11.9945],[11.3727,11.9881],[11.3813,11.9654],[11.3834,11.9612],[11.3878,11.9571],[11.3946,11.9502],[11.4055,11.9409],[11.4115,11.9385],[11.4192,11.9323],[11.4239,11.9332],[11.4267,11.9379],[11.4336,11.9384],[11.4377,11.9346],[11.4357,11.9299],[11.4343,11.9243],[11.4312,11.9192],[11.4254,11.9142],[11.4122,11.9039],[11.4051,11.8992],[11.3985,11.8983],[11.394,11.898],[11.3885,11.8987],[11.3697,11.9002],[11.3688,11.9096],[11.368,11.9171],[11.3633,11.9179],[11.3581,11.9198],[11.3529,11.9206],[11.3421,11.9188],[11.3349,11.9187],[11.3286,11.9274],[11.3269,11.9345],[11.3233,11.9416],[11.3187,11.9471],[11.3139,11.95],[11.3093,11.9487],[11.3035,11.9448],[11.2982,11.9427],[11.2914,11.9425],[11.2846,11.9412],[11.2796,11.9376],[11.2713,11.9404],[11.2653,11.9415],[11.2597,11.9459],[11.2467,11.9472],[11.2402,11.9478],[11.2355,11.9449],[11.2305,11.944],[11.2246,11.9477],[11.2205,11.952],[11.2186,11.9569],[11.2133,11.9607],[11.2062,11.9671],[11.2018,11.9715],[11.1954,11.9773],[11.19,11.982],[11.1797,11.992],[11.1755,11.9958],[11.1703,11.9994],[11.164,12.0087],[11.1583,12.0165],[11.1559,12.0228],[11.1755,12.0273],[11.1835,12.0283],[11.1881,12.0281],[11.1935,12.0311],[11.1983,12.034],[11.2049,12.0335]]]}},{"type":"Feature","properties":{"name":"Komadugu Gana","designation":"Forest Reserve","iucn":"Not Reported","areaKm2":0.0,"status":"Designated","year":0},"geometry":{"type":"Polygon","coordinates":[[[10.9286,11.9913],[10.9233,11.9877],[10.916,11.9862],[10.9088,11.9874],[10.9039,11.9901],[10.8989,11.9897],[10.8948,11.9892],[10.8907,11.9886],[10.8864,11.9879],[10.8804,11.9899],[10.8768,11.9943],[10.8745,11.9989],[10.8713,12.0078],[10.8702,12.0194],[10.8697,12.0272],[10.8687,12.032],[10.8619,12.0382],[10.8545,12.0417],[10.8502,12.0447],[10.8494,12.0528],[10.8531,12.0604],[10.8573,12.0639],[10.86,12.0691],[10.8624,12.076],[10.8806,12.0813],[10.889,12.0818],[10.8983,12.083],[10.9058,12.0843],[10.9128,12.0848],[10.9173,12.0875],[10.924,12.0884],[10.9333,12.09],[10.9394,12.0914],[10.9452,12.0914],[10.9525,12.0889],[10.9542,12.0831],[10.9536,12.0774],[10.9535,12.0713],[10.9531,12.0653],[10.9511,12.0582],[10.9489,12.0515],[10.9468,12.0441],[10.9444,12.0363],[10.942,12.0271],[10.9398,12.0197],[10.9377,12.0136],[10.9363,12.0066],[10.9356,12.0024],[10.934,11.997],[10.9286,11.9913]]]}},{"type":"Feature","properties":{"name":"Jimbum","designation":"Forest Reserve","iucn":"Not Reported","areaKm2":0.0,"status":"Designated","year":0},"geometry":{"type":"Polygon","coordinates":[[[11.6428,12.3187],[11.6422,12.313],[11.6427,12.2995],[11.6425,12.2951],[11.6345,12.2923],[11.6289,12.2901],[11.6213,12.2842],[11.6103,12.2834],[11.5987,12.2886],[11.5911,12.2917],[11.5871,12.2931],[11.5799,12.2926],[11.5734,12.291],[11.5664,12.3079],[11.5611,12.3141],[11.5537,12.3143],[11.5485,12.3128],[11.5471,12.3211],[11.546,12.3322],[11.5448,12.3403],[11.5445,12.345],[11.5465,12.351],[11.5531,12.3545],[11.5543,12.3586],[11.5485,12.362],[11.5445,12.3644],[11.5468,12.3685],[11.5525,12.3761],[11.5576,12.3831],[11.5671,12.3967],[11.5712,12.4016],[11.5761,12.4069],[11.5852,12.4074],[11.6019,12.4068],[11.6096,12.4022],[11.6148,12.396],[11.6236,12.3865],[11.6319,12.3771],[11.64,12.3732],[11.6449,12.3675],[11.6457,12.3617],[11.6485,12.3543],[11.6515,12.348],[11.654,12.3406],[11.6537,12.3337],[11.6505,12.3292],[11.6457,12.3246],[11.6428,12.3187]]]}},{"type":"Feature","properties":{"name":"Shegali","designation":"Forest Reserve","iucn":"Not Reported","areaKm2":0.0,"status":"Designated","year":0},"geometry":{"type":"Polygon","coordinates":[[[11.6696,12.1556],[11.6655,12.1513],[11.6619,12.1443],[11.6597,12.1363],[11.6601,12.1305],[11.6541,12.1314],[11.6458,12.1309],[11.6399,12.13],[11.6326,12.1274],[11.6246,12.1226],[11.6157,12.1178],[11.608,12.1147],[11.6026,12.1118],[11.5966,12.1055],[11.5934,12.1003],[11.5858,12.0949],[11.5809,12.0941],[11.5759,12.0911],[11.5689,12.0838],[11.5634,12.0809],[11.5577,12.0936],[11.5561,12.0979],[11.5489,12.1047],[11.546,12.1087],[11.5451,12.1139],[11.5471,12.1197],[11.5519,12.1281],[11.5581,12.1361],[11.5647,12.1457],[11.5699,12.1534],[11.5729,12.1588],[11.5781,12.1619],[11.5821,12.1569],[11.5868,12.1529],[11.5911,12.1565],[11.5921,12.161],[11.595,12.1687],[11.5965,12.1734],[11.5977,12.1811],[11.5987,12.1912],[11.5996,12.2001],[11.6003,12.205],[11.6028,12.212],[11.6055,12.2172],[11.6071,12.2219],[11.608,12.2269],[11.6094,12.2321],[11.6081,12.2373],[11.6047,12.2422],[11.6087,12.2493],[11.6156,12.2532],[11.6215,12.2573],[11.6275,12.261],[11.6323,12.2652],[11.6331,12.2712],[11.6387,12.2787],[11.6434,12.283],[11.6535,12.2882],[11.6615,12.2915],[11.6661,12.2999],[11.6651,12.3051],[11.6642,12.3108],[11.6627,12.3183],[11.6664,12.3233],[11.667,12.3347],[11.6635,12.3442],[11.6597,12.3566],[11.6566,12.3664],[11.6534,12.3782],[11.6535,12.384],[11.6546,12.3914],[11.6567,12.3955],[11.6623,12.3989],[11.6691,12.3969],[11.6785,12.3914],[11.6942,12.3824],[11.7071,12.3752],[11.7164,12.3698],[11.718,12.365],[11.7169,12.3585],[11.7163,12.3504],[11.7177,12.3425],[11.719,12.3338],[11.7198,12.3257],[11.7202,12.3176],[11.7213,12.3102],[11.722,12.3042],[11.7218,12.2999],[11.7171,12.2911],[11.7132,12.2849],[11.7106,12.2793],[11.7088,12.2713],[11.7086,12.2623],[11.7096,12.2541],[11.7085,12.25],[11.7037,12.245],[11.6971,12.2398],[11.694,12.234],[11.6954,12.2275],[11.6948,12.2225],[11.6932,12.2163],[11.6893,12.2063],[11.6972,12.2017],[11.7017,12.1966],[11.6995,12.1856],[11.6962,12.1768],[11.6933,12.1711],[11.6888,12.1659],[11.6846,12.162],[11.6754,12.1586],[11.6696,12.1556]]]}},{"type":"Feature","properties":{"name":"Dan Kulili","designation":"Forest Reserve","iucn":"Not Reported","areaKm2":0.0,"status":"Designated","year":0},"geometry":{"type":"Polygon","coordinates":[[[9.2606,12.798],[9.2531,12.7956],[9.2467,12.798],[9.2434,12.808],[9.2424,12.8146],[9.2483,12.8179],[9.2547,12.8203],[9.2578,12.8131],[9.2597,12.8013],[9.2606,12.798]]]}},{"type":"Feature","properties":{"name":"Dam Makama","designation":"Forest Reserve","iucn":"Not Reported","areaKm2":0.0,"status":"Designated","year":0},"geometry":{"type":"Polygon","coordinates":[[[9.2855,12.8045],[9.2781,12.8042],[9.2733,12.8053],[9.2728,12.8105],[9.2759,12.8164],[9.2811,12.8156],[9.2854,12.8144],[9.2871,12.8073],[9.2855,12.8045]]]}},{"type":"Feature","properties":{"name":"Uku Da Sisi","designation":"Forest Reserve","iucn":"Not Reported","areaKm2":0.0,"status":"Designated","year":0},"geometry":{"type":"Polygon","coordinates":[[[9.0934,12.534],[9.0881,12.5359],[9.0828,12.5415],[9.0783,12.5439],[9.0733,12.5481],[9.0663,12.5522],[9.0599,12.5569],[9.0547,12.5604],[9.0504,12.5653],[9.0521,12.5712],[9.06,12.5728],[9.0641,12.5706],[9.0726,12.5605],[9.0784,12.5568],[9.0826,12.555],[9.0968,12.5439],[9.099,12.5382],[9.0934,12.534]]]}},{"type":"Feature","properties":{"name":"Albasu","designation":"Forest Reserve","iucn":"Not Reported","areaKm2":0.0,"status":"Designated","year":0},"geometry":{"type":"Polygon","coordinates":[[[9.1157,12.5776],[9.1107,12.577],[9.1024,12.5816],[9.1044,12.589],[9.109,12.5953],[9.115,12.599],[9.1193,12.597],[9.1254,12.5929],[9.1195,12.5849],[9.1176,12.5806],[9.1157,12.5776]]]}},{"type":"Feature","properties":{"name":"Mafuta","designation":"Forest Reserve","iucn":"Not Reported","areaKm2":0.0,"status":"Designated","year":0},"geometry":{"type":"Polygon","coordinates":[[[9.1874,12.5519],[9.1829,12.5517],[9.1809,12.5567],[9.1844,12.5622],[9.1895,12.5678],[9.1947,12.5733],[9.1986,12.58],[9.2011,12.5869],[9.2032,12.5936],[9.208,12.5992],[9.2134,12.5969],[9.2119,12.5849],[9.209,12.5759],[9.2043,12.5638],[9.1975,12.5576],[9.1874,12.5519]]]}},{"type":"Feature","properties":{"name":"Mele","designation":"Forest Reserve","iucn":"Not Reported","areaKm2":0.0,"status":"Designated","year":0},"geometry":{"type":"Polygon","coordinates":[[[9.5068,12.6338],[9.4988,12.6342],[9.4924,12.6359],[9.4878,12.6394],[9.482,12.6424],[9.4821,12.6465],[9.4896,12.651],[9.4955,12.655],[9.501,12.6636],[9.5062,12.6724],[9.5117,12.6771],[9.5167,12.6768],[9.522,12.6712],[9.5207,12.665],[9.5177,12.6607],[9.5134,12.6568],[9.5095,12.6519],[9.5106,12.6444],[9.5108,12.6379],[9.5068,12.6338]]]}},{"type":"Feature","properties":{"name":"Tarana","designation":"Forest Reserve","iucn":"Not Reported","areaKm2":0.0,"status":"Designated","year":0},"geometry":{"type":"Polygon","coordinates":[[[9.6321,12.6742],[9.6323,12.6686],[9.6306,12.6584],[9.6244,12.6555],[9.6197,12.6552],[9.6167,12.6615],[9.615,12.6678],[9.6059,12.6693],[9.5991,12.6669],[9.5931,12.6714],[9.584,12.6812],[9.5827,12.6861],[9.5894,12.6924],[9.5989,12.6852],[9.6034,12.6812],[9.6121,12.6771],[9.6192,12.6766],[9.6275,12.6763],[9.6321,12.6742]]]}},{"type":"Feature","properties":{"name":"Katika","designation":"Forest Reserve","iucn":"Not Reported","areaKm2":0.0,"status":"Designated","year":0},"geometry":{"type":"Polygon","coordinates":[[[9.6345,12.6808],[9.6304,12.6808],[9.624,12.6821],[9.6183,12.6842],[9.614,12.687],[9.6095,12.693],[9.6115,12.6977],[9.6182,12.6966],[9.6242,12.6911],[9.6321,12.6893],[9.6367,12.6846],[9.6345,12.6808]]]}},{"type":"Feature","properties":{"name":"Girari","designation":"Forest Reserve","iucn":"Not Reported","areaKm2":0.0,"status":"Designated","year":0},"geometry":{"type":"Polygon","coordinates":[[[9.6166,12.7778],[9.6124,12.7772],[9.6068,12.7796],[9.6065,12.7855],[9.6072,12.7902],[9.6141,12.7927],[9.6182,12.7921],[9.6176,12.7847],[9.6166,12.7778]]]}},{"type":"Feature","properties":{"name":"Turbustrajiri","designation":"Forest Reserve","iucn":"Not Reported","areaKm2":0.0,"status":"Designated","year":0},"geometry":{"type":"Polygon","coordinates":[[[9.7631,12.7451],[9.7648,12.7377],[9.7654,12.733],[9.7664,12.7278],[9.7708,12.7174],[9.7708,12.7106],[9.7691,12.7052],[9.7618,12.698],[9.7578,12.6918],[9.7558,12.6868],[9.7541,12.6821],[9.7504,12.6761],[9.7435,12.6676],[9.7387,12.6632],[9.7331,12.6611],[9.729,12.6615],[9.7227,12.6646],[9.7167,12.6669],[9.7108,12.6682],[9.7045,12.6679],[9.6977,12.6635],[9.6931,12.6623],[9.691,12.6673],[9.6929,12.6739],[9.6968,12.6812],[9.7014,12.6865],[9.7055,12.6903],[9.7101,12.6934],[9.7142,12.6951],[9.7227,12.6979],[9.7268,12.7018],[9.7282,12.7108],[9.7285,12.7163],[9.7284,12.7219],[9.726,12.7289],[9.7238,12.7343],[9.7277,12.7385],[9.7332,12.7399],[9.7373,12.7402],[9.7426,12.7398],[9.7485,12.7482],[9.7516,12.7562],[9.7579,12.7583],[9.7631,12.7451]]]}},{"type":"Feature","properties":{"name":"Maifari","designation":"Forest Reserve","iucn":"Not Reported","areaKm2":0.0,"status":"Designated","year":0},"geometry":{"type":"Polygon","coordinates":[[[9.7531,12.5917],[9.755,12.6048],[9.7559,12.611],[9.7505,12.614],[9.7447,12.6181],[9.7447,12.6234],[9.7491,12.6258],[9.7663,12.6222],[9.7713,12.6198],[9.771,12.6141],[9.767,12.6082],[9.7629,12.6017],[9.7594,12.5964],[9.7531,12.5917]]]}},{"type":"Feature","properties":{"name":"Yarda Kangiwa","designation":"Forest Reserve","iucn":"Not Reported","areaKm2":0.0,"status":"Designated","year":0},"geometry":{"type":"Polygon","coordinates":[[[9.8066,12.6197],[9.8018,12.6183],[9.7955,12.6192],[9.7941,12.6233],[9.7961,12.6286],[9.799,12.635],[9.7983,12.6403],[9.7949,12.6466],[9.7966,12.6519],[9.8031,12.6581],[9.8085,12.6606],[9.8145,12.6617],[9.8198,12.657],[9.8219,12.6479],[9.8215,12.642],[9.8194,12.6313],[9.8149,12.6242],[9.8066,12.6197]]]}},{"type":"Feature","properties":{"name":"Kazura","designation":"Forest Reserve","iucn":"Not Reported","areaKm2":0.0,"status":"Designated","year":0},"geometry":{"type":"Polygon","coordinates":[[[9.9757,12.7332],[9.9822,12.73],[9.9921,12.7231],[9.992,12.7167],[9.9857,12.7148],[9.98,12.7172],[9.9731,12.7236],[9.9688,12.7279],[9.9687,12.7326],[9.9739,12.7341],[9.9757,12.7332]]]}},{"type":"Feature","properties":{"name":"Azarunikwia","designation":"Forest Reserve","iucn":"Not Reported","areaKm2":0.0,"status":"Designated","year":0},"geometry":{"type":"Polygon","coordinates":[[[9.9759,12.7622],[9.9727,12.7687],[9.9731,12.7756],[9.9739,12.7858],[9.9737,12.7929],[9.974,12.8013],[9.9744,12.8093],[9.9745,12.8155],[9.9839,12.8157],[9.9991,12.8157],[9.9967,12.8043],[9.9932,12.7963],[9.9897,12.7862],[9.9873,12.7801],[9.9849,12.7732],[9.9779,12.7669],[9.9759,12.7622]]]}},{"type":"Feature","properties":{"name":"Kukangiwa","designation":"Forest Reserve","iucn":"Not Reported","areaKm2":0.0,"status":"Designated","year":0},"geometry":{"type":"Polygon","coordinates":[[[10.0616,12.8041],[10.069,12.8051],[10.0731,12.807],[10.0787,12.8055],[10.0821,12.7994],[10.0847,12.7925],[10.0835,12.7874],[10.0779,12.7829],[10.0695,12.7773],[10.0624,12.7717],[10.0569,12.7675],[10.0486,12.767],[10.0438,12.7711],[10.0409,12.7776],[10.0381,12.7832],[10.0384,12.7879],[10.0422,12.7934],[10.04,12.7979],[10.0343,12.8054],[10.0359,12.81],[10.0403,12.8129],[10.0464,12.8129],[10.0519,12.8097],[10.058,12.8065],[10.0616,12.8041]]]}},{"type":"Feature","properties":{"name":"Barburam","designation":"Forest Reserve","iucn":"Not Reported","areaKm2":0.0,"status":"Designated","year":0},"geometry":{"type":"Polygon","coordinates":[[[10.0711,12.8647],[10.0642,12.8648],[10.0619,12.8695],[10.0621,12.8753],[10.063,12.8822],[10.0631,12.8887],[10.0637,12.8943],[10.0679,12.8946],[10.0747,12.8905],[10.0795,12.8897],[10.0863,12.8891],[10.0935,12.8877],[10.0963,12.8819],[10.0891,12.8786],[10.0816,12.8707],[10.0755,12.8669],[10.0711,12.8647]]]}},{"type":"Feature","properties":{"name":"Mungurum","designation":"Forest Reserve","iucn":"Not Reported","areaKm2":0.0,"status":"Designated","year":0},"geometry":{"type":"Polygon","coordinates":[[[10.158,12.8287],[10.1516,12.8288],[10.1475,12.8319],[10.1416,12.8358],[10.1418,12.842],[10.1459,12.8458],[10.152,12.8447],[10.1585,12.8382],[10.1608,12.8331],[10.158,12.8287]]]}},{"type":"Feature","properties":{"name":"Gabas Mari","designation":"Forest Reserve","iucn":"Not Reported","areaKm2":0.0,"status":"Designated","year":0},"geometry":{"type":"Polygon","coordinates":[[[10.2268,12.8767],[10.2364,12.867],[10.2411,12.8624],[10.2475,12.8553],[10.2513,12.8474],[10.2498,12.8402],[10.2452,12.8396],[10.2369,12.8392],[10.229,12.8388],[10.221,12.839],[10.2049,12.8397],[10.199,12.8394],[10.1915,12.8427],[10.1883,12.8499],[10.1889,12.8564],[10.1897,12.8611],[10.1901,12.8659],[10.1903,12.8705],[10.1916,12.875],[10.2016,12.8755],[10.2088,12.8808],[10.2139,12.8811],[10.2186,12.8816],[10.2268,12.8767]]]}},{"type":"Feature","properties":{"name":"Adiani","designation":"Forest Reserve","iucn":"Not Reported","areaKm2":0.0,"status":"Designated","year":0},"geometry":{"type":"Polygon","coordinates":[[[10.4272,12.7904],[10.4207,12.7877],[10.416,12.7895],[10.4169,12.7964],[10.424,12.7985],[10.4279,12.7943],[10.4272,12.7904]]]}},{"type":"Feature","properties":{"name":"Birniwa Railway","designation":"Forest Reserve","iucn":"Not Reported","areaKm2":0.0,"status":"Designated","year":0},"geometry":{"type":"Polygon","coordinates":[[[10.1634,12.7019],[10.1669,12.7087],[10.172,12.7107],[10.1741,12.7168],[10.1744,12.7234],[10.1749,12.7297],[10.1762,12.7356],[10.1783,12.7416],[10.1803,12.7459],[10.1884,12.7505],[10.1961,12.7529],[10.1989,12.7577],[10.1984,12.7654],[10.2109,12.7692],[10.2201,12.7702],[10.2246,12.7705],[10.2297,12.768],[10.2309,12.7622],[10.2339,12.7578],[10.229,12.7536],[10.2217,12.7511],[10.2173,12.7477],[10.2144,12.7414],[10.2137,12.7364],[10.2091,12.7329],[10.2036,12.7295],[10.2032,12.7227],[10.1996,12.7169],[10.1945,12.7141],[10.1866,12.7133],[10.1809,12.7116],[10.1755,12.7086],[10.1686,12.7043],[10.1634,12.7019]]]}},{"type":"Feature","properties":{"name":"Gadari","designation":"Forest Reserve","iucn":"Not Reported","areaKm2":0.0,"status":"Designated","year":0},"geometry":{"type":"Polygon","coordinates":[[[10.2136,12.6649],[10.2093,12.6643],[10.2033,12.6647],[10.1977,12.6664],[10.1918,12.6679],[10.1947,12.6751],[10.2013,12.6793],[10.2061,12.6819],[10.2124,12.6826],[10.2154,12.6772],[10.2173,12.6698],[10.2136,12.6649]]]}},{"type":"Feature","properties":{"name":"Gogiya","designation":"Forest Reserve","iucn":"Not Reported","areaKm2":0.0,"status":"Designated","year":0},"geometry":{"type":"Polygon","coordinates":[[[10.4297,12.6184],[10.4256,12.617],[10.4214,12.6202],[10.4218,12.6284],[10.4239,12.6347],[10.4263,12.6412],[10.4301,12.647],[10.437,12.6487],[10.4411,12.6452],[10.4388,12.6377],[10.4368,12.6314],[10.4342,12.6254],[10.4297,12.6184]]]}},{"type":"Feature","properties":{"name":"Bulangu","designation":"Forest Reserve","iucn":"Not Reported","areaKm2":0.0,"status":"Designated","year":0},"geometry":{"type":"Polygon","coordinates":[[[10.1469,12.0842],[10.1456,12.0791],[10.1401,12.0741],[10.1339,12.0738],[10.1307,12.0786],[10.1252,12.0791],[10.1206,12.0828],[10.1247,12.0839],[10.1291,12.0865],[10.1292,12.092],[10.1395,12.0953],[10.1453,12.0917],[10.1469,12.0842]]]}},{"type":"Feature","properties":{"name":"Shekato","designation":"Forest Reserve","iucn":"Not Reported","areaKm2":0.0,"status":"Designated","year":0},"geometry":{"type":"Polygon","coordinates":[[[10.1141,12.1794],[10.1085,12.1787],[10.104,12.1804],[10.1093,12.1872],[10.1251,12.1937],[10.1305,12.1963],[10.1402,12.2004],[10.143,12.195],[10.142,12.1889],[10.1371,12.1855],[10.1296,12.1826],[10.1218,12.1812],[10.1141,12.1794]]]}},{"type":"Feature","properties":{"name":"Hardaali","designation":"Forest Reserve","iucn":"Not Reported","areaKm2":0.0,"status":"Designated","year":0},"geometry":{"type":"Polygon","coordinates":[[[10.0969,12.2627],[10.0896,12.2668],[10.0958,12.2716],[10.1124,12.2774],[10.1188,12.2804],[10.1234,12.2827],[10.1235,12.2757],[10.1026,12.2647],[10.0969,12.2627]]]}},{"type":"Feature","properties":{"name":"Hadejia Plantation","designation":"Forest Reserve","iucn":"Not Reported","areaKm2":0.0,"status":"Designated","year":0},"geometry":{"type":"Polygon","coordinates":[[[10.0669,12.4571],[10.0618,12.4562],[10.0624,12.4631],[10.0674,12.4667],[10.0725,12.4693],[10.0826,12.4767],[10.0879,12.479],[10.09,12.4749],[10.0866,12.4697],[10.0828,12.4656],[10.0747,12.4618],[10.07,12.4596],[10.0669,12.4571]]]}},{"type":"Feature","properties":{"name":"Sheya","designation":"Forest Reserve","iucn":"Not Reported","areaKm2":0.0,"status":"Designated","year":0},"geometry":{"type":"Polygon","coordinates":[[[9.9794,12.5117],[9.9745,12.5084],[9.9702,12.5105],[9.9623,12.5124],[9.9736,12.5191],[9.9805,12.524],[9.9884,12.5196],[9.9794,12.5117]]]}},{"type":"Feature","properties":{"name":"Dumbari Futu","designation":"Forest Reserve","iucn":"Not Reported","areaKm2":0.0,"status":"Designated","year":0},"geometry":{"type":"Polygon","coordinates":[[[9.7683,12.4986],[9.765,12.5028],[9.7671,12.508],[9.7734,12.5135],[9.7779,12.5146],[9.7835,12.5154],[9.788,12.5157],[9.7903,12.5107],[9.785,12.5066],[9.774,12.5027],[9.7683,12.4986]]]}},{"type":"Feature","properties":{"name":"Hadin","designation":"Forest Reserve","iucn":"Not Reported","areaKm2":0.0,"status":"Designated","year":0},"geometry":{"type":"Polygon","coordinates":[[[9.7585,12.3293],[9.7544,12.3285],[9.7493,12.3317],[9.7513,12.3365],[9.7571,12.3378],[9.7642,12.3392],[9.7691,12.3407],[9.7756,12.3431],[9.7792,12.3381],[9.7772,12.3326],[9.7727,12.3312],[9.7652,12.3301],[9.7585,12.3293]]]}},{"type":"Feature","properties":{"name":"Ungua Jiburu","designation":"Forest Reserve","iucn":"Not Reported","areaKm2":0.0,"status":"Designated","year":0},"geometry":{"type":"Polygon","coordinates":[[[9.6612,12.3991],[9.6562,12.3968],[9.6515,12.401],[9.6499,12.4063],[9.6581,12.41],[9.6658,12.4138],[9.6731,12.414],[9.676,12.4085],[9.6694,12.4019],[9.6612,12.3991]]]}},{"type":"Feature","properties":{"name":"Kaugama Motso","designation":"Forest Reserve","iucn":"Not Reported","areaKm2":0.0,"status":"Designated","year":0},"geometry":{"type":"Polygon","coordinates":[[[9.6673,12.4467],[9.6608,12.4485],[9.657,12.4542],[9.6645,12.4609],[9.6751,12.466],[9.684,12.4697],[9.6933,12.4747],[9.6996,12.4691],[9.7027,12.4649],[9.6896,12.4572],[9.6787,12.4522],[9.6705,12.4479],[9.6673,12.4467]]]}},{"type":"Feature","properties":{"name":"Naanabi","designation":"Forest Reserve","iucn":"Not Reported","areaKm2":0.0,"status":"Designated","year":0},"geometry":{"type":"Polygon","coordinates":[[[9.5771,12.4011],[9.5716,12.4029],[9.5701,12.4096],[9.5772,12.4137],[9.5857,12.4192],[9.5942,12.4243],[9.6015,12.4285],[9.6078,12.4319],[9.6126,12.4262],[9.6054,12.4186],[9.5988,12.4146],[9.5903,12.4097],[9.5826,12.4045],[9.5771,12.4011]]]}},{"type":"Feature","properties":{"name":"Gugunguma","designation":"Forest Reserve","iucn":"Not Reported","areaKm2":0.0,"status":"Designated","year":0},"geometry":{"type":"Polygon","coordinates":[[[9.502,12.3872],[9.4975,12.3882],[9.5027,12.3982],[9.5062,12.403],[9.5106,12.4068],[9.5149,12.4081],[9.5201,12.4094],[9.5275,12.408],[9.5293,12.4035],[9.524,12.3973],[9.5199,12.3949],[9.5149,12.3936],[9.5102,12.3906],[9.5054,12.3883],[9.502,12.3872]]]}},{"type":"Feature","properties":{"name":"Matsago","designation":"Forest Reserve","iucn":"Not Reported","areaKm2":0.0,"status":"Designated","year":0},"geometry":{"type":"Polygon","coordinates":[[[9.4858,12.3798],[9.4803,12.3745],[9.4704,12.3754],[9.463,12.3764],[9.4564,12.3759],[9.4516,12.3748],[9.4459,12.3746],[9.4414,12.3749],[9.4378,12.3793],[9.4405,12.3844],[9.4477,12.3848],[9.4566,12.3866],[9.4615,12.3878],[9.4663,12.3902],[9.4709,12.392],[9.4755,12.3924],[9.4814,12.3914],[9.4855,12.3868],[9.4858,12.3798]]]}},{"type":"Feature","properties":{"name":"Maiwado","designation":"Forest Reserve","iucn":"Not Reported","areaKm2":0.0,"status":"Designated","year":0},"geometry":{"type":"Polygon","coordinates":[[[9.3158,12.3608],[9.3099,12.3612],[9.3085,12.3654],[9.3091,12.3732],[9.3108,12.3809],[9.3125,12.3921],[9.3126,12.3961],[9.3137,12.4027],[9.3202,12.4057],[9.3256,12.4051],[9.3288,12.401],[9.3283,12.3965],[9.3303,12.3894],[9.33,12.3838],[9.3268,12.3752],[9.3258,12.3698],[9.3244,12.365],[9.3158,12.3608]]]}},{"type":"Feature","properties":{"name":"Falomi","designation":"Forest Reserve","iucn":"Not Reported","areaKm2":0.0,"status":"Designated","year":0},"geometry":{"type":"Polygon","coordinates":[[[9.3361,12.5247],[9.3363,12.5206],[9.3357,12.5148],[9.336,12.5098],[9.337,12.5025],[9.3378,12.4954],[9.3382,12.4904],[9.3373,12.4858],[9.3346,12.4798],[9.332,12.4749],[9.3273,12.4717],[9.3224,12.4688],[9.3168,12.4665],[9.3109,12.4654],[9.3056,12.4747],[9.3044,12.4792],[9.3071,12.4875],[9.3154,12.4938],[9.3196,12.4964],[9.3261,12.5014],[9.328,12.5138],[9.3277,12.5184],[9.3216,12.521],[9.3165,12.5191],[9.3086,12.517],[9.3028,12.5171],[9.3017,12.5247],[9.3023,12.5303],[9.3103,12.5333],[9.3155,12.5341],[9.3201,12.5343],[9.3276,12.5325],[9.3317,12.5306],[9.3361,12.5247]]]}},{"type":"Feature","properties":{"name":"Maigazari","designation":"Forest Reserve","iucn":"Not Reported","areaKm2":0.0,"status":"Designated","year":0},"geometry":{"type":"Polygon","coordinates":[[[9.3869,12.5971],[9.3919,12.5969],[9.3962,12.5974],[9.4027,12.5963],[9.4074,12.5929],[9.4073,12.5886],[9.4001,12.5866],[9.3892,12.587],[9.3767,12.5868],[9.3678,12.5863],[9.3631,12.5863],[9.3541,12.5845],[9.3446,12.5816],[9.3384,12.5808],[9.3315,12.5803],[9.3223,12.5809],[9.3168,12.5824],[9.3127,12.5845],[9.3108,12.5909],[9.3145,12.5964],[9.3196,12.5974],[9.3291,12.5974],[9.3382,12.5978],[9.3497,12.597],[9.3591,12.5972],[9.3652,12.5978],[9.3723,12.5988],[9.3763,12.5991],[9.3869,12.5971]]]}},{"type":"Feature","properties":{"name":"Sakwa","designation":"Forest Reserve","iucn":"Not Reported","areaKm2":0.0,"status":"Designated","year":0},"geometry":{"type":"Polygon","coordinates":[[[10.2459,12.1016],[10.2403,12.1027],[10.2384,12.1073],[10.2434,12.112],[10.2423,12.119],[10.2394,12.124],[10.2363,12.1298],[10.2421,12.1326],[10.2518,12.1376],[10.2559,12.1367],[10.2598,12.1293],[10.2588,12.1221],[10.2573,12.1159],[10.2566,12.111],[10.2512,12.1051],[10.2459,12.1016]]]}},{"type":"Feature","properties":{"name":"Barawa","designation":"Forest Reserve","iucn":"Not Reported","areaKm2":0.0,"status":"Designated","year":0},"geometry":{"type":"Polygon","coordinates":[[[7.5246,12.9533],[7.5261,12.9461],[7.5307,12.941],[7.5362,12.9373],[7.5427,12.9384],[7.549,12.938],[7.5499,12.9336],[7.546,12.9286],[7.5449,12.9244],[7.5477,12.9163],[7.5537,12.9118],[7.5614,12.9103],[7.5677,12.9119],[7.5733,12.9247],[7.5783,12.9393],[7.5799,12.9436],[7.5839,12.9491],[7.5904,12.9502],[7.5948,12.9502],[7.5926,12.9564],[7.5973,12.957],[7.599,12.9509],[7.5986,12.942],[7.5987,12.9375],[7.5983,12.9327],[7.5974,12.9266],[7.5958,12.9178],[7.593,12.9077],[7.5919,12.9032],[7.5915,12.899],[7.5909,12.8947],[7.5868,12.8845],[7.582,12.8805],[7.5758,12.8811],[7.571,12.8795],[7.565,12.8745],[7.5651,12.869],[7.5674,12.8649],[7.5666,12.8595],[7.5602,12.8595],[7.5543,12.8601],[7.5539,12.855],[7.55,12.8509],[7.5441,12.855],[7.5396,12.8615],[7.5317,12.8645],[7.527,12.8716],[7.5262,12.8768],[7.5268,12.8864],[7.5337,12.8903],[7.5379,12.8973],[7.5364,12.9015],[7.5352,12.9062],[7.5287,12.9094],[7.5243,12.909],[7.5192,12.9118],[7.5145,12.9133],[7.5139,12.9213],[7.5168,12.9295],[7.5183,12.9342],[7.5179,12.9385],[7.5129,12.9405],[7.5063,12.9412],[7.4986,12.9412],[7.4922,12.9409],[7.4876,12.9446],[7.4874,12.9512],[7.4917,12.9551],[7.4959,12.9569],[7.5044,12.9542],[7.5104,12.9505],[7.5154,12.9571],[7.5212,12.9565],[7.5246,12.9533]]]}},{"type":"Feature","properties":{"name":"Katsina","designation":"Forest Reserve","iucn":"Not Reported","areaKm2":0.0,"status":"Designated","year":0},"geometry":{"type":"Polygon","coordinates":[[[7.6326,12.9228],[7.628,12.9198],[7.6176,12.9207],[7.6105,12.9211],[7.6054,12.9201],[7.6043,12.9285],[7.6082,12.9355],[7.6106,12.9414],[7.6105,12.9478],[7.613,12.9528],[7.6192,12.9588],[7.6236,12.9628],[7.6286,12.9622],[7.6307,12.9579],[7.6271,12.9504],[7.6251,12.9423],[7.6252,12.9356],[7.6279,12.9291],[7.6326,12.9228]]]}},{"type":"Feature","properties":{"name":"Tsanni","designation":"Forest Reserve","iucn":"Not Reported","areaKm2":0.0,"status":"Designated","year":0},"geometry":{"type":"Polygon","coordinates":[[[7.5936,12.8177],[7.5985,12.8139],[7.6013,12.8089],[7.598,12.8036],[7.5914,12.8024],[7.587,12.7988],[7.5847,12.7943],[7.58,12.7914],[7.5759,12.7934],[7.5778,12.7987],[7.5715,12.8014],[7.5662,12.7998],[7.5611,12.8012],[7.5622,12.8061],[7.5629,12.8113],[7.5654,12.8154],[7.572,12.8166],[7.5787,12.8168],[7.5852,12.819],[7.5904,12.8188],[7.5936,12.8177]]]}},{"type":"Feature","properties":{"name":"Damangu","designation":"Forest Reserve","iucn":"Not Reported","areaKm2":0.0,"status":"Designated","year":0},"geometry":{"type":"Polygon","coordinates":[[[7.9061,12.9959],[7.9137,12.9955],[7.9198,12.9933],[7.9252,12.9946],[7.9295,12.9946],[7.9275,12.9888],[7.9219,12.9872],[7.9161,12.9856],[7.9149,12.981],[7.9211,12.9774],[7.922,12.9726],[7.925,12.9677],[7.9287,12.9636],[7.9275,12.9588],[7.9211,12.9497],[7.9202,12.9438],[7.9249,12.9364],[7.9282,12.9322],[7.9323,12.927],[7.9369,12.9272],[7.9401,12.9344],[7.9421,12.9413],[7.9489,12.9466],[7.9534,12.9487],[7.9583,12.9486],[7.9602,12.9445],[7.9536,12.9294],[7.952,12.9252],[7.9487,12.9202],[7.9426,12.9186],[7.9414,12.9127],[7.9372,12.9104],[7.9305,12.9096],[7.925,12.9098],[7.9235,12.9146],[7.918,12.9224],[7.9131,12.9263],[7.908,12.9287],[7.9045,12.9353],[7.9014,12.9419],[7.8985,12.9464],[7.8991,12.9525],[7.8938,12.9553],[7.8897,12.9588],[7.8912,12.9632],[7.8933,12.9699],[7.8949,12.9762],[7.8867,12.9801],[7.8826,12.9802],[7.8766,12.9814],[7.871,12.9837],[7.8688,12.9902],[7.8751,12.9921],[7.8813,12.9934],[7.8892,12.9928],[7.8949,12.9889],[7.8969,12.9843],[7.9038,12.9794],[7.908,12.9799],[7.9089,12.9852],[7.9053,12.9905],[7.9023,12.9948],[7.9061,12.9959]]]}},{"type":"Feature","properties":{"name":"Kandawa","designation":"Forest Reserve","iucn":"Not Reported","areaKm2":0.0,"status":"Designated","year":0},"geometry":{"type":"Polygon","coordinates":[[[7.9522,12.6343],[7.9553,12.6299],[7.9566,12.6255],[7.959,12.6188],[7.954,12.6159],[7.9354,12.6159],[7.9251,12.6159],[7.9173,12.6166],[7.9111,12.6183],[7.9055,12.6201],[7.9002,12.6206],[7.8856,12.6226],[7.8802,12.6236],[7.8753,12.6263],[7.8777,12.6313],[7.882,12.6316],[7.8874,12.6313],[7.894,12.6319],[7.9019,12.6338],[7.9081,12.6339],[7.9128,12.6334],[7.9173,12.6327],[7.923,12.6327],[7.932,12.6329],[7.9434,12.6347],[7.9492,12.6348],[7.9522,12.6343]]]}},{"type":"Feature","properties":{"name":"Radda","designation":"Forest Reserve","iucn":"Not Reported","areaKm2":0.0,"status":"Designated","year":0},"geometry":{"type":"Polygon","coordinates":[[[7.6791,12.5041],[7.6739,12.5004],[7.6636,12.4936],[7.6593,12.4924],[7.6529,12.4918],[7.6467,12.4957],[7.6382,12.4976],[7.6332,12.4958],[7.6252,12.4977],[7.6182,12.4996],[7.6131,12.5029],[7.6123,12.5096],[7.6212,12.5161],[7.6273,12.5177],[7.632,12.5188],[7.6361,12.5211],[7.6421,12.5239],[7.6462,12.5168],[7.6488,12.5104],[7.6537,12.5037],[7.6646,12.5043],[7.6718,12.5064],[7.6765,12.5093],[7.6813,12.5155],[7.6839,12.521],[7.6891,12.5257],[7.6961,12.5274],[7.7012,12.5251],[7.7025,12.518],[7.6998,12.5121],[7.6953,12.5104],[7.6904,12.5099],[7.6828,12.5073],[7.6791,12.5041]]]}},{"type":"Feature","properties":{"name":"Busta","designation":"Forest Reserve","iucn":"Not Reported","areaKm2":0.0,"status":"Designated","year":0},"geometry":{"type":"Polygon","coordinates":[[[7.8658,12.4814],[7.8674,12.4737],[7.8597,12.4757],[7.8547,12.4731],[7.85,12.4724],[7.8443,12.4746],[7.839,12.4732],[7.8299,12.4718],[7.8221,12.4718],[7.807,12.4721],[7.803,12.472],[7.7967,12.4693],[7.789,12.4663],[7.7815,12.464],[7.7719,12.4605],[7.7671,12.4643],[7.766,12.4695],[7.762,12.4718],[7.7548,12.4776],[7.7539,12.4829],[7.7582,12.4835],[7.7623,12.4834],[7.7686,12.4828],[7.7741,12.4785],[7.7788,12.4854],[7.7835,12.485],[7.7912,12.4859],[7.7973,12.4895],[7.8027,12.4867],[7.8077,12.485],[7.8133,12.4873],[7.8185,12.4862],[7.8214,12.4813],[7.8287,12.481],[7.8351,12.4808],[7.8411,12.4814],[7.8469,12.4815],[7.8508,12.4885],[7.8569,12.4909],[7.863,12.489],[7.8658,12.4814]]]}},{"type":"Feature","properties":{"name":"Karaduwa","designation":"Forest Reserve","iucn":"Not Reported","areaKm2":0.0,"status":"Designated","year":0},"geometry":{"type":"Polygon","coordinates":[[[7.7421,12.4024],[7.7469,12.4011],[7.7451,12.3963],[7.7424,12.3869],[7.7376,12.3828],[7.7334,12.3797],[7.7289,12.385],[7.7282,12.3905],[7.7241,12.3925],[7.7221,12.4005],[7.7295,12.4027],[7.7348,12.4025],[7.7421,12.4024]]]}},{"type":"Feature","properties":{"name":"Fahu","designation":"Forest Reserve","iucn":"Not Reported","areaKm2":0.0,"status":"Designated","year":0},"geometry":{"type":"Polygon","coordinates":[[[7.6413,12.2241],[7.6331,12.2214],[7.6288,12.2227],[7.6248,12.2236],[7.6182,12.2236],[7.613,12.2208],[7.6138,12.2136],[7.6158,12.2073],[7.6159,12.2019],[7.6056,12.1975],[7.6013,12.1908],[7.6027,12.1864],[7.6021,12.1815],[7.594,12.1765],[7.5867,12.1699],[7.5817,12.1658],[7.577,12.1751],[7.574,12.1794],[7.568,12.1856],[7.5689,12.191],[7.5751,12.1971],[7.5744,12.2027],[7.5724,12.207],[7.5735,12.2145],[7.5741,12.219],[7.5734,12.2239],[7.5711,12.2294],[7.578,12.2333],[7.5823,12.2374],[7.586,12.2454],[7.5865,12.2495],[7.5859,12.2535],[7.5821,12.2594],[7.5779,12.2632],[7.5781,12.2678],[7.5833,12.2709],[7.5912,12.2734],[7.5977,12.2746],[7.6019,12.2745],[7.6065,12.2731],[7.6116,12.268],[7.6149,12.2598],[7.6172,12.2554],[7.6212,12.2501],[7.6229,12.241],[7.6236,12.2352],[7.6308,12.231],[7.6356,12.2302],[7.6413,12.2276],[7.6413,12.2241]]]}},{"type":"Feature","properties":{"name":"Yashi","designation":"Forest Reserve","iucn":"Not Reported","areaKm2":0.0,"status":"Designated","year":0},"geometry":{"type":"Polygon","coordinates":[[[7.9275,12.4317],[7.9249,12.426],[7.9215,12.4213],[7.9196,12.4167],[7.9191,12.4047],[7.9183,12.3943],[7.9184,12.3878],[7.9187,12.3837],[7.9155,12.3783],[7.9081,12.3767],[7.9031,12.3743],[7.8988,12.3751],[7.8938,12.3771],[7.8916,12.3723],[7.8928,12.3654],[7.8985,12.363],[7.9049,12.3658],[7.9089,12.3647],[7.9095,12.3592],[7.9148,12.3571],[7.9183,12.3623],[7.9239,12.3637],[7.9296,12.3647],[7.9289,12.3577],[7.9268,12.3513],[7.921,12.3492],[7.9136,12.3495],[7.9085,12.3454],[7.9044,12.3433],[7.8993,12.3433],[7.8926,12.3452],[7.888,12.3442],[7.8821,12.3426],[7.8779,12.3499],[7.8729,12.3524],[7.8655,12.3523],[7.8602,12.348],[7.8572,12.353],[7.8577,12.3577],[7.8627,12.3557],[7.8668,12.3556],[7.8712,12.3558],[7.8786,12.3592],[7.8806,12.3639],[7.8778,12.3688],[7.8712,12.3714],[7.866,12.3732],[7.8675,12.379],[7.8721,12.3814],[7.8739,12.3869],[7.8733,12.3922],[7.8685,12.3965],[7.8687,12.4014],[7.8735,12.4014],[7.8806,12.4042],[7.8847,12.4107],[7.8856,12.4189],[7.8923,12.4231],[7.8982,12.4263],[7.902,12.4303],[7.909,12.4302],[7.9155,12.4368],[7.9194,12.4418],[7.9245,12.4466],[7.9298,12.4468],[7.9302,12.4393],[7.9275,12.4317]]]}},{"type":"Feature","properties":{"name":"Mawashi","designation":"Forest Reserve","iucn":"Not Reported","areaKm2":0.0,"status":"Designated","year":0},"geometry":{"type":"Polygon","coordinates":[[[8.0481,12.5246],[8.0469,12.52],[8.0426,12.5201],[8.034,12.523],[8.0288,12.5226],[8.0246,12.5256],[8.026,12.5311],[8.0301,12.5327],[8.0379,12.5353],[8.0474,12.5407],[8.053,12.5433],[8.0576,12.5441],[8.0601,12.5379],[8.0534,12.5318],[8.0492,12.5269],[8.0481,12.5246]],[[8.0103,12.5299],[8.0041,12.5295],[7.9977,12.5296],[7.9935,12.531],[7.9953,12.5377],[8.0013,12.5423],[8.0058,12.5431],[8.0129,12.5439],[8.0194,12.5465],[8.0241,12.549],[8.0296,12.5472],[8.0298,12.5412],[8.0272,12.5365],[8.0188,12.5337],[8.014,12.5317],[8.0103,12.5299]]]}},{"type":"Feature","properties":{"name":"Radoho","designation":"Forest Reserve","iucn":"Not Reported","areaKm2":0.0,"status":"Designated","year":0},"geometry":{"type":"Polygon","coordinates":[[[8.115,12.5501],[8.1214,12.5495],[8.128,12.5499],[8.134,12.5482],[8.1384,12.5437],[8.1399,12.5371],[8.1389,12.5304],[8.1366,12.5238],[8.1318,12.5184],[8.125,12.5175],[8.1175,12.5203],[8.1124,12.521],[8.1058,12.5253],[8.1013,12.5276],[8.0966,12.5302],[8.0915,12.5322],[8.086,12.5351],[8.087,12.5427],[8.0912,12.5476],[8.0994,12.5511],[8.1073,12.553],[8.1114,12.5521],[8.115,12.5501]]]}},{"type":"Feature","properties":{"name":"Matanfada","designation":"Forest Reserve","iucn":"Not Reported","areaKm2":0.0,"status":"Designated","year":0},"geometry":{"type":"Polygon","coordinates":[[[8.2667,12.5015],[8.2572,12.5009],[8.2523,12.5],[8.2476,12.4989],[8.2416,12.4988],[8.2361,12.4986],[8.2303,12.4986],[8.2247,12.4988],[8.2196,12.4988],[8.2128,12.5005],[8.2097,12.5051],[8.2108,12.5106],[8.2139,12.5155],[8.2245,12.52],[8.2312,12.5237],[8.2418,12.529],[8.2504,12.5326],[8.2562,12.5317],[8.2625,12.5263],[8.2659,12.5221],[8.2691,12.514],[8.27,12.5093],[8.2691,12.5037],[8.2667,12.5015]]]}},{"type":"Feature","properties":{"name":"Dutsin Kwaita","designation":"Forest Reserve","iucn":"Not Reported","areaKm2":0.0,"status":"Designated","year":0},"geometry":{"type":"Polygon","coordinates":[[[8.3367,12.575],[8.3311,12.5761],[8.33,12.5809],[8.3307,12.5851],[8.3342,12.5928],[8.3366,12.5969],[8.3414,12.6027],[8.3459,12.6038],[8.3484,12.598],[8.3466,12.5908],[8.3415,12.5814],[8.3379,12.5763],[8.3367,12.575]]]}},{"type":"Feature","properties":{"name":"Dutsin Kodawa","designation":"Forest Reserve","iucn":"Not Reported","areaKm2":0.0,"status":"Designated","year":0},"geometry":{"type":"Polygon","coordinates":[[[8.3591,12.565],[8.3547,12.5643],[8.3498,12.5656],[8.3493,12.5698],[8.3521,12.5766],[8.3553,12.5885],[8.3582,12.5981],[8.3616,12.6048],[8.3663,12.6065],[8.3709,12.6042],[8.3751,12.5998],[8.3758,12.5947],[8.3723,12.5875],[8.3702,12.5828],[8.3655,12.5746],[8.3612,12.5674],[8.3591,12.565]]]}},{"type":"Feature","properties":{"name":"Gasartani","designation":"Forest Reserve","iucn":"Not Reported","areaKm2":0.0,"status":"Designated","year":0},"geometry":{"type":"Polygon","coordinates":[[[8.4467,12.5715],[8.4418,12.5709],[8.4397,12.577],[8.4393,12.5848],[8.4408,12.591],[8.444,12.5952],[8.4487,12.5962],[8.4538,12.5935],[8.4555,12.5891],[8.4549,12.5835],[8.4508,12.5793],[8.4467,12.5715]]]}},{"type":"Feature","properties":{"name":"Korama Kurumi","designation":"Forest Reserve","iucn":"Not Reported","areaKm2":0.0,"status":"Designated","year":0},"geometry":{"type":"Polygon","coordinates":[[[8.5862,12.6335],[8.5924,12.6314],[8.5981,12.6287],[8.6025,12.6263],[8.6085,12.622],[8.6094,12.6165],[8.6028,12.6116],[8.5961,12.6112],[8.5721,12.61],[8.5636,12.6107],[8.5555,12.611],[8.5473,12.6112],[8.5392,12.6111],[8.5321,12.6108],[8.5167,12.6113],[8.5096,12.6112],[8.4994,12.6104],[8.4947,12.6102],[8.4871,12.6093],[8.4812,12.6116],[8.4799,12.6156],[8.4847,12.6204],[8.4888,12.6218],[8.4961,12.6235],[8.5027,12.6246],[8.5075,12.6265],[8.5129,12.6287],[8.519,12.6308],[8.5255,12.6325],[8.5326,12.6332],[8.5396,12.6336],[8.5546,12.6324],[8.5614,12.6326],[8.5809,12.6343],[8.5862,12.6335]]]}},{"type":"Feature","properties":{"name":"Roni East","designation":"Forest Reserve","iucn":"Not Reported","areaKm2":0.0,"status":"Designated","year":0},"geometry":{"type":"Polygon","coordinates":[[[8.3159,12.6764],[8.3088,12.6765],[8.3085,12.6823],[8.3131,12.6925],[8.3179,12.6978],[8.3242,12.6995],[8.3303,12.6981],[8.3329,12.6936],[8.3328,12.689],[8.3285,12.6852],[8.3242,12.6801],[8.3188,12.6768],[8.3159,12.6764]]]}},{"type":"Feature","properties":{"name":"Fefeku","designation":"Forest Reserve","iucn":"Not Reported","areaKm2":0.0,"status":"Designated","year":0},"geometry":{"type":"Polygon","coordinates":[[[8.236,12.6591],[8.2411,12.6589],[8.2458,12.6584],[8.2512,12.6582],[8.2556,12.6575],[8.2577,12.6505],[8.2556,12.6452],[8.2523,12.6395],[8.2463,12.6356],[8.2419,12.6351],[8.2374,12.6348],[8.2327,12.6343],[8.2254,12.6339],[8.2178,12.6328],[8.2121,12.6341],[8.2107,12.6398],[8.214,12.6438],[8.2208,12.6452],[8.2268,12.6465],[8.2284,12.6518],[8.2307,12.6574],[8.236,12.6591]]]}},{"type":"Feature","properties":{"name":"Werdawa","designation":"Forest Reserve","iucn":"Not Reported","areaKm2":0.0,"status":"Designated","year":0},"geometry":{"type":"Polygon","coordinates":[[[8.2019,12.6996],[8.1978,12.7002],[8.1941,12.7052],[8.1928,12.7097],[8.1965,12.7147],[8.2017,12.7148],[8.2047,12.7093],[8.2045,12.703],[8.2019,12.6996]]]}},{"type":"Feature","properties":{"name":"Roni North","designation":"Forest Reserve","iucn":"Not Reported","areaKm2":0.0,"status":"Designated","year":0},"geometry":{"type":"Polygon","coordinates":[[[8.2497,12.7113],[8.2566,12.7114],[8.2613,12.71],[8.2636,12.7055],[8.2629,12.698],[8.2602,12.6923],[8.2549,12.6903],[8.25,12.6862],[8.2442,12.6891],[8.2411,12.6998],[8.241,12.7061],[8.2434,12.711],[8.2497,12.7113]]]}},{"type":"Feature","properties":{"name":"Gwiwa Korel","designation":"Forest Reserve","iucn":"Not Reported","areaKm2":0.0,"status":"Designated","year":0},"geometry":{"type":"Polygon","coordinates":[[[8.3923,12.8027],[8.3906,12.7965],[8.3839,12.7919],[8.3784,12.7891],[8.3714,12.788],[8.367,12.7881],[8.3613,12.7876],[8.3561,12.7867],[8.3504,12.7867],[8.3451,12.7865],[8.3387,12.7859],[8.3339,12.7857],[8.3218,12.7863],[8.3165,12.7863],[8.3098,12.7863],[8.3052,12.7846],[8.3034,12.7802],[8.3037,12.7751],[8.3057,12.7702],[8.2964,12.7744],[8.2898,12.7779],[8.2773,12.7801],[8.2726,12.7797],[8.2657,12.7755],[8.2613,12.7741],[8.2566,12.7742],[8.2524,12.7742],[8.2481,12.7717],[8.2418,12.7677],[8.2352,12.7626],[8.2307,12.7647],[8.2285,12.7702],[8.2231,12.7717],[8.2172,12.7695],[8.2111,12.7717],[8.209,12.7778],[8.2097,12.7827],[8.2168,12.7855],[8.2253,12.7859],[8.2306,12.7889],[8.2368,12.7903],[8.2466,12.7912],[8.2521,12.7928],[8.2597,12.7939],[8.265,12.793],[8.2698,12.7937],[8.2752,12.795],[8.2801,12.7959],[8.2887,12.7968],[8.2968,12.7956],[8.3012,12.7959],[8.3056,12.7969],[8.3106,12.7983],[8.315,12.7994],[8.3199,12.7998],[8.3252,12.7998],[8.3304,12.8],[8.3396,12.8014],[8.349,12.8013],[8.3595,12.803],[8.3662,12.8045],[8.3724,12.8057],[8.3775,12.8065],[8.3871,12.8073],[8.3925,12.8052],[8.3923,12.8027]]]}},{"type":"Feature","properties":{"name":"Rade","designation":"Forest Reserve","iucn":"Not Reported","areaKm2":0.0,"status":"Designated","year":0},"geometry":{"type":"Polygon","coordinates":[[[8.3206,12.9051],[8.3262,12.906],[8.3307,12.9077],[8.3379,12.9041],[8.343,12.9003],[8.3422,12.8949],[8.3356,12.8882],[8.3311,12.8852],[8.3232,12.8827],[8.3163,12.8834],[8.3114,12.8881],[8.3079,12.8961],[8.3034,12.9044],[8.3007,12.9107],[8.2993,12.9163],[8.3011,12.9216],[8.3069,12.9224],[8.3116,12.9239],[8.3181,12.9203],[8.3201,12.914],[8.3182,12.9098],[8.3206,12.9051]]]}},{"type":"Feature","properties":{"name":"Kaya","designation":"Forest Reserve","iucn":"Not Reported","areaKm2":0.0,"status":"Designated","year":0},"geometry":{"type":"Polygon","coordinates":[[[8.2643,12.9495],[8.2694,12.9457],[8.2738,12.9424],[8.2647,12.9426],[8.2577,12.9418],[8.2534,12.9387],[8.2477,12.9365],[8.2423,12.9339],[8.242,12.9384],[8.2472,12.9421],[8.2486,12.9462],[8.2421,12.9477],[8.2366,12.9448],[8.2307,12.9409],[8.2257,12.9416],[8.23,12.9473],[8.2314,12.953],[8.2271,12.9578],[8.2296,12.9622],[8.2353,12.9636],[8.2395,12.9662],[8.2444,12.9705],[8.2501,12.969],[8.2542,12.964],[8.2598,12.9615],[8.2617,12.9571],[8.2631,12.9513],[8.2643,12.9495]],[[8.3117,12.941],[8.3062,12.9416],[8.2999,12.9452],[8.2937,12.9479],[8.2904,12.9551],[8.2903,12.9613],[8.2833,12.9663],[8.2785,12.9684],[8.2762,12.9736],[8.2815,12.9772],[8.2862,12.977],[8.2899,12.9719],[8.2938,12.9656],[8.3009,12.9604],[8.3092,12.9556],[8.3136,12.9492],[8.3129,12.9433],[8.3117,12.941]]]}},{"type":"Feature","properties":{"name":"Sandami","designation":"Forest Reserve","iucn":"Not Reported","areaKm2":0.0,"status":"Designated","year":0},"geometry":{"type":"Polygon","coordinates":[[[8.3628,12.9614],[8.3578,12.9617],[8.3548,12.9672],[8.3531,12.9727],[8.3544,12.9779],[8.3566,12.9846],[8.3615,12.9886],[8.366,12.989],[8.3705,12.989],[8.3761,12.987],[8.3821,12.9826],[8.3868,12.9788],[8.3844,12.9737],[8.3792,12.9702],[8.3737,12.9671],[8.3628,12.9614]]]}},{"type":"Feature","properties":{"name":"Kaibaki North","designation":"Forest Reserve","iucn":"Not Reported","areaKm2":0.0,"status":"Designated","year":0},"geometry":{"type":"Polygon","coordinates":[[[8.4238,12.8859],[8.4279,12.8808],[8.4237,12.8758],[8.4196,12.8746],[8.4126,12.873],[8.4084,12.8681],[8.4038,12.8669],[8.4019,12.8709],[8.406,12.8752],[8.411,12.8783],[8.4152,12.8832],[8.4211,12.8858],[8.4238,12.8859]]]}},{"type":"Feature","properties":{"name":"Kaibaki South","designation":"Forest Reserve","iucn":"Not Reported","areaKm2":0.0,"status":"Designated","year":0},"geometry":{"type":"Polygon","coordinates":[[[8.5359,12.8847],[8.5343,12.8798],[8.5298,12.8808],[8.5257,12.8834],[8.5177,12.8829],[8.5091,12.8802],[8.507,12.8754],[8.5111,12.8697],[8.5055,12.8702],[8.5021,12.8662],[8.5026,12.8611],[8.4997,12.8566],[8.4953,12.8576],[8.4898,12.8522],[8.4883,12.8477],[8.4744,12.85],[8.4693,12.851],[8.4642,12.8518],[8.46,12.8521],[8.4553,12.8517],[8.4493,12.8488],[8.4459,12.8413],[8.4408,12.8316],[8.4347,12.8364],[8.4305,12.8376],[8.4253,12.8354],[8.4168,12.8363],[8.4127,12.8428],[8.4138,12.8473],[8.4178,12.8533],[8.4198,12.8585],[8.4241,12.8603],[8.4318,12.8593],[8.4365,12.8598],[8.4419,12.8613],[8.446,12.862],[8.4599,12.8669],[8.4648,12.8682],[8.4695,12.8693],[8.474,12.8706],[8.4788,12.8722],[8.4842,12.8736],[8.4942,12.8781],[8.4985,12.8793],[8.5026,12.8805],[8.5086,12.8842],[8.5197,12.8886],[8.5272,12.8909],[8.5324,12.8926],[8.5364,12.8865],[8.5359,12.8847]]]}},{"type":"Feature","properties":{"name":"Rogogo","designation":"Forest Reserve","iucn":"Not Reported","areaKm2":0.0,"status":"Designated","year":0},"geometry":{"type":"Polygon","coordinates":[[[8.5448,12.8462],[8.539,12.8469],[8.5341,12.8544],[8.533,12.859],[8.5325,12.8635],[8.5327,12.869],[8.5375,12.8725],[8.5432,12.8716],[8.5466,12.8669],[8.5503,12.8605],[8.551,12.8541],[8.5473,12.848],[8.5448,12.8462]]]}},{"type":"Feature","properties":{"name":"Gwirta","designation":"Forest Reserve","iucn":"Not Reported","areaKm2":0.0,"status":"Designated","year":0},"geometry":{"type":"Polygon","coordinates":[[[8.5214,12.8162],[8.5224,12.8113],[8.523,12.8068],[8.5223,12.8],[8.5152,12.7964],[8.5111,12.796],[8.5098,12.8031],[8.5093,12.8097],[8.5044,12.8148],[8.4949,12.8158],[8.4889,12.8151],[8.4837,12.8158],[8.4814,12.8212],[8.4818,12.8269],[8.4851,12.8313],[8.4919,12.8332],[8.4986,12.8335],[8.5067,12.8321],[8.514,12.8278],[8.5195,12.8206],[8.5214,12.8162]]]}},{"type":"Feature","properties":{"name":"Maribara","designation":"Forest Reserve","iucn":"Not Reported","areaKm2":0.0,"status":"Designated","year":0},"geometry":{"type":"Polygon","coordinates":[[[8.5774,12.8268],[8.5708,12.8268],[8.5664,12.8306],[8.5684,12.8376],[8.5725,12.8426],[8.5793,12.8434],[8.5821,12.8378],[8.581,12.8314],[8.5774,12.8268]]]}},{"type":"Feature","properties":{"name":"Dan Gagi","designation":"Forest Reserve","iucn":"Not Reported","areaKm2":0.0,"status":"Designated","year":0},"geometry":{"type":"Polygon","coordinates":[[[8.7246,12.7662],[8.7176,12.7668],[8.7122,12.7735],[8.7095,12.7806],[8.71,12.7875],[8.7125,12.7937],[8.7177,12.7984],[8.7226,12.7996],[8.7267,12.7978],[8.7307,12.7945],[8.7363,12.7879],[8.7381,12.782],[8.736,12.7748],[8.7326,12.7706],[8.7246,12.7662]]]}},{"type":"Feature","properties":{"name":"Muni","designation":"Forest Reserve","iucn":"Not Reported","areaKm2":0.0,"status":"Designated","year":0},"geometry":{"type":"Polygon","coordinates":[[[8.9903,12.7366],[8.9853,12.7361],[8.9802,12.739],[8.9778,12.7442],[8.9819,12.7475],[8.9868,12.7464],[8.991,12.7406],[8.9903,12.7366]]]}},{"type":"Feature","properties":{"name":"Jabi Rawa","designation":"Forest Reserve","iucn":"Not Reported","areaKm2":0.0,"status":"Designated","year":0},"geometry":{"type":"Polygon","coordinates":[[[8.8628,12.5999],[8.8557,12.6001],[8.8507,12.601],[8.8487,12.606],[8.8503,12.6116],[8.8494,12.6196],[8.851,12.6245],[8.8564,12.6245],[8.8625,12.6191],[8.8687,12.6147],[8.8741,12.613],[8.8763,12.6063],[8.8742,12.6012],[8.8628,12.5999]]]}},{"type":"Feature","properties":{"name":"Bakanbawa","designation":"Forest Reserve","iucn":"Not Reported","areaKm2":0.0,"status":"Designated","year":0},"geometry":{"type":"Polygon","coordinates":[[[8.9427,12.5299],[8.9488,12.5297],[8.9533,12.5299],[8.9585,12.5287],[8.9568,12.5235],[8.9527,12.5213],[8.9449,12.519],[8.9384,12.5159],[8.9328,12.5136],[8.9279,12.5158],[8.93,12.5203],[8.9314,12.5262],[8.932,12.5307],[8.9369,12.5321],[8.9427,12.5299]]]}},{"type":"Feature","properties":{"name":"Dankaiwa","designation":"Forest Reserve","iucn":"Not Reported","areaKm2":0.0,"status":"Designated","year":0},"geometry":{"type":"Polygon","coordinates":[[[5.9599,12.9331],[5.9704,12.924],[5.9755,12.9202],[5.9854,12.9177],[5.9923,12.9174],[5.9971,12.9189],[6.0074,12.9192],[6.0135,12.92],[6.0187,12.9207],[6.0238,12.9209],[6.0307,12.9206],[6.0374,12.9137],[6.0402,12.9094],[6.0455,12.9],[6.0483,12.8956],[6.0507,12.8914],[6.0531,12.8873],[6.0564,12.8803],[6.072,12.8592],[6.0775,12.8537],[6.086,12.8467],[6.092,12.8422],[6.0975,12.8384],[6.1028,12.8356],[6.1087,12.8336],[6.1146,12.8322],[6.1197,12.8308],[6.1238,12.8293],[6.1288,12.8232],[6.1309,12.8181],[6.1327,12.812],[6.1352,12.7894],[6.1356,12.7715],[6.1361,12.7655],[6.1384,12.7456],[6.1386,12.7399],[6.1388,12.7328],[6.1385,12.7262],[6.1373,12.7141],[6.1369,12.7049],[6.1362,12.7008],[6.1322,12.6949],[6.1275,12.693],[6.1214,12.6913],[6.116,12.6906],[6.1101,12.6911],[6.1038,12.6922],[6.0976,12.6941],[6.0917,12.6966],[6.0875,12.7],[6.0837,12.7047],[6.0797,12.7089],[6.0758,12.7134],[6.067,12.7221],[6.0569,12.7307],[6.0527,12.7328],[6.0471,12.7358],[6.0409,12.7386],[6.0327,12.7412],[6.0215,12.7436],[6.0172,12.744],[6.0122,12.7434],[6.0053,12.7393],[5.9969,12.7393],[5.991,12.7398],[5.9855,12.74],[5.98,12.7398],[5.9681,12.739],[5.9616,12.7378],[5.9542,12.7351],[5.9484,12.7339],[5.9416,12.7331],[5.934,12.7311],[5.9289,12.7294],[5.9245,12.7313],[5.9204,12.7351],[5.9129,12.7436],[5.9041,12.7554],[5.911,12.7661],[5.9155,12.7742],[5.9098,12.7805],[5.8997,12.7917],[5.8937,12.7975],[5.8808,12.8072],[5.868,12.8191],[5.851,12.8349],[5.835,12.8506],[5.8164,12.8687],[5.8081,12.8773],[5.8242,12.8958],[5.8365,12.9118],[5.8384,12.9182],[5.8385,12.9398],[5.838,12.9529],[5.8366,12.9636],[5.8412,12.961],[5.8538,12.9515],[5.8637,12.9437],[5.8681,12.9411],[5.8706,12.9362],[5.8909,12.9319],[5.907,12.9325],[5.9253,12.9319],[5.9383,12.9323],[5.9508,12.9323],[5.958,12.9325],[5.9599,12.9331]]]}},{"type":"Feature","properties":{"name":"Maradun","designation":"Forest Reserve","iucn":"Not Reported","areaKm2":0.0,"status":"Designated","year":0},"geometry":{"type":"Polygon","coordinates":[[[6.3911,12.9609],[6.3926,12.9533],[6.3938,12.934],[6.3949,12.9222],[6.3951,12.9112],[6.3955,12.903],[6.3961,12.8956],[6.3971,12.8888],[6.3975,12.8847],[6.3901,12.8746],[6.3792,12.8638],[6.3686,12.8526],[6.3586,12.8429],[6.3474,12.8327],[6.3394,12.8244],[6.3286,12.8138],[6.316,12.8031],[6.3073,12.7954],[6.2964,12.7894],[6.2889,12.7884],[6.2822,12.7847],[6.2752,12.7752],[6.2697,12.7704],[6.2652,12.7693],[6.2605,12.7697],[6.2525,12.774],[6.2485,12.7784],[6.2452,12.7833],[6.2418,12.7889],[6.234,12.8032],[6.2309,12.8085],[6.2264,12.8172],[6.2235,12.8232],[6.2157,12.8352],[6.2129,12.8407],[6.2106,12.8467],[6.2086,12.8527],[6.2071,12.8594],[6.2058,12.8665],[6.2046,12.8729],[6.2032,12.879],[6.2022,12.8845],[6.2011,12.8886],[6.1992,12.8945],[6.19,12.8976],[6.1849,12.8987],[6.1812,12.9037],[6.1807,12.9083],[6.1798,12.918],[6.1795,12.9231],[6.1793,12.9288],[6.1794,12.9346],[6.1807,12.9498],[6.1921,12.9595],[6.1974,12.9613],[6.2031,12.9628],[6.2103,12.9648],[6.2171,12.9657],[6.2224,12.966],[6.2317,12.9649],[6.2373,12.9622],[6.2477,12.9583],[6.2544,12.9564],[6.2605,12.955],[6.2676,12.9543],[6.2761,12.9549],[6.2851,12.9563],[6.2938,12.9566],[6.3037,12.9578],[6.325,12.962],[6.3594,12.9694],[6.3683,12.9715],[6.3742,12.9722],[6.3791,12.9725],[6.3877,12.9733],[6.3911,12.9609]]]}},{"type":"Feature","properties":{"name":"Illela","designation":"Forest Reserve","iucn":"Not Reported","areaKm2":0.0,"status":"Designated","year":0},"geometry":{"type":"Polygon","coordinates":[[[6.3971,12.7179],[6.4029,12.7172],[6.4101,12.7173],[6.4166,12.7169],[6.4224,12.7162],[6.4487,12.7108],[6.4535,12.7096],[6.4645,12.7094],[6.4696,12.7097],[6.4694,12.7018],[6.4695,12.6961],[6.4718,12.6891],[6.4757,12.6784],[6.4777,12.6714],[6.4794,12.665],[6.4777,12.6551],[6.4767,12.6475],[6.4758,12.6363],[6.474,12.6231],[6.4717,12.6068],[6.4694,12.5907],[6.4647,12.5651],[6.4619,12.542],[6.4592,12.5218],[6.4571,12.5036],[6.456,12.4915],[6.4512,12.4412],[6.4504,12.4367],[6.4416,12.436],[6.4327,12.4361],[6.4262,12.4367],[6.4199,12.4375],[6.4141,12.4377],[6.3982,12.438],[6.3931,12.4383],[6.3801,12.4388],[6.3758,12.4388],[6.3755,12.4441],[6.3758,12.4514],[6.3763,12.4591],[6.3765,12.4715],[6.3725,12.4769],[6.3635,12.4864],[6.3535,12.4982],[6.3454,12.5072],[6.3503,12.5162],[6.3591,12.5246],[6.3756,12.5399],[6.3718,12.5457],[6.3725,12.5508],[6.3773,12.5525],[6.3883,12.5499],[6.3911,12.558],[6.3937,12.564],[6.3933,12.5707],[6.392,12.5765],[6.3908,12.5839],[6.39,12.5904],[6.3893,12.596],[6.3889,12.6014],[6.3843,12.6132],[6.3785,12.6223],[6.3752,12.6288],[6.3721,12.6346],[6.37,12.6401],[6.3681,12.6454],[6.3659,12.6511],[6.363,12.6603],[6.3594,12.6652],[6.3505,12.6694],[6.3456,12.6719],[6.3409,12.678],[6.3436,12.6846],[6.3495,12.6935],[6.3525,12.6984],[6.3584,12.7049],[6.367,12.7092],[6.3865,12.7158],[6.3914,12.717],[6.3971,12.7179]]]}},{"type":"Feature","properties":{"name":"Kanoma Gabiya","designation":"Forest Reserve","iucn":"Not Reported","areaKm2":0.0,"status":"Designated","year":0},"geometry":{"type":"Polygon","coordinates":[[[6.2978,12.1395],[6.2927,12.1391],[6.2859,12.1396],[6.2792,12.1403],[6.2718,12.1409],[6.2645,12.1411],[6.2573,12.1415],[6.2506,12.1423],[6.2443,12.1428],[6.2394,12.1432],[6.2331,12.1446],[6.229,12.147],[6.2215,12.1571],[6.2169,12.1666],[6.2141,12.1729],[6.2128,12.1772],[6.2124,12.1818],[6.2133,12.1864],[6.2156,12.1916],[6.2192,12.196],[6.2239,12.2001],[6.2288,12.2051],[6.2373,12.2142],[6.2437,12.2207],[6.2491,12.2267],[6.2529,12.2312],[6.2594,12.2303],[6.2633,12.2229],[6.2644,12.2182],[6.2658,12.2138],[6.2704,12.2073],[6.2748,12.2044],[6.2801,12.2015],[6.2854,12.199],[6.2913,12.1957],[6.2953,12.1931],[6.2995,12.1912],[6.3043,12.1898],[6.3089,12.1889],[6.313,12.1879],[6.317,12.184],[6.3178,12.1794],[6.3174,12.1722],[6.3167,12.1656],[6.3152,12.1603],[6.3102,12.1499],[6.3068,12.1449],[6.3026,12.1414],[6.2978,12.1395]]]}},{"type":"Feature","properties":{"name":"East Anka","designation":"Forest Reserve","iucn":"Not Reported","areaKm2":0.0,"status":"Designated","year":0},"geometry":{"type":"Polygon","coordinates":[[[6.2682,11.8777],[6.2631,11.8656],[6.2592,11.8539],[6.2574,11.8474],[6.2557,11.8369],[6.2551,11.8308],[6.2556,11.8252],[6.2567,11.8181],[6.258,11.811],[6.2594,11.8052],[6.2616,11.8002],[6.2655,11.7958],[6.2703,11.7922],[6.2747,11.7885],[6.2798,11.7813],[6.2811,11.7768],[6.2815,11.7716],[6.2812,11.7658],[6.2801,11.7596],[6.2787,11.7535],[6.2755,11.7465],[6.2651,11.7282],[6.2613,11.7211],[6.2592,11.7146],[6.2569,11.7072],[6.2552,11.7002],[6.2543,11.6937],[6.2539,11.6867],[6.2544,11.6774],[6.2547,11.673],[6.2555,11.6646],[6.2506,11.661],[6.2454,11.6602],[6.2421,11.6646],[6.2379,11.6665],[6.2316,11.6698],[6.2267,11.685],[6.2258,11.6915],[6.2196,11.6995],[6.2155,11.7043],[6.2124,11.7087],[6.2051,11.7139],[6.1942,11.7308],[6.1911,11.7356],[6.1838,11.7421],[6.1821,11.7493],[6.1808,11.7545],[6.1758,11.7629],[6.1664,11.769],[6.1582,11.7778],[6.154,11.7838],[6.1532,11.788],[6.1531,11.7926],[6.154,11.797],[6.1556,11.8061],[6.1567,11.8108],[6.1568,11.817],[6.1567,11.8224],[6.1559,11.8286],[6.1533,11.8442],[6.1514,11.8514],[6.1502,11.8585],[6.1494,11.8645],[6.149,11.87],[6.1496,11.8761],[6.1505,11.8827],[6.1499,11.8877],[6.1495,11.893],[6.1488,11.906],[6.1482,11.9128],[6.1479,11.9269],[6.1482,11.9328],[6.1488,11.9397],[6.1494,11.945],[6.1508,11.9514],[6.1521,11.9585],[6.1557,11.9723],[6.1567,11.9771],[6.1567,11.9815],[6.156,11.9857],[6.1545,11.9909],[6.1524,11.9988],[6.152,12.0075],[6.1542,12.013],[6.1593,12.0201],[6.1651,12.0227],[6.1705,12.0189],[6.1742,12.0109],[6.1753,12.0061],[6.1784,11.9993],[6.1882,11.9859],[6.1923,11.9798],[6.1966,11.9739],[6.2081,11.9604],[6.2137,11.955],[6.2193,11.9509],[6.2255,11.9441],[6.2283,11.937],[6.2287,11.9328],[6.2333,11.9257],[6.2377,11.9082],[6.2407,11.9037],[6.2449,11.8988],[6.2503,11.8926],[6.2556,11.888],[6.2604,11.885],[6.2656,11.8789],[6.2682,11.8777]]]}},{"type":"Feature","properties":{"name":"Kurmayai","designation":"Forest Reserve","iucn":"Not Reported","areaKm2":0.0,"status":"Designated","year":0},"geometry":{"type":"Polygon","coordinates":[[[7.3992,12.8864],[7.4051,12.8821],[7.4096,12.8763],[7.4072,12.8718],[7.4031,12.8694],[7.3989,12.8684],[7.3941,12.8689],[7.389,12.8696],[7.3848,12.8705],[7.3802,12.8707],[7.3761,12.8685],[7.3721,12.8658],[7.3675,12.8632],[7.3626,12.8618],[7.3521,12.8628],[7.3479,12.8655],[7.3469,12.8703],[7.3515,12.8765],[7.3593,12.8835],[7.3638,12.8858],[7.3684,12.8867],[7.3729,12.8872],[7.3792,12.8846],[7.3869,12.8878],[7.3935,12.8898],[7.3992,12.8864]]]}},{"type":"Feature","properties":{"name":"Yan Tumaki","designation":"Forest Reserve","iucn":"Not Reported","areaKm2":0.0,"status":"Designated","year":0},"geometry":{"type":"Polygon","coordinates":[[[7.4832,12.2711],[7.49,12.2626],[7.4875,12.2541],[7.4852,12.2473],[7.4834,12.2425],[7.477,12.2373],[7.4722,12.2299],[7.472,12.2213],[7.4726,12.2144],[7.4709,12.2093],[7.4679,12.2037],[7.4631,12.1959],[7.4632,12.1866],[7.464,12.1802],[7.4612,12.1737],[7.4597,12.1692],[7.4627,12.1604],[7.4642,12.1523],[7.4641,12.1463],[7.4632,12.1383],[7.4758,12.1386],[7.4837,12.1402],[7.4855,12.1166],[7.4861,12.1071],[7.4865,12.0998],[7.4758,12.0992],[7.4701,12.1007],[7.4578,12.1061],[7.4427,12.1113],[7.43,12.116],[7.4178,12.1204],[7.4097,12.1232],[7.4019,12.1257],[7.3958,12.1313],[7.3925,12.1373],[7.3938,12.1462],[7.3922,12.1533],[7.3899,12.1582],[7.3884,12.1656],[7.3893,12.17],[7.3944,12.1786],[7.4007,12.191],[7.407,12.2029],[7.4123,12.2122],[7.4169,12.2215],[7.4305,12.2261],[7.4476,12.2307],[7.4644,12.2342],[7.4679,12.2454],[7.4685,12.2505],[7.4684,12.2558],[7.4675,12.2697],[7.4559,12.2692],[7.4401,12.2682],[7.4325,12.2686],[7.4308,12.274],[7.4318,12.2822],[7.4327,12.2914],[7.4305,12.2993],[7.4305,12.3055],[7.4312,12.311],[7.4354,12.3179],[7.4376,12.3238],[7.4438,12.3261],[7.4669,12.3373],[7.4747,12.3397],[7.4801,12.3265],[7.475,12.322],[7.4699,12.3168],[7.4678,12.3105],[7.4673,12.3044],[7.4672,12.299],[7.4682,12.2934],[7.4743,12.2865],[7.4789,12.2817],[7.4795,12.2774],[7.4832,12.2711]]]}},{"type":"Feature","properties":{"name":"Tudun Mani","designation":"Forest Reserve","iucn":"Not Reported","areaKm2":0.0,"status":"Designated","year":0},"geometry":{"type":"Polygon","coordinates":[[[7.3136,11.9525],[7.3032,11.9498],[7.2941,11.9477],[7.2808,11.9439],[7.2777,11.9496],[7.2794,11.9558],[7.2809,11.9625],[7.2782,11.9671],[7.2674,11.976],[7.2656,11.9807],[7.2673,11.9891],[7.2687,11.9953],[7.2711,11.9995],[7.2719,12.0051],[7.2712,12.0095],[7.2708,12.0182],[7.281,12.014],[7.2887,12.011],[7.2969,12.0085],[7.3078,12.0064],[7.3116,12.001],[7.311,11.9919],[7.3104,11.9855],[7.3064,11.9788],[7.3067,11.9742],[7.3089,11.9674],[7.3126,11.9551],[7.3136,11.9525]]]}},{"type":"Feature","properties":{"name":"Ruma","designation":"Forest Reserve","iucn":"Not Reported","areaKm2":0.0,"status":"Designated","year":0},"geometry":{"type":"Polygon","coordinates":[[[7.1452,12.5644],[7.1483,12.5425],[7.1493,12.5337],[7.1501,12.5189],[7.1503,12.5122],[7.1511,12.5051],[7.1517,12.4984],[7.1528,12.4903],[7.1541,12.4835],[7.1579,12.467],[7.1602,12.4586],[7.1619,12.4518],[7.1636,12.4454],[7.1642,12.4395],[7.1644,12.4309],[7.1639,12.4216],[7.1637,12.4076],[7.1631,12.3969],[7.1633,12.3895],[7.1649,12.3811],[7.1661,12.3734],[7.1677,12.366],[7.169,12.3591],[7.1709,12.3524],[7.1729,12.3457],[7.1744,12.3394],[7.1768,12.3323],[7.1788,12.3259],[7.1808,12.3196],[7.1829,12.3123],[7.1864,12.2985],[7.1885,12.2911],[7.1906,12.2847],[7.194,12.2713],[7.1958,12.2648],[7.1977,12.2576],[7.2013,12.2454],[7.2064,12.227],[7.2072,12.2215],[7.2086,12.2151],[7.2103,12.2096],[7.2106,12.2052],[7.2067,12.1965],[7.2014,12.1854],[7.2009,12.1788],[7.2064,12.1624],[7.2078,12.1559],[7.2096,12.1513],[7.2148,12.145],[7.2204,12.1401],[7.2286,12.1343],[7.2327,12.1308],[7.2373,12.1153],[7.2387,12.109],[7.2405,12.1025],[7.2417,12.0966],[7.2352,12.0924],[7.2285,12.0893],[7.2209,12.0896],[7.2162,12.0899],[7.2119,12.0911],[7.2072,12.0923],[7.203,12.0922],[7.1989,12.0904],[7.194,12.0889],[7.1871,12.0875],[7.1803,12.0859],[7.1723,12.0825],[7.1659,12.0737],[7.1601,12.0716],[7.1553,12.07],[7.1469,12.066],[7.1421,12.0647],[7.1368,12.0652],[7.1319,12.0688],[7.1263,12.0712],[7.122,12.0701],[7.1168,12.0706],[7.1126,12.0736],[7.1056,12.0755],[7.1021,12.0827],[7.0909,12.0945],[7.0897,12.104],[7.0894,12.1088],[7.0981,12.1184],[7.1073,12.1255],[7.1191,12.1345],[7.128,12.141],[7.1352,12.1476],[7.1377,12.1525],[7.1403,12.1593],[7.1432,12.1642],[7.1469,12.1692],[7.1661,12.1901],[7.1673,12.1981],[7.1702,12.215],[7.1646,12.2199],[7.14,12.2405],[7.1183,12.2581],[7.1045,12.27],[7.0895,12.2836],[7.0823,12.2901],[7.0704,12.2872],[7.0652,12.2862],[7.0632,12.2914],[7.0624,12.3013],[7.0613,12.3157],[7.0584,12.3324],[7.0557,12.3464],[7.0519,12.3617],[7.0483,12.3775],[7.0442,12.3927],[7.0417,12.4053],[7.0419,12.4096],[7.0467,12.4287],[7.0468,12.4375],[7.0485,12.4586],[7.051,12.481],[7.0525,12.4995],[7.0531,12.523],[7.0541,12.5482],[7.0549,12.5733],[7.0565,12.5988],[7.0588,12.6462],[7.0622,12.7256],[7.0636,12.7528],[7.0651,12.7731],[7.0644,12.7818],[7.0632,12.7881],[7.063,12.7927],[7.0714,12.7966],[7.0783,12.8],[7.0969,12.8108],[7.1041,12.8145],[7.1095,12.8175],[7.1141,12.8193],[7.1187,12.8207],[7.1241,12.8155],[7.1295,12.8054],[7.1308,12.8011],[7.1328,12.7936],[7.1354,12.7848],[7.1376,12.7774],[7.1388,12.7717],[7.1394,12.7654],[7.1398,12.758],[7.1406,12.7501],[7.1426,12.7413],[7.1453,12.7342],[7.1473,12.7276],[7.149,12.7228],[7.1501,12.7149],[7.1492,12.7095],[7.1475,12.7021],[7.1461,12.695],[7.1425,12.6822],[7.141,12.6759],[7.1403,12.6712],[7.1436,12.6598],[7.1373,12.6574],[7.1288,12.6535],[7.1234,12.6514],[7.1256,12.6407],[7.1295,12.6259],[7.1334,12.6113],[7.1359,12.6057],[7.1438,12.5891],[7.1462,12.5829],[7.1469,12.5784],[7.1461,12.5724],[7.1454,12.5663],[7.1452,12.5644]]]}},{"type":"Feature","properties":{"name":"Kukar Jangara","designation":"Forest Reserve","iucn":"Not Reported","areaKm2":0.0,"status":"Designated","year":0},"geometry":{"type":"Polygon","coordinates":[[[7.1709,12.3524],[7.169,12.3591],[7.1677,12.366],[7.1661,12.3734],[7.1649,12.3811],[7.1633,12.3895],[7.1631,12.3969],[7.1637,12.4076],[7.1639,12.4216],[7.1644,12.4309],[7.1642,12.4395],[7.1636,12.4454],[7.1619,12.4518],[7.1602,12.4586],[7.1579,12.467],[7.1541,12.4835],[7.1528,12.4903],[7.1517,12.4984],[7.1511,12.5051],[7.1503,12.5122],[7.1501,12.5189],[7.1493,12.5337],[7.1483,12.5425],[7.1449,12.563],[7.1531,12.5655],[7.1601,12.5661],[7.1764,12.5682],[7.1843,12.5691],[7.1993,12.5691],[7.2107,12.5684],[7.2134,12.574],[7.2157,12.5782],[7.2221,12.5793],[7.2339,12.5781],[7.2443,12.5774],[7.2555,12.5762],[7.2648,12.5755],[7.2796,12.5737],[7.2883,12.5686],[7.2922,12.5641],[7.2948,12.5588],[7.2989,12.5532],[7.3096,12.5375],[7.313,12.5331],[7.3147,12.5288],[7.3157,12.5222],[7.317,12.515],[7.3173,12.5093],[7.3166,12.5021],[7.3152,12.4943],[7.3131,12.4881],[7.3093,12.4835],[7.3022,12.4772],[7.2965,12.471],[7.2954,12.4664],[7.2953,12.4611],[7.2943,12.4553],[7.2927,12.4507],[7.284,12.4468],[7.2794,12.4441],[7.2723,12.4357],[7.2663,12.4263],[7.2632,12.4192],[7.2595,12.4136],[7.2564,12.4079],[7.2513,12.4008],[7.2473,12.3942],[7.2438,12.3882],[7.2397,12.3808],[7.2357,12.3732],[7.2324,12.3675],[7.2284,12.3623],[7.2239,12.3577],[7.219,12.3551],[7.2116,12.3534],[7.2039,12.3525],[7.1886,12.3528],[7.1818,12.3535],[7.1728,12.3529],[7.1709,12.3524]]]}},{"type":"Feature","properties":{"name":"Shimfida","designation":"Forest Reserve","iucn":"Not Reported","areaKm2":0.0,"status":"Designated","year":0},"geometry":{"type":"Polygon","coordinates":[[[7.1204,12.8215],[7.1141,12.8193],[7.1095,12.8175],[7.1035,12.8201],[7.0996,12.8244],[7.0977,12.8318],[7.0996,12.8386],[7.1037,12.8445],[7.1101,12.8497],[7.1156,12.8534],[7.1159,12.8471],[7.1176,12.8359],[7.1204,12.8215]]]}},{"type":"Feature","properties":{"name":"Rakuma","designation":"Forest Reserve","iucn":"Not Reported","areaKm2":0.0,"status":"Designated","year":0},"geometry":{"type":"Polygon","coordinates":[[[5.8161,12.4247],[5.7993,12.4287],[5.7897,12.4313],[5.7724,12.4362],[5.7543,12.441],[5.7459,12.4436],[5.7373,12.4463],[5.7278,12.4489],[5.7236,12.4504],[5.7174,12.4573],[5.7122,12.4648],[5.7185,12.4685],[5.7258,12.471],[5.7332,12.4739],[5.7414,12.4769],[5.747,12.4793],[5.7547,12.4823],[5.7618,12.485],[5.7802,12.4934],[5.7887,12.4967],[5.7971,12.5001],[5.8038,12.5036],[5.8141,12.5019],[5.822,12.5021],[5.8313,12.5027],[5.8382,12.5029],[5.8423,12.5029],[5.8494,12.4956],[5.8576,12.4927],[5.8649,12.4943],[5.8726,12.4962],[5.88,12.4974],[5.8875,12.4985],[5.8949,12.4994],[5.9007,12.5006],[5.9077,12.5029],[5.9215,12.5416],[5.9272,12.5586],[5.9374,12.5799],[5.9445,12.5795],[5.952,12.5797],[5.9562,12.578],[5.9611,12.575],[5.966,12.5728],[5.9702,12.5715],[5.9745,12.5713],[5.9816,12.5739],[5.989,12.5758],[5.997,12.575],[6.0035,12.5737],[6.0075,12.5684],[6.0091,12.5563],[6.011,12.5446],[6.0116,12.5369],[6.0085,12.5315],[6.0037,12.5284],[5.9994,12.5253],[5.9855,12.5127],[5.9827,12.5041],[5.9811,12.4925],[5.9794,12.48],[5.9786,12.467],[5.9749,12.4532],[5.9692,12.4489],[5.9647,12.447],[5.9575,12.4474],[5.9477,12.4493],[5.9338,12.4498],[5.9162,12.4515],[5.8972,12.4527],[5.8814,12.4524],[5.8692,12.4513],[5.856,12.4503],[5.8399,12.4489],[5.8341,12.45],[5.8232,12.4553],[5.811,12.4606],[5.8051,12.4588],[5.8005,12.4509],[5.7927,12.4394],[5.8003,12.4352],[5.8125,12.4291],[5.8161,12.4247]]]}},{"type":"Feature","properties":{"name":"Mohono","designation":"Forest Reserve","iucn":"Not Reported","areaKm2":0.0,"status":"Designated","year":0},"geometry":{"type":"Polygon","coordinates":[[[4.6043,12.5115],[4.5988,12.5046],[4.592,12.5038],[4.5677,12.5091],[4.5609,12.51],[4.5544,12.5104],[4.5486,12.5105],[4.5489,12.5034],[4.5406,12.4984],[4.5279,12.4946],[4.5223,12.4926],[4.5162,12.4911],[4.5057,12.489],[4.5,12.4875],[4.4945,12.4844],[4.4772,12.4676],[4.466,12.4797],[4.4547,12.492],[4.4438,12.5028],[4.4347,12.5132],[4.4259,12.5212],[4.4308,12.5223],[4.4603,12.5297],[4.4847,12.5345],[4.5003,12.5375],[4.5055,12.5376],[4.5102,12.5428],[4.5157,12.5531],[4.5276,12.5727],[4.535,12.5733],[4.5521,12.5632],[4.5667,12.5542],[4.5801,12.5477],[4.5929,12.5401],[4.6005,12.5347],[4.6069,12.5295],[4.6091,12.524],[4.6087,12.5198],[4.607,12.5155],[4.6043,12.5115]]]}},{"type":"Feature","properties":{"name":"Gijia","designation":"Forest Reserve","iucn":"Not Reported","areaKm2":0.0,"status":"Designated","year":0},"geometry":{"type":"Polygon","coordinates":[[[4.7458,12.6881],[4.7443,12.6819],[4.7434,12.6764],[4.7432,12.6721],[4.7473,12.6611],[4.7512,12.6521],[4.7265,12.6514],[4.7137,12.6518],[4.6988,12.6494],[4.6918,12.6489],[4.6701,12.6502],[4.6583,12.6502],[4.6458,12.6484],[4.6483,12.6543],[4.6508,12.6591],[4.6485,12.6652],[4.6432,12.6697],[4.6421,12.6755],[4.6409,12.6838],[4.639,12.6934],[4.6384,12.7006],[4.6424,12.71],[4.6472,12.7142],[4.6554,12.7116],[4.666,12.7079],[4.6762,12.7052],[4.682,12.7055],[4.6904,12.7063],[4.696,12.7055],[4.6983,12.7009],[4.7032,12.6938],[4.7077,12.6883],[4.7121,12.688],[4.7235,12.6883],[4.7376,12.6889],[4.7439,12.6886],[4.7458,12.6881]]]}},{"type":"Feature","properties":{"name":"Belare","designation":"Forest Reserve","iucn":"Not Reported","areaKm2":0.0,"status":"Designated","year":0},"geometry":{"type":"Polygon","coordinates":[[[4.7512,12.6521],[4.7552,12.6432],[4.7641,12.6338],[4.7739,12.6271],[4.7849,12.6187],[4.7964,12.6087],[4.8076,12.5982],[4.8148,12.5916],[4.8202,12.5863],[4.8203,12.5794],[4.8137,12.5697],[4.8053,12.5598],[4.8002,12.5544],[4.7947,12.5492],[4.7899,12.5486],[4.7821,12.5478],[4.7735,12.5481],[4.7656,12.5491],[4.7576,12.5496],[4.7505,12.5492],[4.7407,12.557],[4.7332,12.5627],[4.7287,12.5684],[4.7235,12.5763],[4.7197,12.5827],[4.7158,12.5909],[4.712,12.5986],[4.7064,12.5985],[4.7017,12.593],[4.6956,12.5868],[4.6915,12.584],[4.6846,12.5888],[4.68,12.5908],[4.6721,12.5931],[4.661,12.5946],[4.6508,12.5943],[4.6456,12.5944],[4.6435,12.5989],[4.6433,12.6046],[4.6445,12.6097],[4.6474,12.617],[4.6496,12.6249],[4.6448,12.6316],[4.6449,12.64],[4.6446,12.6482],[4.6583,12.6502],[4.6701,12.6502],[4.6918,12.6489],[4.6988,12.6494],[4.7137,12.6518],[4.7265,12.6514],[4.7474,12.6522],[4.7512,12.6521]]]}},{"type":"Feature","properties":{"name":"Sainyinan","designation":"Forest Reserve","iucn":"Not Reported","areaKm2":0.0,"status":"Designated","year":0},"geometry":{"type":"Polygon","coordinates":[[[4.823,12.5841],[4.8148,12.5916],[4.8076,12.5982],[4.7964,12.6087],[4.7849,12.6187],[4.7739,12.6271],[4.7641,12.6338],[4.7567,12.64],[4.7502,12.6544],[4.7473,12.6611],[4.7439,12.6683],[4.7434,12.6764],[4.7443,12.6819],[4.7461,12.6892],[4.7504,12.6932],[4.7551,12.699],[4.769,12.6992],[4.7957,12.7012],[4.8075,12.7036],[4.809,12.6982],[4.811,12.6903],[4.8133,12.6787],[4.8157,12.6678],[4.821,12.6421],[4.8233,12.6313],[4.8259,12.6186],[4.8281,12.61],[4.8307,12.6009],[4.83,12.5952],[4.823,12.5841]]]}},{"type":"Feature","properties":{"name":"Dogwandaji","designation":"Forest Reserve","iucn":"Not Reported","areaKm2":0.0,"status":"Designated","year":0},"geometry":{"type":"Polygon","coordinates":[[[5.0177,12.3558],[5.0267,12.3543],[5.0338,12.3555],[5.0398,12.3469],[5.0438,12.3344],[5.0453,12.3287],[5.0503,12.3178],[5.0538,12.3073],[5.0555,12.3031],[5.0648,12.2884],[5.067,12.2809],[5.0694,12.2763],[5.071,12.2718],[5.0741,12.2634],[5.0583,12.262],[5.0367,12.2573],[5.0183,12.2551],[5.0064,12.2538],[4.9749,12.2472],[4.9655,12.2458],[4.956,12.244],[4.9458,12.2422],[4.9282,12.2395],[4.9198,12.2381],[4.9098,12.2366],[4.892,12.2342],[4.8841,12.233],[4.872,12.2316],[4.8664,12.2171],[4.8614,12.201],[4.8562,12.186],[4.8498,12.1663],[4.8285,12.1829],[4.8066,12.2026],[4.7906,12.2166],[4.7773,12.2278],[4.7733,12.2328],[4.7729,12.241],[4.7715,12.2577],[4.771,12.2763],[4.7704,12.2863],[4.7908,12.2827],[4.7965,12.2812],[4.8018,12.2811],[4.8066,12.2815],[4.8128,12.28],[4.8272,12.2784],[4.8345,12.2777],[4.8409,12.2774],[4.8469,12.2775],[4.8543,12.2802],[4.868,12.2971],[4.8761,12.3093],[4.8881,12.325],[4.8911,12.3307],[4.9015,12.3537],[4.9097,12.3698],[4.9162,12.3806],[4.9203,12.3857],[4.9355,12.3868],[4.9446,12.3874],[4.9487,12.3861],[4.9557,12.3834],[4.9636,12.3807],[4.9716,12.3787],[4.9871,12.3753],[4.9945,12.3732],[5.0002,12.3705],[5.0046,12.3672],[5.0177,12.3558]]]}},{"type":"Feature","properties":{"name":"Mallamji","designation":"Forest Reserve","iucn":"Not Reported","areaKm2":0.0,"status":"Designated","year":0},"geometry":{"type":"Polygon","coordinates":[[[5.2987,12.5627],[5.3072,12.5622],[5.3371,12.5625],[5.3456,12.5632],[5.3567,12.5635],[5.3669,12.5634],[5.3756,12.5639],[5.3841,12.5645],[5.3895,12.5653],[5.3944,12.5662],[5.4064,12.5699],[5.4132,12.5718],[5.4227,12.568],[5.432,12.5623],[5.4391,12.5584],[5.4521,12.5525],[5.4554,12.5466],[5.4557,12.5407],[5.4574,12.5262],[5.4588,12.5195],[5.4598,12.5118],[5.4605,12.5052],[5.4606,12.4999],[5.459,12.4816],[5.4589,12.4728],[5.4593,12.4611],[5.4593,12.4511],[5.4601,12.4427],[5.4595,12.4336],[5.4499,12.4314],[5.438,12.4284],[5.4259,12.4252],[5.4136,12.4223],[5.4028,12.4189],[5.3795,12.4103],[5.3586,12.4024],[5.3482,12.399],[5.3377,12.3945],[5.3093,12.3804],[5.3006,12.3768],[5.293,12.373],[5.2759,12.368],[5.267,12.3659],[5.2625,12.3645],[5.2568,12.3641],[5.2523,12.3689],[5.2509,12.3731],[5.2372,12.3789],[5.2283,12.3639],[5.2251,12.3556],[5.2215,12.3487],[5.2175,12.3439],[5.2041,12.3501],[5.1973,12.3527],[5.1828,12.3573],[5.1769,12.3598],[5.1708,12.3622],[5.1644,12.3655],[5.1512,12.3725],[5.1445,12.3763],[5.1382,12.3816],[5.1351,12.3916],[5.1284,12.4028],[5.125,12.4071],[5.1196,12.4126],[5.1144,12.4174],[5.11,12.422],[5.1049,12.4259],[5.0988,12.4292],[5.0931,12.4319],[5.0934,12.4389],[5.0867,12.4527],[5.0829,12.4584],[5.0787,12.4654],[5.0762,12.47],[5.0761,12.4762],[5.0779,12.4819],[5.0796,12.4885],[5.0808,12.4951],[5.0834,12.5059],[5.0829,12.5168],[5.0806,12.5221],[5.0766,12.5346],[5.0759,12.5395],[5.0781,12.5532],[5.0796,12.5584],[5.0836,12.5732],[5.0857,12.5784],[5.0913,12.5795],[5.0975,12.5814],[5.1039,12.5835],[5.1208,12.5877],[5.1418,12.5921],[5.1506,12.5944],[5.1596,12.596],[5.1692,12.5986],[5.178,12.6013],[5.1855,12.6032],[5.1926,12.6046],[5.1998,12.6057],[5.2048,12.6069],[5.2103,12.6068],[5.2164,12.6046],[5.2229,12.6011],[5.2296,12.5974],[5.2364,12.5933],[5.2435,12.5889],[5.2704,12.5732],[5.275,12.5702],[5.2804,12.5662],[5.2862,12.5638],[5.2923,12.5631],[5.2987,12.5627]]]}},{"type":"Feature","properties":{"name":"Dabaga","designation":"Forest Reserve","iucn":"Not Reported","areaKm2":0.0,"status":"Designated","year":0},"geometry":{"type":"Polygon","coordinates":[[[5.4221,12.6663],[5.4204,12.6611],[5.4027,12.6623],[5.3861,12.6641],[5.3767,12.6649],[5.371,12.6658],[5.3687,12.6752],[5.3684,12.6838],[5.368,12.6902],[5.3657,12.7038],[5.3644,12.7122],[5.3635,12.7196],[5.3619,12.7355],[5.3615,12.7436],[5.3607,12.7503],[5.3601,12.7586],[5.3594,12.7721],[5.3588,12.7762],[5.3585,12.7823],[5.363,12.7863],[5.3713,12.7922],[5.3785,12.7962],[5.3845,12.7997],[5.3977,12.809],[5.4039,12.8125],[5.4103,12.8167],[5.4177,12.8212],[5.4243,12.8248],[5.4305,12.8287],[5.4354,12.8261],[5.4421,12.8198],[5.4453,12.814],[5.4314,12.8047],[5.4236,12.8001],[5.4164,12.7957],[5.4099,12.7905],[5.4008,12.7842],[5.4051,12.7812],[5.4098,12.7782],[5.4143,12.7747],[5.4151,12.7699],[5.4229,12.7653],[5.4254,12.7583],[5.4272,12.7529],[5.4293,12.7488],[5.4368,12.7427],[5.4379,12.7377],[5.4405,12.72],[5.4414,12.7078],[5.4414,12.6994],[5.4418,12.6953],[5.431,12.689],[5.4255,12.6874],[5.4232,12.6799],[5.423,12.6725],[5.4221,12.6663]]]}},{"type":"Feature","properties":{"name":"Sangiwa","designation":"Forest Reserve","iucn":"Not Reported","areaKm2":0.0,"status":"Designated","year":0},"geometry":{"type":"Polygon","coordinates":[[[5.8127,12.6869],[5.8027,12.6855],[5.7736,12.6848],[5.7622,12.6835],[5.7463,12.68],[5.7279,12.677],[5.7108,12.6745],[5.6936,12.6714],[5.6809,12.6686],[5.6723,12.6668],[5.6616,12.6692],[5.6557,12.6714],[5.6522,12.6662],[5.6516,12.6619],[5.6411,12.6539],[5.6328,12.6501],[5.6201,12.6506],[5.604,12.6551],[5.5836,12.66],[5.5777,12.6613],[5.572,12.6647],[5.5713,12.6696],[5.5709,12.676],[5.5687,12.6972],[5.5673,12.7088],[5.567,12.716],[5.5452,12.7166],[5.5408,12.7169],[5.5284,12.7283],[5.5188,12.7373],[5.5127,12.7436],[5.5059,12.7515],[5.5,12.756],[5.4897,12.7599],[5.4802,12.7611],[5.4734,12.7618],[5.4681,12.7606],[5.4674,12.7738],[5.4675,12.7819],[5.4791,12.7819],[5.4809,12.7941],[5.4811,12.8036],[5.481,12.8088],[5.4835,12.8156],[5.4886,12.8249],[5.4919,12.8331],[5.4903,12.8425],[5.4878,12.8533],[5.4864,12.8622],[5.4924,12.8656],[5.4991,12.8694],[5.5072,12.8745],[5.5114,12.8768],[5.5158,12.8758],[5.5226,12.8745],[5.5299,12.8735],[5.5367,12.8728],[5.5412,12.8725],[5.5458,12.8779],[5.5487,12.889],[5.5579,12.8941],[5.5647,12.8951],[5.5681,12.891],[5.5704,12.8847],[5.5789,12.8793],[5.5842,12.8792],[5.5889,12.88],[5.595,12.8836],[5.5969,12.8876],[5.5982,12.8922],[5.5997,12.8972],[5.6051,12.8903],[5.6074,12.8845],[5.6098,12.8786],[5.6125,12.8731],[5.6154,12.8665],[5.6196,12.8555],[5.6221,12.8499],[5.6239,12.8442],[5.6249,12.8275],[5.6258,12.8039],[5.6266,12.7886],[5.6268,12.7724],[5.6266,12.7657],[5.6268,12.7609],[5.6319,12.7535],[5.6371,12.7492],[5.6421,12.7449],[5.6462,12.7417],[5.6537,12.738],[5.6675,12.7397],[5.6768,12.7415],[5.6861,12.7436],[5.6963,12.7454],[5.7056,12.7466],[5.715,12.7473],[5.7226,12.7486],[5.729,12.7501],[5.7363,12.7517],[5.742,12.7529],[5.7464,12.7532],[5.7609,12.771],[5.7648,12.7761],[5.7741,12.7779],[5.7798,12.7748],[5.7802,12.7663],[5.7787,12.7536],[5.7787,12.7464],[5.7798,12.7423],[5.7835,12.736],[5.7872,12.7277],[5.7905,12.7212],[5.7982,12.7067],[5.8065,12.6952],[5.8097,12.6909],[5.8127,12.6869]]]}},{"type":"Feature","properties":{"name":"Bakura Tureta","designation":"Forest Reserve","iucn":"Not Reported","areaKm2":0.0,"status":"Designated","year":0},"geometry":{"type":"Polygon","coordinates":[[[5.8038,12.5036],[5.7971,12.5001],[5.7887,12.4967],[5.7802,12.4934],[5.7618,12.485],[5.7547,12.4823],[5.747,12.4793],[5.7414,12.4769],[5.7332,12.4739],[5.7258,12.471],[5.7185,12.4685],[5.7115,12.4667],[5.7051,12.466],[5.6856,12.4657],[5.6676,12.4639],[5.654,12.4636],[5.6497,12.4638],[5.6445,12.4657],[5.6326,12.4745],[5.6262,12.4795],[5.6197,12.4848],[5.6132,12.4909],[5.6071,12.4968],[5.6015,12.5016],[5.5965,12.5055],[5.5912,12.5092],[5.5821,12.5165],[5.5763,12.5223],[5.5749,12.5264],[5.5731,12.5323],[5.5695,12.5448],[5.5629,12.5662],[5.5594,12.5793],[5.5564,12.5899],[5.5581,12.5961],[5.5639,12.6029],[5.5779,12.6029],[5.5834,12.6034],[5.5886,12.6041],[5.5934,12.6049],[5.5987,12.607],[5.607,12.61],[5.6103,12.6159],[5.6134,12.6225],[5.6181,12.6266],[5.6195,12.6326],[5.6181,12.6377],[5.6257,12.6419],[5.6295,12.6461],[5.6411,12.6539],[5.6504,12.6597],[5.6522,12.6662],[5.6522,12.6724],[5.6616,12.6692],[5.6694,12.6665],[5.6809,12.6686],[5.6936,12.6714],[5.7108,12.6745],[5.7279,12.677],[5.7463,12.68],[5.7622,12.6835],[5.7736,12.6848],[5.8027,12.6855],[5.8127,12.6869],[5.8221,12.6726],[5.8258,12.6669],[5.834,12.6552],[5.838,12.6497],[5.8433,12.6418],[5.8477,12.6353],[5.8532,12.6289],[5.8595,12.6265],[5.8661,12.6251],[5.8786,12.6222],[5.8827,12.6164],[5.8809,12.6113],[5.8773,12.6053],[5.8751,12.6005],[5.8742,12.5955],[5.8741,12.5893],[5.8737,12.5822],[5.8736,12.5768],[5.8728,12.5724],[5.8687,12.5659],[5.8642,12.5598],[5.8639,12.5557],[5.8642,12.5501],[5.8648,12.5442],[5.8653,12.5321],[5.8493,12.5285],[5.8427,12.5275],[5.8364,12.5255],[5.8233,12.5164],[5.8156,12.5116],[5.8097,12.5075],[5.8038,12.5036]]]}},{"type":"Feature","properties":{"name":"Kawara","designation":"Forest Reserve","iucn":"Not Reported","areaKm2":0.0,"status":"Designated","year":0},"geometry":{"type":"Polygon","coordinates":[[[5.562,12.5695],[5.5695,12.5448],[5.5731,12.5323],[5.5749,12.5264],[5.5763,12.5223],[5.5821,12.5165],[5.5912,12.5092],[5.5965,12.5055],[5.6015,12.5016],[5.6071,12.4968],[5.6132,12.4909],[5.6197,12.4848],[5.6262,12.4795],[5.6326,12.4745],[5.6445,12.4657],[5.6497,12.4638],[5.649,12.443],[5.649,12.4267],[5.6493,12.4067],[5.6493,12.3875],[5.649,12.3717],[5.649,12.3599],[5.6348,12.3597],[5.6262,12.3592],[5.6143,12.3473],[5.6069,12.3393],[5.599,12.3313],[5.5902,12.3218],[5.5791,12.3104],[5.5729,12.3073],[5.5679,12.3073],[5.5499,12.3092],[5.5356,12.3117],[5.5246,12.3139],[5.5202,12.3179],[5.5116,12.3263],[5.5027,12.3363],[5.4849,12.3529],[5.4746,12.363],[5.4721,12.3673],[5.4667,12.3779],[5.459,12.3895],[5.457,12.3948],[5.4589,12.4021],[5.4644,12.417],[5.4676,12.4295],[5.4681,12.4505],[5.4677,12.4684],[5.4685,12.4824],[5.4683,12.4959],[5.4696,12.5094],[5.4718,12.5185],[5.4744,12.5305],[5.4753,12.5414],[5.4746,12.5457],[5.4724,12.554],[5.4702,12.5624],[5.4683,12.5667],[5.4642,12.5751],[5.4629,12.5803],[5.4758,12.5763],[5.483,12.5738],[5.4974,12.5691],[5.502,12.5681],[5.5113,12.5715],[5.5171,12.574],[5.5226,12.575],[5.5272,12.574],[5.5326,12.5711],[5.5396,12.5675],[5.5485,12.5685],[5.5575,12.5687],[5.562,12.5695]]]}},{"type":"Feature","properties":{"name":"Damri","designation":"Forest Reserve","iucn":"Not Reported","areaKm2":0.0,"status":"Designated","year":0},"geometry":{"type":"Polygon","coordinates":[[[5.8161,12.4247],[5.8194,12.4124],[5.8216,12.4022],[5.8212,12.3949],[5.8184,12.3894],[5.8092,12.3689],[5.8049,12.3621],[5.8008,12.3613],[5.794,12.362],[5.7924,12.3679],[5.7919,12.3757],[5.7877,12.3796],[5.7778,12.3833],[5.7597,12.3889],[5.7468,12.3942],[5.7354,12.4],[5.7316,12.4081],[5.7281,12.4186],[5.7258,12.4275],[5.7195,12.4259],[5.7112,12.4232],[5.7102,12.4183],[5.7102,12.398],[5.7114,12.3933],[5.7236,12.3644],[5.7275,12.3583],[5.7326,12.3493],[5.7411,12.3376],[5.7455,12.3303],[5.7384,12.3284],[5.7157,12.3244],[5.7129,12.3288],[5.7078,12.3363],[5.6988,12.3362],[5.6907,12.3363],[5.6815,12.3356],[5.6721,12.3351],[5.6609,12.3347],[5.6528,12.3338],[5.6493,12.341],[5.649,12.3599],[5.649,12.3717],[5.6493,12.3875],[5.6493,12.4067],[5.649,12.4267],[5.649,12.443],[5.6497,12.4638],[5.654,12.4636],[5.6676,12.4639],[5.6856,12.4657],[5.7051,12.466],[5.7115,12.4667],[5.7152,12.4609],[5.72,12.4533],[5.7278,12.4489],[5.7373,12.4463],[5.7459,12.4436],[5.7543,12.441],[5.7724,12.4362],[5.7897,12.4313],[5.7993,12.4287],[5.8134,12.4252],[5.8161,12.4247]]]}},{"type":"Feature","properties":{"name":"Gulbin Ka","designation":"Forest Reserve","iucn":"Not Reported","areaKm2":0.0,"status":"Designated","year":0},"geometry":{"type":"Polygon","coordinates":[[[4.5487,11.8439],[4.5478,11.8501],[4.5458,11.8597],[4.5446,11.8643],[4.548,11.8767],[4.5524,11.8896],[4.5556,11.8974],[4.5616,11.9055],[4.5669,11.9139],[4.5709,11.9214],[4.5736,11.9305],[4.5753,11.9413],[4.5764,11.9543],[4.578,11.9623],[4.5803,11.9665],[4.6201,11.9741],[4.6459,11.9791],[4.6721,11.9828],[4.6979,11.9865],[4.721,11.99],[4.7408,11.9925],[4.7511,11.9952],[4.7597,11.9947],[4.7671,11.9957],[4.7712,11.9976],[4.7815,12.0018],[4.7889,12.0029],[4.7929,12.0024],[4.799,11.9986],[4.8028,11.9943],[4.8097,11.9897],[4.8157,11.9849],[4.821,11.9799],[4.8296,11.9716],[4.8373,11.9682],[4.846,11.9688],[4.8548,11.97],[4.8641,11.9705],[4.8752,11.9718],[4.8849,11.9726],[4.8937,11.973],[4.9029,11.9733],[4.9106,11.9736],[4.9272,11.9734],[4.9374,11.9736],[4.9466,11.975],[4.9676,11.9762],[4.9774,11.9772],[4.9992,11.9779],[5.0077,11.978],[5.0175,11.9783],[5.0244,11.9792],[5.0303,11.9793],[5.0349,11.9788],[5.0407,11.9792],[5.0585,11.9792],[5.0637,11.9796],[5.0683,11.9828],[5.07,11.9872],[5.0749,11.9951],[5.0797,11.9964],[5.0917,11.9966],[5.096,11.9944],[5.0995,11.9902],[5.1038,11.9881],[5.1083,11.986],[5.1053,11.979],[5.1055,11.9728],[5.111,11.969],[5.119,11.9681],[5.1236,11.9666],[5.1281,11.9638],[5.1302,11.9525],[5.1347,11.9501],[5.1411,11.9535],[5.1452,11.9579],[5.156,11.9621],[5.1602,11.9621],[5.1658,11.9583],[5.1694,11.9529],[5.1758,11.9513],[5.1828,11.9516],[5.1868,11.9567],[5.1893,11.9608],[5.1904,11.9566],[5.19,11.9518],[5.2018,11.9484],[5.2072,11.9478],[5.2114,11.9475],[5.216,11.9502],[5.2156,11.9551],[5.2143,11.9607],[5.2183,11.9624],[5.2175,11.9674],[5.2249,11.971],[5.2318,11.9711],[5.2382,11.9758],[5.2422,11.9714],[5.2441,11.9669],[5.2466,11.9609],[5.258,11.9587],[5.2625,11.9563],[5.2682,11.9587],[5.274,11.9555],[5.2782,11.9503],[5.2841,11.9495],[5.2927,11.9506],[5.3007,11.9444],[5.3088,11.9351],[5.3134,11.9304],[5.3185,11.9235],[5.3203,11.9146],[5.3212,11.9095],[5.322,11.904],[5.3231,11.8984],[5.3248,11.8919],[5.3262,11.8848],[5.3287,11.8669],[5.3288,11.8625],[5.327,11.8571],[5.3208,11.8528],[5.32,11.8479],[5.322,11.8431],[5.3204,11.839],[5.3271,11.8353],[5.3316,11.8327],[5.3334,11.8254],[5.3316,11.8168],[5.3247,11.8035],[5.3165,11.7931],[5.309,11.7933],[5.3016,11.7921],[5.2966,11.7874],[5.2962,11.781],[5.2944,11.7766],[5.2889,11.7719],[5.2836,11.772],[5.2768,11.7776],[5.2693,11.7804],[5.2622,11.7774],[5.256,11.7745],[5.2513,11.7741],[5.2464,11.7731],[5.2411,11.7682],[5.2352,11.767],[5.2293,11.7632],[5.2268,11.7576],[5.2215,11.7594],[5.2219,11.7641],[5.2181,11.7693],[5.2132,11.7733],[5.2088,11.7766],[5.1972,11.7819],[5.1913,11.7838],[5.1864,11.7887],[5.1794,11.792],[5.1752,11.7909],[5.1735,11.7844],[5.1665,11.7818],[5.1648,11.7742],[5.167,11.7699],[5.1714,11.7629],[5.1801,11.7611],[5.1815,11.754],[5.1804,11.7494],[5.1771,11.7435],[5.1716,11.7424],[5.1672,11.7429],[5.1574,11.7385],[5.1464,11.7361],[5.1398,11.7301],[5.1356,11.7296],[5.1243,11.7289],[5.1182,11.7312],[5.1117,11.7339],[5.1037,11.7363],[5.0991,11.736],[5.0934,11.7346],[5.0869,11.7326],[5.0802,11.73],[5.0729,11.7261],[5.0693,11.7197],[5.0664,11.7126],[5.0599,11.711],[5.0562,11.7157],[5.0494,11.7214],[5.0453,11.7218],[5.041,11.7216],[5.0352,11.7193],[5.0306,11.7203],[5.0306,11.7258],[5.0311,11.73],[5.0244,11.7348],[5.0151,11.7425],[5.0101,11.7462],[5.0059,11.7456],[4.9925,11.7451],[4.9882,11.7425],[4.9833,11.7373],[4.9749,11.7351],[4.9678,11.7349],[4.9631,11.7376],[4.9542,11.7373],[4.9477,11.7334],[4.9411,11.7275],[4.9364,11.7246],[4.9305,11.7232],[4.926,11.7249],[4.9215,11.725],[4.914,11.7212],[4.9067,11.7158],[4.9019,11.7131],[4.8979,11.7115],[4.8917,11.7108],[4.8888,11.7159],[4.8885,11.7221],[4.8885,11.7277],[4.8883,11.7377],[4.888,11.7422],[4.8851,11.7475],[4.8789,11.7514],[4.8733,11.7486],[4.866,11.7363],[4.8612,11.7465],[4.8567,11.75],[4.8526,11.7531],[4.8491,11.7603],[4.8474,11.7655],[4.8408,11.7668],[4.7639,11.7678],[4.7369,11.7687],[4.6683,11.7707],[4.6405,11.7713],[4.6129,11.7718],[4.5878,11.772],[4.5646,11.7726],[4.5401,11.7726],[4.526,11.7728],[4.5208,11.7737],[4.5299,11.7794],[4.5341,11.7816],[4.5382,11.7827],[4.5455,11.7869],[4.5514,11.792],[4.5566,11.7933],[4.5609,11.7979],[4.556,11.8115],[4.5531,11.8273],[4.5495,11.8389],[4.5487,11.8439]]]}},{"type":"Feature","properties":{"name":"Wasaini","designation":"Forest Reserve","iucn":"Not Reported","areaKm2":0.0,"status":"Designated","year":0},"geometry":{"type":"Polygon","coordinates":[[[4.2284,12.6588],[4.2184,12.6623],[4.2018,12.6678],[4.1873,12.672],[4.187,12.6784],[4.1869,12.6857],[4.1874,12.6916],[4.1917,12.698],[4.1991,12.7086],[4.2058,12.7178],[4.2125,12.7138],[4.2194,12.7133],[4.2255,12.7162],[4.2275,12.7224],[4.2297,12.7296],[4.2347,12.7351],[4.2398,12.737],[4.2473,12.7417],[4.2522,12.739],[4.2607,12.734],[4.2711,12.7265],[4.2803,12.7201],[4.2864,12.724],[4.2924,12.7291],[4.2995,12.736],[4.3059,12.734],[4.3187,12.7353],[4.3338,12.7349],[4.3504,12.734],[4.3506,12.7269],[4.3511,12.7181],[4.351,12.707],[4.3526,12.6996],[4.3526,12.6947],[4.3476,12.6845],[4.3406,12.6728],[4.3263,12.6489],[4.3207,12.6461],[4.3112,12.6424],[4.2994,12.6368],[4.2864,12.6312],[4.2728,12.6255],[4.2625,12.6207],[4.2555,12.6283],[4.2451,12.6404],[4.2348,12.6532],[4.2284,12.6588]]]}},{"type":"Feature","properties":{"name":"Bagga","designation":"Forest Reserve","iucn":"Not Reported","areaKm2":0.0,"status":"Designated","year":0},"geometry":{"type":"Polygon","coordinates":[[[4.2284,12.6588],[4.2249,12.6542],[4.2197,12.6473],[4.2261,12.634],[4.2278,12.6293],[4.2269,12.6226],[4.2218,12.614],[4.2165,12.6107],[4.2102,12.6154],[4.2036,12.6266],[4.1994,12.6324],[4.1859,12.6284],[4.1747,12.6224],[4.169,12.6184],[4.171,12.6121],[4.1621,12.6062],[4.1553,12.6042],[4.1386,12.6016],[4.1313,12.6001],[4.1273,12.5986],[4.1227,12.5947],[4.118,12.5906],[4.1141,12.5865],[4.1027,12.5728],[4.096,12.5671],[4.0919,12.5632],[4.0845,12.556],[4.0807,12.5505],[4.0766,12.5461],[4.0714,12.5427],[4.066,12.5401],[4.0608,12.5374],[4.0512,12.5321],[4.0371,12.5292],[4.0222,12.5207],[4.0123,12.5152],[4.0072,12.5165],[4.0068,12.5236],[4.007,12.5313],[4.0124,12.537],[4.023,12.5428],[4.0314,12.5471],[4.0403,12.5521],[4.0482,12.557],[4.0575,12.5623],[4.0722,12.5708],[4.079,12.5751],[4.0838,12.5792],[4.0825,12.5864],[4.0767,12.5911],[4.0712,12.5923],[4.0671,12.5927],[4.0605,12.5913],[4.0571,12.5863],[4.0549,12.5813],[4.0499,12.5827],[4.0504,12.589],[4.0533,12.5934],[4.0607,12.5958],[4.0705,12.5985],[4.0754,12.6],[4.0798,12.6017],[4.0838,12.6027],[4.0894,12.6027],[4.0946,12.5991],[4.1012,12.6001],[4.1111,12.6039],[4.1282,12.6106],[4.1229,12.6166],[4.1209,12.6229],[4.1253,12.6303],[4.1276,12.6345],[4.1304,12.6402],[4.1358,12.6435],[4.142,12.6456],[4.1468,12.6557],[4.1567,12.6621],[4.1643,12.6649],[4.1695,12.6672],[4.1873,12.672],[4.2018,12.6678],[4.2184,12.6623],[4.2284,12.6588]]]}},{"type":"Feature","properties":{"name":"Gayi","designation":"Forest Reserve","iucn":"Not Reported","areaKm2":0.0,"status":"Designated","year":0},"geometry":{"type":"Polygon","coordinates":[[[4.1781,12.3911],[4.1721,12.3841],[4.1674,12.3759],[4.1643,12.3652],[4.1612,12.3526],[4.1594,12.3469],[4.137,12.3417],[4.1303,12.3408],[4.125,12.3387],[4.1195,12.3357],[4.1151,12.334],[4.1062,12.3347],[4.1011,12.3361],[4.0967,12.3382],[4.0879,12.3435],[4.0817,12.3469],[4.0776,12.344],[4.0635,12.3503],[4.0614,12.3589],[4.0618,12.3659],[4.0599,12.3744],[4.0591,12.3804],[4.0644,12.3854],[4.0702,12.3898],[4.0755,12.3894],[4.0839,12.3872],[4.0909,12.3885],[4.0937,12.394],[4.1047,12.4001],[4.1102,12.4044],[4.1139,12.411],[4.1198,12.4196],[4.1235,12.4279],[4.127,12.4345],[4.1325,12.4336],[4.1391,12.4293],[4.144,12.4238],[4.1424,12.4165],[4.1513,12.4085],[4.1614,12.4024],[4.1698,12.3966],[4.1781,12.3911]]]}},{"type":"Feature","properties":{"name":"Dende","designation":"Forest Reserve","iucn":"Not Reported","areaKm2":0.0,"status":"Designated","year":0},"geometry":{"type":"Polygon","coordinates":[[[3.7994,12.1567],[3.8034,12.1564],[3.8124,12.1436],[3.8199,12.1333],[3.8246,12.1279],[3.8241,12.1146],[3.8217,12.0978],[3.82,12.0832],[3.8182,12.0713],[3.8164,12.0645],[3.8224,12.0607],[3.8279,12.0566],[3.8302,12.0515],[3.8297,12.0453],[3.8322,12.0366],[3.8363,12.0297],[3.84,12.0231],[3.852,12.0125],[3.8567,12.0076],[3.8605,12.0016],[3.8669,11.9933],[3.8728,11.9842],[3.8802,11.9728],[3.8845,11.9638],[3.8826,11.9583],[3.8744,11.9523],[3.8614,11.9449],[3.8561,11.9456],[3.8297,11.9471],[3.8021,11.9482],[3.7845,11.9492],[3.7812,11.9577],[3.7762,11.9617],[3.7665,11.9514],[3.7612,11.9515],[3.7597,11.9557],[3.7585,11.961],[3.7583,11.9666],[3.7591,11.9771],[3.7621,11.9836],[3.7676,11.9935],[3.7634,11.9967],[3.753,11.9882],[3.7411,11.9787],[3.7193,11.9788],[3.6825,11.9795],[3.6679,11.9803],[3.6649,12.0024],[3.6519,12.0482],[3.6623,12.0509],[3.6939,12.0607],[3.7007,12.0621],[3.7072,12.0626],[3.7128,12.064],[3.7139,12.0724],[3.711,12.0902],[3.7085,12.1046],[3.7054,12.1228],[3.7038,12.1334],[3.7031,12.1375],[3.7126,12.1418],[3.7287,12.1466],[3.7421,12.1505],[3.7552,12.1533],[3.7674,12.1554],[3.782,12.1566],[3.7911,12.1565],[3.7994,12.1567]]]}},{"type":"Feature","properties":{"name":"Kwari Kwasa","designation":"Forest Reserve","iucn":"Not Reported","areaKm2":0.0,"status":"Designated","year":0},"geometry":{"type":"Polygon","coordinates":[[[4.5487,11.8439],[4.5444,11.8373],[4.5399,11.8311],[4.535,11.828],[4.5309,11.8268],[4.5218,11.8298],[4.5162,11.8322],[4.5112,11.8346],[4.5063,11.8378],[4.499,11.8405],[4.4944,11.8298],[4.4888,11.8152],[4.4844,11.8051],[4.4744,11.8026],[4.4616,11.7995],[4.4472,11.7952],[4.4429,11.7966],[4.4396,11.8069],[4.4355,11.8156],[4.4319,11.8241],[4.4264,11.8374],[4.4317,11.8473],[4.4321,11.853],[4.4261,11.858],[4.4215,11.8569],[4.4166,11.852],[4.4051,11.8654],[4.4057,11.8714],[4.4057,11.8757],[4.4033,11.8798],[4.409,11.8809],[4.4136,11.885],[4.4187,11.8813],[4.4245,11.8794],[4.4297,11.8773],[4.4404,11.8792],[4.456,11.884],[4.4602,11.8854],[4.4662,11.8895],[4.4728,11.8899],[4.4803,11.8931],[4.4942,11.8976],[4.4989,11.8993],[4.5245,11.915],[4.5379,11.9247],[4.5492,11.9201],[4.5629,11.9379],[4.5731,11.9542],[4.5778,11.9656],[4.5764,11.9543],[4.5753,11.9413],[4.5736,11.9305],[4.5709,11.9214],[4.5669,11.9139],[4.5616,11.9055],[4.5556,11.8974],[4.5524,11.8896],[4.548,11.8767],[4.5446,11.8643],[4.5458,11.8597],[4.5478,11.8501],[4.5487,11.8439]]]}},{"type":"Feature","properties":{"name":"Giru","designation":"Forest Reserve","iucn":"Not Reported","areaKm2":0.0,"status":"Designated","year":0},"geometry":{"type":"Polygon","coordinates":[[[4.4149,11.8502],[4.4238,11.83],[4.4326,11.8108],[4.4019,11.8105],[4.3773,11.8092],[4.3502,11.806],[4.3316,11.8033],[4.3113,11.7849],[4.2848,11.7583],[4.2575,11.7465],[4.2268,11.734],[4.2051,11.7256],[4.1983,11.7393],[4.1961,11.7446],[4.2087,11.7479],[4.2147,11.7628],[4.2208,11.7812],[4.2272,11.8018],[4.229,11.8068],[4.2539,11.8197],[4.2901,11.8351],[4.2961,11.8356],[4.3011,11.8381],[4.3049,11.8435],[4.3045,11.8492],[4.3023,11.8541],[4.3163,11.856],[4.3381,11.8597],[4.3604,11.862],[4.3792,11.8641],[4.3973,11.8665],[4.4035,11.8687],[4.4149,11.8502]]]}},{"type":"Feature","properties":{"name":"Illoka'oje","designation":"Forest Reserve","iucn":"Not Reported","areaKm2":0.0,"status":"Designated","year":0},"geometry":{"type":"Polygon","coordinates":[[[3.8724,11.3778],[3.9229,11.377],[3.9593,11.378],[3.9701,11.378],[3.9601,11.2866],[3.9504,11.2151],[3.9425,11.1614],[3.9381,11.1574],[3.9163,11.1542],[3.9036,11.1514],[3.8634,11.1575],[3.7955,11.1672],[3.7435,11.175],[3.7293,11.1772],[3.7317,11.2074],[3.7363,11.2575],[3.742,11.3139],[3.7453,11.3458],[3.7486,11.3788],[3.8033,11.3788],[3.8724,11.3778]]]}},{"type":"Feature","properties":{"name":"Zuguskwak","designation":"Forest Reserve","iucn":"Not Reported","areaKm2":0.0,"status":"Designated","year":0},"geometry":{"type":"Polygon","coordinates":[[[4.8979,11.5437],[4.8857,11.5431],[4.8854,11.5577],[4.8856,11.5638],[4.899,11.5645],[4.9046,11.5651],[4.9072,11.5587],[4.9105,11.5494],[4.9121,11.5445],[4.8979,11.5437]]]}},{"type":"Feature","properties":{"name":"Dabamsame","designation":"Forest Reserve","iucn":"Not Reported","areaKm2":0.0,"status":"Designated","year":0},"geometry":{"type":"Polygon","coordinates":[[[5.1724,11.1195],[5.1661,11.118],[5.1592,11.1181],[5.1552,11.1184],[5.1507,11.1206],[5.1465,11.1224],[5.142,11.123],[5.1372,11.1253],[5.1313,11.129],[5.1249,11.1324],[5.1191,11.1361],[5.1141,11.14],[5.1093,11.1471],[5.1099,11.1538],[5.1154,11.1568],[5.1217,11.1557],[5.1366,11.1536],[5.1425,11.153],[5.147,11.152],[5.1517,11.1497],[5.1571,11.1469],[5.1615,11.1461],[5.1673,11.1456],[5.1728,11.1445],[5.1787,11.1422],[5.1844,11.1409],[5.1875,11.1363],[5.1855,11.1319],[5.1828,11.127],[5.1787,11.1227],[5.1724,11.1195]]]}},{"type":"Feature","properties":{"name":"Wasagu Sakaba","designation":"Forest Reserve","iucn":"Not Reported","areaKm2":0.0,"status":"Designated","year":0},"geometry":{"type":"Polygon","coordinates":[[[5.7661,11.3556],[5.7693,11.349],[5.7712,11.3435],[5.7735,11.3377],[5.7753,11.3314],[5.7763,11.3254],[5.7775,11.3195],[5.7791,11.3138],[5.7795,11.3095],[5.7748,11.2945],[5.7735,11.29],[5.7803,11.2782],[5.7865,11.2715],[5.785,11.2627],[5.7823,11.2571],[5.7741,11.2425],[5.7686,11.2344],[5.7646,11.2278],[5.7608,11.2205],[5.7504,11.1998],[5.749,11.1938],[5.7485,11.1869],[5.7487,11.1797],[5.7494,11.1716],[5.7507,11.1636],[5.7533,11.1501],[5.7551,11.1433],[5.7566,11.1392],[5.7561,11.1337],[5.752,11.1305],[5.7462,11.1276],[5.7387,11.124],[5.7309,11.1209],[5.7221,11.1185],[5.7141,11.1168],[5.7052,11.1152],[5.6976,11.1137],[5.6904,11.1128],[5.68,11.111],[5.6646,11.1107],[5.6594,11.1114],[5.6509,11.1172],[5.6357,11.1354],[5.6308,11.1409],[5.6258,11.1454],[5.6217,11.149],[5.6127,11.1598],[5.6071,11.1673],[5.6055,11.172],[5.5984,11.1774],[5.5964,11.1818],[5.5922,11.1863],[5.588,11.1931],[5.5842,11.2063],[5.5837,11.2115],[5.5841,11.2175],[5.585,11.2254],[5.5855,11.2326],[5.5865,11.2395],[5.5877,11.2467],[5.5889,11.2532],[5.5908,11.2604],[5.5923,11.2665],[5.5931,11.2717],[5.593,11.2769],[5.5915,11.284],[5.593,11.2911],[5.5971,11.2955],[5.5957,11.3008],[5.5932,11.3081],[5.5903,11.3198],[5.5875,11.3274],[5.5854,11.3321],[5.5894,11.3334],[5.5961,11.331],[5.6019,11.332],[5.605,11.3365],[5.6103,11.3377],[5.6157,11.3383],[5.621,11.3395],[5.6322,11.3453],[5.6371,11.3465],[5.643,11.346],[5.6494,11.3452],[5.6551,11.3447],[5.6616,11.3457],[5.6619,11.35],[5.6716,11.354],[5.6777,11.3545],[5.6825,11.3554],[5.6879,11.3542],[5.6943,11.3493],[5.7014,11.3491],[5.7079,11.3493],[5.7154,11.3496],[5.7224,11.3512],[5.7289,11.3532],[5.7352,11.3552],[5.7412,11.3569],[5.7475,11.3587],[5.7566,11.3605],[5.7627,11.3604],[5.7661,11.3556]]]}},{"type":"Feature","properties":{"name":"West Anka","designation":"Forest Reserve","iucn":"Not Reported","areaKm2":0.0,"status":"Designated","year":0},"geometry":{"type":"Polygon","coordinates":[[[6.0024,11.6773],[5.9975,11.6762],[5.9891,11.6745],[5.985,11.6689],[5.9799,11.6615],[5.9791,11.6543],[5.9815,11.6473],[5.9784,11.6421],[5.972,11.6395],[5.9612,11.6433],[5.9557,11.6423],[5.9502,11.6395],[5.9445,11.6434],[5.9397,11.6456],[5.9338,11.6452],[5.921,11.6427],[5.9145,11.6408],[5.9075,11.6389],[5.899,11.6369],[5.897,11.6329],[5.8945,11.6266],[5.8827,11.6209],[5.8815,11.6282],[5.879,11.6548],[5.8779,11.6596],[5.8767,11.6661],[5.8749,11.6728],[5.8735,11.679],[5.8729,11.6836],[5.8736,11.6895],[5.8751,11.6948],[5.8814,11.7228],[5.8814,11.7276],[5.8817,11.7334],[5.8816,11.7399],[5.8809,11.7538],[5.8806,11.7662],[5.8794,11.7725],[5.8776,11.7769],[5.8769,11.7812],[5.8761,11.7906],[5.8766,11.7963],[5.8782,11.8112],[5.8785,11.8169],[5.8779,11.8295],[5.8766,11.8356],[5.8738,11.8413],[5.8704,11.846],[5.8658,11.8503],[5.8593,11.8553],[5.8505,11.8633],[5.8438,11.8688],[5.8402,11.8755],[5.8281,11.8951],[5.8218,11.9064],[5.847,11.8994],[5.945,11.875],[5.9984,11.8621],[6.003,11.857],[6.0023,11.8444],[6.0028,11.8347],[6.0035,11.8281],[6.0045,11.8196],[6.007,11.8147],[6.0104,11.81],[6.0134,11.8048],[6.0138,11.7967],[6.013,11.7925],[6.0151,11.7864],[6.0147,11.7684],[6.013,11.7632],[6.0127,11.7576],[6.0146,11.7532],[6.0162,11.7482],[6.0164,11.7441],[6.0155,11.7396],[6.0136,11.7325],[6.012,11.7271],[6.01,11.7211],[6.0081,11.7151],[6.005,11.6959],[6.0044,11.6902],[6.0035,11.6808],[6.0024,11.6773]]]}},{"type":"Feature","properties":{"name":"Dutsin Dorowa","designation":"Forest Reserve","iucn":"Not Reported","areaKm2":0.0,"status":"Designated","year":0},"geometry":{"type":"Polygon","coordinates":[[[7.2808,11.9439],[7.2941,11.9477],[7.3032,11.9498],[7.3136,11.9525],[7.3188,11.9429],[7.3221,11.9378],[7.3234,11.9337],[7.3227,11.9296],[7.3213,11.9244],[7.3187,11.9174],[7.3139,11.9155],[7.3095,11.9123],[7.3091,11.9056],[7.303,11.9032],[7.298,11.9085],[7.2973,11.9131],[7.292,11.9122],[7.2873,11.9123],[7.2831,11.9138],[7.278,11.9162],[7.2737,11.9234],[7.2736,11.9298],[7.2787,11.9334],[7.2818,11.9386],[7.2808,11.9439]]]}},{"type":"Feature","properties":{"name":"Ikom","designation":"Forest Reserve","iucn":"Not Reported","areaKm2":0.0,"status":"Designated","year":0},"geometry":{"type":"Polygon","coordinates":[[[8.6625,5.9631],[8.6567,5.9637],[8.6555,5.969],[8.6598,5.9766],[8.6656,5.9844],[8.6701,5.9938],[8.6778,5.9957],[8.6818,5.9953],[8.6862,5.993],[8.6877,5.9889],[8.688,5.9847],[8.6859,5.9761],[8.6838,5.9716],[8.6783,5.9679],[8.6741,5.9667],[8.6695,5.9655],[8.6625,5.9631]]]}},{"type":"Feature","properties":{"name":"Gura","designation":"Forest Reserve","iucn":"Not Reported","areaKm2":0.0,"status":"Designated","year":0},"geometry":{"type":"Polygon","coordinates":[[[7.376,11.718],[7.3832,11.718],[7.3896,11.7205],[7.3906,11.7164],[7.393,11.7099],[7.3944,11.7048],[7.3951,11.6978],[7.392,11.6912],[7.3902,11.6841],[7.3903,11.6793],[7.3854,11.6759],[7.3777,11.6781],[7.3764,11.6722],[7.3713,11.6689],[7.3665,11.671],[7.3661,11.6827],[7.3659,11.6875],[7.3655,11.6917],[7.365,11.6996],[7.3647,11.7097],[7.3643,11.714],[7.3639,11.7182],[7.3643,11.7247],[7.3708,11.7273],[7.376,11.718]]]}},{"type":"Feature","properties":{"name":"Bokori","designation":"Forest Reserve","iucn":"Not Reported","areaKm2":0.0,"status":"Designated","year":0},"geometry":{"type":"Polygon","coordinates":[[[7.3823,11.6497],[7.3815,11.6438],[7.3786,11.6327],[7.3771,11.624],[7.3725,11.618],[7.3629,11.6184],[7.3577,11.6191],[7.3523,11.6189],[7.3456,11.6164],[7.3393,11.6115],[7.3358,11.6182],[7.335,11.6255],[7.3351,11.6389],[7.3353,11.6465],[7.3431,11.6485],[7.3487,11.6483],[7.3536,11.6472],[7.3591,11.6458],[7.3633,11.6453],[7.3674,11.6463],[7.3772,11.65],[7.3823,11.6497]]]}},{"type":"Feature","properties":{"name":"Kwankiro","designation":"Forest Reserve","iucn":"Not Reported","areaKm2":0.0,"status":"Designated","year":0},"geometry":{"type":"Polygon","coordinates":[[[7.1559,11.6903],[7.1616,11.6903],[7.1656,11.694],[7.1696,11.6889],[7.1744,11.683],[7.1748,11.6785],[7.1693,11.6762],[7.1647,11.6726],[7.1592,11.6707],[7.1586,11.6778],[7.1524,11.6817],[7.1482,11.6847],[7.1494,11.6948],[7.154,11.6926],[7.1559,11.6903]]]}},{"type":"Feature","properties":{"name":"Marbe","designation":"Forest Reserve","iucn":"Not Reported","areaKm2":0.0,"status":"Designated","year":0},"geometry":{"type":"Polygon","coordinates":[[[6.7059,11.8963],[6.7093,11.8905],[6.7124,11.8844],[6.7153,11.8782],[6.7176,11.8736],[6.7193,11.8695],[6.7274,11.8676],[6.7334,11.8691],[6.7388,11.8707],[6.7441,11.8745],[6.7538,11.8699],[6.7595,11.8647],[6.7626,11.8594],[6.7601,11.8535],[6.7538,11.8455],[6.7512,11.8411],[6.7485,11.8361],[6.7466,11.8311],[6.7451,11.8233],[6.7457,11.8175],[6.7469,11.8108],[6.7505,11.7967],[6.7506,11.7865],[6.7509,11.7808],[6.751,11.7749],[6.7531,11.7657],[6.7563,11.7607],[6.7583,11.7564],[6.7595,11.7521],[6.7603,11.7469],[6.7601,11.7367],[6.7599,11.7322],[6.7559,11.7324],[6.7509,11.7328],[6.7433,11.7323],[6.7353,11.7311],[6.729,11.7308],[6.7209,11.7314],[6.7136,11.7328],[6.7068,11.7339],[6.7017,11.7326],[6.6902,11.7277],[6.6841,11.7262],[6.6789,11.7257],[6.6748,11.7238],[6.6706,11.7212],[6.658,11.7185],[6.6511,11.7189],[6.6451,11.7195],[6.6426,11.7311],[6.6443,11.7484],[6.6415,11.7557],[6.6377,11.7643],[6.6345,11.7698],[6.6311,11.7758],[6.622,11.7882],[6.6166,11.794],[6.6107,11.7979],[6.6049,11.8014],[6.5976,11.807],[6.5913,11.8123],[6.5852,11.8176],[6.5786,11.8233],[6.5722,11.8303],[6.5675,11.8361],[6.5647,11.841],[6.5614,11.8519],[6.5589,11.8587],[6.5582,11.864],[6.5578,11.8689],[6.558,11.873],[6.5642,11.878],[6.5707,11.8804],[6.5758,11.8827],[6.5809,11.8872],[6.5856,11.8916],[6.5943,11.9019],[6.5994,11.9073],[6.6042,11.9098],[6.606,11.9058],[6.6062,11.9013],[6.6098,11.8938],[6.615,11.8919],[6.62,11.8927],[6.6256,11.8951],[6.6299,11.8982],[6.6346,11.9064],[6.635,11.9119],[6.6349,11.9174],[6.6345,11.9238],[6.6346,11.9301],[6.6344,11.9355],[6.635,11.9409],[6.6378,11.9499],[6.6504,11.9552],[6.6582,11.9562],[6.6634,11.9563],[6.6689,11.9562],[6.6749,11.955],[6.6794,11.9523],[6.6837,11.9485],[6.6879,11.9443],[6.6947,11.9352],[6.7009,11.9296],[6.7043,11.9219],[6.7047,11.9171],[6.705,11.9109],[6.7047,11.9053],[6.7045,11.9005],[6.7059,11.8963]],[[6.6301,11.8684],[6.6211,11.8682],[6.6142,11.8676],[6.6149,11.8587],[6.615,11.8541],[6.6165,11.8467],[6.6217,11.8471],[6.631,11.8478],[6.6321,11.8606],[6.6312,11.865],[6.6301,11.8684]]]}},{"type":"Feature","properties":{"name":"Tudun Iyo","designation":"Forest Reserve","iucn":"Not Reported","areaKm2":0.0,"status":"Designated","year":0},"geometry":{"type":"Polygon","coordinates":[[[7.3449,11.4328],[7.3523,11.4316],[7.3548,11.4264],[7.3492,11.4194],[7.345,11.4161],[7.3459,11.4109],[7.3386,11.4061],[7.3329,11.4044],[7.334,11.3994],[7.3383,11.3993],[7.344,11.3974],[7.3439,11.3911],[7.3426,11.3846],[7.3374,11.3814],[7.3311,11.3856],[7.3229,11.3821],[7.3185,11.3842],[7.3162,11.3919],[7.3162,11.3976],[7.3227,11.3978],[7.326,11.4032],[7.3246,11.4093],[7.3211,11.4151],[7.3245,11.4211],[7.3246,11.4251],[7.3274,11.4303],[7.3317,11.4322],[7.3366,11.4335],[7.3431,11.4335],[7.3449,11.4328]]]}},{"type":"Feature","properties":{"name":"Guga","designation":"Forest Reserve","iucn":"Not Reported","areaKm2":0.0,"status":"Designated","year":0},"geometry":{"type":"Polygon","coordinates":[[[7.4684,11.2402],[7.4757,11.2409],[7.4805,11.2416],[7.4857,11.2405],[7.4914,11.2391],[7.4976,11.2373],[7.5008,11.2325],[7.504,11.225],[7.5075,11.2195],[7.5119,11.2193],[7.5174,11.2228],[7.5228,11.221],[7.5277,11.2181],[7.535,11.215],[7.5393,11.2109],[7.5381,11.2067],[7.5372,11.2011],[7.5345,11.1963],[7.5291,11.1917],[7.5208,11.1925],[7.5151,11.191],[7.5109,11.1915],[7.506,11.1954],[7.5007,11.1989],[7.492,11.2042],[7.4839,11.2046],[7.4793,11.2058],[7.4742,11.2092],[7.4687,11.2142],[7.4632,11.2197],[7.4596,11.2251],[7.4565,11.2309],[7.4551,11.2359],[7.4558,11.24],[7.4615,11.2418],[7.4684,11.2402]]]}},{"type":"Feature","properties":{"name":"Kakangi","designation":"Forest Reserve","iucn":"Not Reported","areaKm2":0.0,"status":"Designated","year":0},"geometry":{"type":"Polygon","coordinates":[[[7.4544,11.1337],[7.4617,11.1282],[7.4638,11.1236],[7.464,11.1182],[7.4645,11.1132],[7.4653,11.1086],[7.4649,11.1024],[7.4576,11.0976],[7.4509,11.0965],[7.4463,11.0951],[7.4393,11.0921],[7.4351,11.0924],[7.433,11.1008],[7.4265,11.1041],[7.4218,11.1044],[7.4173,11.1039],[7.4131,11.1032],[7.407,11.1021],[7.402,11.1047],[7.4001,11.1087],[7.3934,11.114],[7.3896,11.1181],[7.39,11.1225],[7.3975,11.128],[7.4026,11.1296],[7.4086,11.1311],[7.4138,11.1325],[7.4188,11.133],[7.4315,11.1319],[7.4367,11.1317],[7.4456,11.1338],[7.4506,11.1341],[7.4544,11.1337]]]}},{"type":"Feature","properties":{"name":"Fatika","designation":"Forest Reserve","iucn":"Not Reported","areaKm2":0.0,"status":"Designated","year":0},"geometry":{"type":"Polygon","coordinates":[[[7.3446,11.0602],[7.3389,11.0606],[7.3334,11.0653],[7.3315,11.0732],[7.3295,11.085],[7.3279,11.091],[7.3265,11.0974],[7.3199,11.1121],[7.3175,11.1171],[7.3122,11.1253],[7.309,11.1313],[7.3102,11.1372],[7.3154,11.1454],[7.3178,11.1502],[7.3189,11.1544],[7.3192,11.1628],[7.3211,11.1682],[7.3295,11.1712],[7.3351,11.1739],[7.349,11.1815],[7.3542,11.1822],[7.3569,11.176],[7.357,11.1699],[7.3584,11.161],[7.357,11.1531],[7.3553,11.1485],[7.3544,11.1441],[7.3558,11.1365],[7.3576,11.1323],[7.3593,11.1245],[7.3653,11.1109],[7.367,11.1065],[7.368,11.1023],[7.368,11.0979],[7.3677,11.0931],[7.3659,11.0833],[7.3623,11.0769],[7.3595,11.0726],[7.3563,11.0654],[7.349,11.0605],[7.3446,11.0602]]]}},{"type":"Feature","properties":{"name":"Giwa (North)","designation":"Forest Reserve","iucn":"Not Reported","areaKm2":0.0,"status":"Designated","year":0},"geometry":{"type":"Polygon","coordinates":[[[7.2946,11.1785],[7.2895,11.1771],[7.2865,11.1827],[7.282,11.1849],[7.2807,11.19],[7.2834,11.1948],[7.2904,11.1958],[7.2974,11.1923],[7.2961,11.1876],[7.2956,11.1815],[7.2946,11.1785]]]}},{"type":"Feature","properties":{"name":"Idasu","designation":"Forest Reserve","iucn":"Not Reported","areaKm2":0.0,"status":"Designated","year":0},"geometry":{"type":"Polygon","coordinates":[[[7.2554,11.1432],[7.2504,11.1423],[7.2461,11.143],[7.24,11.1451],[7.235,11.148],[7.2336,11.1531],[7.2382,11.1613],[7.2413,11.1681],[7.241,11.1738],[7.2419,11.1784],[7.2432,11.1828],[7.246,11.1887],[7.2514,11.1902],[7.256,11.1879],[7.2603,11.182],[7.2577,11.1709],[7.2582,11.1621],[7.2596,11.1523],[7.2582,11.1458],[7.2554,11.1432]]]}},{"type":"Feature","properties":{"name":"Duya","designation":"Forest Reserve","iucn":"Not Reported","areaKm2":0.0,"status":"Designated","year":0},"geometry":{"type":"Polygon","coordinates":[[[7.154,11.2902],[7.1542,11.2859],[7.1543,11.2815],[7.1522,11.2751],[7.146,11.2743],[7.1363,11.2836],[7.1317,11.2877],[7.1217,11.2838],[7.1162,11.2798],[7.1102,11.281],[7.1095,11.2878],[7.1112,11.2942],[7.1263,11.2997],[7.1325,11.3015],[7.1373,11.3032],[7.1431,11.3051],[7.1481,11.3072],[7.1524,11.3093],[7.1566,11.3117],[7.1655,11.317],[7.1724,11.3231],[7.1772,11.327],[7.1773,11.3201],[7.1745,11.3156],[7.1712,11.3113],[7.1664,11.3049],[7.1619,11.2999],[7.1564,11.297],[7.154,11.2902]]]}},{"type":"Feature","properties":{"name":"Rafin Iwa","designation":"Forest Reserve","iucn":"Not Reported","areaKm2":0.0,"status":"Designated","year":0},"geometry":{"type":"Polygon","coordinates":[[[7.1054,11.3579],[7.1099,11.3576],[7.116,11.3552],[7.1141,11.3492],[7.1121,11.3415],[7.1044,11.3366],[7.1004,11.3337],[7.0971,11.3293],[7.0942,11.3245],[7.089,11.3193],[7.0811,11.319],[7.0761,11.3198],[7.0711,11.3208],[7.0667,11.3207],[7.0623,11.3203],[7.0553,11.3194],[7.0535,11.325],[7.0593,11.3325],[7.0628,11.3382],[7.0648,11.343],[7.0696,11.3512],[7.0758,11.3563],[7.0799,11.3567],[7.0859,11.3567],[7.0997,11.3575],[7.1054,11.3579]]]}},{"type":"Feature","properties":{"name":"Birnin Gwari","designation":"Forest Reserve","iucn":"Not Reported","areaKm2":0.0,"status":"Designated","year":0},"geometry":{"type":"Polygon","coordinates":[[[6.9169,11.1669],[6.9211,11.1637],[6.9264,11.1574],[6.926,11.1488],[6.9262,11.1436],[6.9403,11.1389],[6.9469,11.1374],[6.9492,11.1289],[6.9496,11.1247],[6.9502,11.1203],[6.9494,11.111],[6.9488,11.1056],[6.9494,11.1012],[6.9473,11.0963],[6.9388,11.0906],[6.9339,11.0867],[6.9289,11.0825],[6.9234,11.0788],[6.9175,11.0756],[6.9035,11.0685],[6.8973,11.0658],[6.8918,11.0635],[6.8859,11.0591],[6.8829,11.0439],[6.882,11.0369],[6.8814,11.0306],[6.8806,11.0255],[6.8793,11.0208],[6.8772,11.0157],[6.8728,11.0023],[6.8706,10.9941],[6.8656,10.9898],[6.8604,10.9822],[6.8646,10.9746],[6.8651,10.9687],[6.8616,10.9613],[6.8671,10.9582],[6.8767,10.9566],[6.8837,10.9545],[6.888,10.9523],[6.898,10.9526],[6.9034,10.9514],[6.9088,10.9455],[6.9122,10.9414],[6.9196,10.9384],[6.9286,10.931],[6.9307,10.9269],[6.9294,10.9192],[6.9273,10.9104],[6.9264,10.905],[6.9305,10.9008],[6.93,10.8927],[6.9334,10.8858],[6.9343,10.8804],[6.9286,10.8756],[6.9245,10.8734],[6.9185,10.8685],[6.9121,10.8681],[6.9074,10.8682],[6.9017,10.8646],[6.8958,10.8603],[6.8893,10.8596],[6.8807,10.8576],[6.8753,10.8554],[6.8694,10.8543],[6.8633,10.8526],[6.8544,10.8498],[6.849,10.8503],[6.8425,10.8557],[6.8412,10.8608],[6.8394,10.866],[6.8373,10.8719],[6.8345,10.8795],[6.827,10.8968],[6.8256,10.9009],[6.8209,10.9065],[6.8132,10.9149],[6.8094,10.9202],[6.8064,10.9252],[6.8045,10.9315],[6.7989,10.9374],[6.796,10.9439],[6.7948,10.9481],[6.7941,10.9522],[6.7942,10.96],[6.799,10.9673],[6.8019,10.9716],[6.8048,10.976],[6.8086,10.9824],[6.8091,10.9886],[6.808,10.9957],[6.8042,11.0043],[6.805,11.0091],[6.8059,11.0133],[6.8052,11.0191],[6.8048,11.0236],[6.8048,11.029],[6.8042,11.034],[6.8045,11.0404],[6.8054,11.047],[6.8071,11.054],[6.8098,11.0594],[6.8126,11.0642],[6.8179,11.0671],[6.8251,11.0708],[6.8311,11.0805],[6.835,11.0896],[6.8385,11.094],[6.8463,11.1098],[6.8492,11.1166],[6.8518,11.1222],[6.8558,11.1264],[6.863,11.1327],[6.8659,11.1379],[6.8673,11.143],[6.8681,11.1489],[6.8694,11.1538],[6.8759,11.1648],[6.8824,11.166],[6.8868,11.1651],[6.8911,11.1649],[6.8952,11.1665],[6.9001,11.1689],[6.9052,11.1697],[6.9111,11.1689],[6.9169,11.1669]]]}},{"type":"Feature","properties":{"name":"Dogan Dawa","designation":"Forest Reserve","iucn":"Not Reported","areaKm2":0.0,"status":"Designated","year":0},"geometry":{"type":"Polygon","coordinates":[[[6.9552,11.3399],[6.9697,11.3394],[6.9751,11.339],[6.9804,11.3385],[6.9852,11.3377],[6.9924,11.3351],[6.9884,11.3298],[6.9857,11.3235],[6.9827,11.3176],[6.9791,11.3113],[6.9772,11.3072],[6.9762,11.3024],[6.9688,11.2933],[6.9635,11.2915],[6.9584,11.2885],[6.9522,11.2813],[6.9512,11.277],[6.9512,11.2719],[6.9525,11.2665],[6.9538,11.2615],[6.9531,11.2543],[6.9354,11.2424],[6.9257,11.2358],[6.9181,11.2301],[6.9139,11.2283],[6.9091,11.2193],[6.9069,11.2149],[6.9034,11.2104],[6.8976,11.2058],[6.8924,11.2038],[6.8869,11.2022],[6.8821,11.1998],[6.8741,11.1964],[6.8699,11.1952],[6.8642,11.1895],[6.8585,11.1857],[6.8543,11.1819],[6.853,11.1764],[6.8521,11.1709],[6.8507,11.1643],[6.8475,11.1585],[6.8478,11.1511],[6.8414,11.1452],[6.8363,11.1371],[6.834,11.1322],[6.825,11.122],[6.8158,11.1184],[6.8084,11.1168],[6.8038,11.1246],[6.8024,11.1302],[6.8021,11.1363],[6.8004,11.1421],[6.7975,11.1471],[6.7938,11.1513],[6.7822,11.1537],[6.7772,11.1534],[6.7724,11.1529],[6.7679,11.1517],[6.7624,11.1499],[6.7567,11.147],[6.7517,11.1442],[6.7468,11.1419],[6.7426,11.1404],[6.7386,11.1402],[6.7326,11.141],[6.7282,11.1431],[6.7338,11.149],[6.7318,11.1543],[6.7304,11.1607],[6.7357,11.1669],[6.7406,11.1709],[6.7408,11.1765],[6.736,11.182],[6.7347,11.1907],[6.7319,11.1967],[6.731,11.2033],[6.7344,11.209],[6.7385,11.2147],[6.7415,11.2194],[6.7414,11.2269],[6.7414,11.2315],[6.7437,11.239],[6.7463,11.2434],[6.7512,11.2492],[6.7548,11.2558],[6.7561,11.2609],[6.7574,11.2652],[6.7604,11.2694],[6.7648,11.2735],[6.7696,11.2766],[6.7743,11.2789],[6.7784,11.2819],[6.788,11.2883],[6.7953,11.2938],[6.8087,11.304],[6.8161,11.3114],[6.8229,11.3125],[6.828,11.3117],[6.8347,11.3131],[6.843,11.3233],[6.8472,11.3277],[6.8524,11.3318],[6.8637,11.3429],[6.8669,11.3472],[6.8694,11.3517],[6.8769,11.3666],[6.8814,11.3747],[6.8876,11.3788],[6.8946,11.3824],[6.902,11.3809],[6.9092,11.3759],[6.9172,11.375],[6.9221,11.3728],[6.9286,11.3688],[6.9341,11.3652],[6.939,11.3615],[6.9441,11.3566],[6.9477,11.3524],[6.951,11.3476],[6.9532,11.343],[6.9552,11.3399]]]}},{"type":"Feature","properties":{"name":"Maru Bongudu","designation":"Forest Reserve","iucn":"Not Reported","areaKm2":0.0,"status":"Designated","year":0},"geometry":{"type":"Polygon","coordinates":[[[6.2555,11.6646],[6.2547,11.673],[6.2544,11.6774],[6.2539,11.6867],[6.2543,11.6937],[6.2552,11.7002],[6.2569,11.7072],[6.2592,11.7146],[6.2613,11.7211],[6.2651,11.7282],[6.2755,11.7465],[6.2787,11.7535],[6.2801,11.7596],[6.2812,11.7658],[6.2815,11.7716],[6.2811,11.7768],[6.2798,11.7813],[6.2747,11.7885],[6.2703,11.7922],[6.2655,11.7958],[6.2616,11.8002],[6.2594,11.8052],[6.258,11.811],[6.2567,11.8181],[6.2556,11.8252],[6.2551,11.8308],[6.2557,11.8369],[6.2566,11.8424],[6.2574,11.8474],[6.2592,11.8539],[6.2631,11.8656],[6.2677,11.8762],[6.2731,11.8784],[6.2779,11.8814],[6.282,11.8833],[6.2912,11.8841],[6.2963,11.8825],[6.3003,11.881],[6.3046,11.8795],[6.3124,11.8719],[6.3182,11.8672],[6.3219,11.8612],[6.3261,11.8566],[6.3275,11.8522],[6.3322,11.847],[6.3395,11.8438],[6.3428,11.8385],[6.3537,11.8317],[6.3562,11.8261],[6.3606,11.8193],[6.3638,11.8149],[6.3671,11.8057],[6.3701,11.7989],[6.3689,11.7915],[6.3576,11.7767],[6.3538,11.7718],[6.3482,11.7652],[6.3467,11.7597],[6.3442,11.7471],[6.3436,11.7404],[6.3432,11.7342],[6.3414,11.7159],[6.3413,11.7106],[6.341,11.7058],[6.3398,11.7012],[6.3382,11.6968],[6.3331,11.6909],[6.3278,11.6883],[6.3211,11.6847],[6.316,11.6819],[6.3109,11.6797],[6.3051,11.6779],[6.2982,11.6774],[6.2903,11.6774],[6.2845,11.6772],[6.2772,11.6764],[6.2712,11.6742],[6.2654,11.6716],[6.2575,11.6674],[6.2555,11.6646]]]}},{"type":"Feature","properties":{"name":"Dayi","designation":"Forest Reserve","iucn":"Not Reported","areaKm2":0.0,"status":"Designated","year":0},"geometry":{"type":"Polygon","coordinates":[[[7.6686,11.9766],[7.6708,11.9703],[7.6702,11.9643],[7.6657,11.9612],[7.6615,11.9607],[7.6548,11.9597],[7.6485,11.9569],[7.6436,11.9564],[7.6421,11.9615],[7.641,11.968],[7.6365,11.9719],[7.6329,11.9767],[7.6396,11.9785],[7.6442,11.9754],[7.6493,11.974],[7.6522,11.9794],[7.657,11.983],[7.66,11.9893],[7.6641,11.9926],[7.6667,11.9878],[7.67,11.9836],[7.6686,11.9766]]]}},{"type":"Feature","properties":{"name":"Dayigora","designation":"Forest Reserve","iucn":"Not Reported","areaKm2":0.0,"status":"Designated","year":0},"geometry":{"type":"Polygon","coordinates":[[[7.6896,11.9466],[7.6948,11.9462],[7.7003,11.9514],[7.6997,11.9452],[7.6943,11.943],[7.6914,11.9355],[7.687,11.9309],[7.6802,11.9286],[7.6749,11.9248],[7.6694,11.9278],[7.6645,11.9301],[7.6648,11.9364],[7.6687,11.9414],[7.6714,11.9473],[7.6732,11.9535],[7.6771,11.9576],[7.683,11.9539],[7.6874,11.9495],[7.6896,11.9466]]]}},{"type":"Feature","properties":{"name":"Gangara","designation":"Forest Reserve","iucn":"Not Reported","areaKm2":0.0,"status":"Designated","year":0},"geometry":{"type":"Polygon","coordinates":[[[7.8063,11.9079],[7.8019,11.9091],[7.8014,11.9138],[7.7969,11.9203],[7.7915,11.9248],[7.7873,11.9303],[7.7851,11.9367],[7.7849,11.9411],[7.7836,11.948],[7.7833,11.9526],[7.7888,11.9531],[7.7953,11.9478],[7.7983,11.9433],[7.8008,11.9393],[7.8075,11.9345],[7.8121,11.9296],[7.8121,11.9247],[7.8159,11.9195],[7.8102,11.9133],[7.8063,11.9079]]]}},{"type":"Feature","properties":{"name":"Yammama","designation":"Forest Reserve","iucn":"Not Reported","areaKm2":0.0,"status":"Designated","year":0},"geometry":{"type":"Polygon","coordinates":[[[7.7202,11.8733],[7.718,11.8688],[7.7157,11.8645],[7.7101,11.8619],[7.7057,11.8677],[7.6982,11.8708],[7.6915,11.8698],[7.6843,11.8602],[7.6808,11.856],[7.674,11.8512],[7.6676,11.8512],[7.6624,11.8526],[7.6627,11.8588],[7.6662,11.8639],[7.6686,11.8692],[7.6733,11.8723],[7.6771,11.8792],[7.6726,11.8842],[7.6682,11.887],[7.6621,11.8889],[7.6571,11.8926],[7.6564,11.8984],[7.6623,11.9022],[7.6695,11.9026],[7.6769,11.9018],[7.6809,11.8985],[7.6877,11.8965],[7.6937,11.8947],[7.6976,11.8904],[7.7046,11.887],[7.7127,11.8817],[7.7187,11.878],[7.7202,11.8733]]]}},{"type":"Feature","properties":{"name":"Tsaunin Kaura","designation":"Forest Reserve","iucn":"Not Reported","areaKm2":0.0,"status":"Designated","year":0},"geometry":{"type":"Polygon","coordinates":[[[7.6559,11.701],[7.651,11.702],[7.6497,11.7074],[7.6502,11.7129],[7.6517,11.7236],[7.6529,11.7293],[7.6548,11.7358],[7.6565,11.7422],[7.6584,11.7562],[7.6587,11.7609],[7.6585,11.766],[7.6562,11.7753],[7.6556,11.7823],[7.6569,11.7915],[7.6631,11.7932],[7.6686,11.7928],[7.6716,11.7874],[7.6739,11.7819],[7.6789,11.7795],[7.6803,11.7727],[7.6798,11.7634],[7.6787,11.7529],[7.6792,11.7464],[7.6846,11.7411],[7.6837,11.7355],[7.6767,11.7298],[7.6728,11.7255],[7.6703,11.7211],[7.6683,11.7157],[7.665,11.7069],[7.6588,11.7017],[7.6559,11.701]]]}},{"type":"Feature","properties":{"name":"Tuwaru","designation":"Forest Reserve","iucn":"Not Reported","areaKm2":0.0,"status":"Designated","year":0},"geometry":{"type":"Polygon","coordinates":[[[7.9203,11.753],[7.9143,11.7531],[7.9114,11.7599],[7.9146,11.7643],[7.9195,11.7664],[7.9239,11.773],[7.9296,11.7776],[7.9352,11.7802],[7.9386,11.7756],[7.9386,11.7683],[7.9365,11.7615],[7.9359,11.7574],[7.9333,11.7534],[7.9203,11.753]]]}},{"type":"Feature","properties":{"name":"Jare","designation":"Forest Reserve","iucn":"Not Reported","areaKm2":0.0,"status":"Designated","year":0},"geometry":{"type":"Polygon","coordinates":[[[7.6456,11.5773],[7.6505,11.5768],[7.6565,11.5777],[7.6629,11.5771],[7.6674,11.574],[7.6655,11.5632],[7.663,11.5569],[7.6581,11.556],[7.6523,11.5593],[7.649,11.5539],[7.6508,11.5478],[7.6468,11.5438],[7.6419,11.5423],[7.641,11.5366],[7.6421,11.5324],[7.6425,11.5276],[7.6361,11.5248],[7.6308,11.5221],[7.6263,11.5245],[7.6182,11.5261],[7.6129,11.5265],[7.6076,11.5266],[7.6016,11.5266],[7.5978,11.5351],[7.5958,11.5399],[7.5879,11.5539],[7.5825,11.5612],[7.5744,11.57],[7.5689,11.5754],[7.5672,11.5812],[7.5712,11.5871],[7.5756,11.5884],[7.5809,11.5885],[7.5894,11.5853],[7.5942,11.5817],[7.6016,11.5747],[7.6089,11.5738],[7.6141,11.5757],[7.6201,11.5726],[7.6248,11.5763],[7.6258,11.5808],[7.6272,11.5849],[7.6319,11.5898],[7.6372,11.587],[7.6407,11.581],[7.6456,11.5773]]]}},{"type":"Feature","properties":{"name":"Dansosia","designation":"Forest Reserve","iucn":"Not Reported","areaKm2":0.0,"status":"Designated","year":0},"geometry":{"type":"Polygon","coordinates":[[[8.1235,11.6119],[8.1327,11.6108],[8.1345,11.6048],[8.134,11.5999],[8.1389,11.5944],[8.1392,11.5898],[8.1324,11.5878],[8.1266,11.5855],[8.1257,11.5814],[8.1265,11.5742],[8.1307,11.5704],[8.1377,11.5709],[8.142,11.5633],[8.1431,11.5579],[8.1445,11.5478],[8.1441,11.5438],[8.1409,11.5355],[8.1399,11.5312],[8.139,11.5251],[8.129,11.5241],[8.1235,11.5236],[8.1168,11.526],[8.1083,11.5272],[8.1033,11.5266],[8.0973,11.5254],[8.091,11.5239],[8.0849,11.5199],[8.0815,11.5115],[8.0773,11.507],[8.0721,11.5073],[8.0694,11.5119],[8.0681,11.5171],[8.0627,11.5179],[8.0623,11.5257],[8.0685,11.5314],[8.0763,11.5323],[8.0826,11.5333],[8.0838,11.5391],[8.0814,11.5446],[8.0772,11.5455],[8.0724,11.5499],[8.0725,11.5545],[8.0778,11.5639],[8.08,11.5682],[8.0821,11.5725],[8.0846,11.5779],[8.0879,11.5856],[8.0904,11.5903],[8.0947,11.6007],[8.0975,11.6105],[8.1113,11.6134],[8.1235,11.6119]]]}},{"type":"Feature","properties":{"name":"Tandama","designation":"Forest Reserve","iucn":"Not Reported","areaKm2":0.0,"status":"Designated","year":0},"geometry":{"type":"Polygon","coordinates":[[[7.5356,11.4771],[7.5319,11.4712],[7.5268,11.4706],[7.5225,11.4723],[7.516,11.4751],[7.5097,11.4745],[7.5047,11.4697],[7.5038,11.4619],[7.5066,11.4553],[7.5107,11.4506],[7.5106,11.4445],[7.5072,11.4393],[7.5004,11.4371],[7.4955,11.4348],[7.4886,11.4281],[7.4846,11.4238],[7.4804,11.4188],[7.4749,11.4157],[7.47,11.4204],[7.4681,11.429],[7.4673,11.4331],[7.4666,11.4395],[7.4669,11.4466],[7.468,11.4532],[7.4721,11.4604],[7.4761,11.4661],[7.4802,11.4713],[7.4842,11.4767],[7.4861,11.4823],[7.4877,11.4883],[7.4903,11.4942],[7.4941,11.5012],[7.4975,11.5057],[7.5038,11.5087],[7.5113,11.5095],[7.5156,11.5117],[7.5225,11.5152],[7.5299,11.5145],[7.5331,11.5096],[7.5372,11.5054],[7.5375,11.4973],[7.5351,11.4926],[7.5348,11.4857],[7.5366,11.4812],[7.5356,11.4771]]]}},{"type":"Feature","properties":{"name":"Kogin Kano","designation":"Forest Reserve","iucn":"Not Reported","areaKm2":0.0,"status":"Designated","year":0},"geometry":{"type":"Polygon","coordinates":[[[8.7199,11.2036],[8.7199,11.1839],[8.7202,11.1795],[8.7213,11.1739],[8.7237,11.1677],[8.727,11.1629],[8.7313,11.1583],[8.7364,11.1525],[8.7412,11.1475],[8.7516,11.1388],[8.7565,11.1352],[8.7623,11.1305],[8.7669,11.1276],[8.7732,11.1208],[8.7742,11.1165],[8.7742,11.1076],[8.7731,11.1027],[8.7718,11.0971],[8.7696,11.0888],[8.768,11.0821],[8.7666,11.0761],[8.7632,11.0645],[8.7616,11.0582],[8.7603,11.0522],[8.758,11.0433],[8.7521,11.0286],[8.7494,11.0228],[8.7455,11.0167],[8.742,11.0122],[8.7326,11.0022],[8.7303,10.9964],[8.7349,10.988],[8.7417,10.9798],[8.7474,10.9703],[8.7498,10.9658],[8.7549,10.9569],[8.7568,10.9516],[8.7593,10.9465],[8.7631,10.9416],[8.7692,10.9346],[8.7695,10.9283],[8.7643,10.9224],[8.7588,10.9149],[8.7572,10.9029],[8.7541,10.8874],[8.7541,10.8806],[8.7543,10.8723],[8.7543,10.868],[8.7535,10.8636],[8.7478,10.8571],[8.7376,10.8533],[8.7314,10.8529],[8.7237,10.8519],[8.7174,10.8514],[8.7116,10.8511],[8.706,10.8495],[8.6985,10.8415],[8.6933,10.8365],[8.6873,10.8334],[8.6809,10.831],[8.6745,10.8282],[8.668,10.8253],[8.6557,10.8169],[8.6479,10.81],[8.6419,10.8075],[8.6312,10.8037],[8.6251,10.8028],[8.6192,10.8048],[8.6182,10.8107],[8.6217,10.8156],[8.6262,10.8213],[8.628,10.8265],[8.628,10.836],[8.6275,10.8421],[8.6265,10.8465],[8.6233,10.8509],[8.6173,10.8504],[8.6121,10.8427],[8.6085,10.8372],[8.6044,10.8342],[8.5999,10.8327],[8.5855,10.8325],[8.577,10.8312],[8.5712,10.8286],[8.5668,10.8284],[8.5643,10.833],[8.5641,10.8377],[8.5644,10.8423],[8.5651,10.8464],[8.5678,10.8528],[8.5671,10.8586],[8.5597,10.8651],[8.5544,10.8695],[8.5491,10.877],[8.548,10.8815],[8.5476,10.8864],[8.5472,10.8913],[8.549,10.8992],[8.5547,10.9041],[8.56,10.9097],[8.5618,10.9157],[8.563,10.9215],[8.5637,10.9271],[8.5645,10.9312],[8.5686,10.937],[8.5719,10.9443],[8.5741,10.9551],[8.5747,10.9597],[8.5759,10.9656],[8.5774,10.9719],[8.5795,10.9796],[8.5859,10.9887],[8.5907,10.9962],[8.5957,11.0022],[8.5951,11.0096],[8.5983,11.0248],[8.5992,11.0295],[8.599,11.036],[8.5986,11.0435],[8.5966,11.0564],[8.5958,11.0613],[8.5961,11.0687],[8.5982,11.0747],[8.6011,11.0802],[8.6038,11.0858],[8.6081,11.101],[8.6101,11.109],[8.6122,11.1166],[8.6132,11.1224],[8.6135,11.1272],[8.6128,11.1334],[8.6116,11.1467],[8.6104,11.1544],[8.608,11.1769],[8.6073,11.1842],[8.6083,11.1905],[8.6095,11.1953],[8.6105,11.2026],[8.6107,11.2068],[8.6214,11.2015],[8.6291,11.1948],[8.6391,11.1894],[8.6486,11.1865],[8.6556,11.1877],[8.6617,11.1946],[8.6658,11.2037],[8.6681,11.2144],[8.6667,11.2261],[8.6635,11.2353],[8.6606,11.2464],[8.6627,11.2523],[8.6693,11.2567],[8.6756,11.2604],[8.6801,11.2605],[8.6894,11.2581],[8.6936,11.2581],[8.7003,11.2545],[8.7034,11.2498],[8.7071,11.2439],[8.71,11.2383],[8.7119,11.2319],[8.7132,11.2255],[8.7153,11.2183],[8.7174,11.2129],[8.7192,11.2078],[8.7199,11.2036]]]}},{"type":"Feature","properties":{"name":"Maje (West)","designation":"Forest Reserve","iucn":"Not Reported","areaKm2":0.0,"status":"Designated","year":0},"geometry":{"type":"Polygon","coordinates":[[[7.5439,11.2482],[7.5374,11.2489],[7.5333,11.2495],[7.5259,11.2504],[7.5189,11.2522],[7.5147,11.2536],[7.5113,11.2611],[7.5124,11.2659],[7.5147,11.2733],[7.5154,11.2784],[7.5172,11.2835],[7.5219,11.2851],[7.5283,11.2809],[7.5328,11.2769],[7.5352,11.27],[7.5362,11.2651],[7.5394,11.2597],[7.5434,11.2505],[7.5439,11.2482]]]}},{"type":"Feature","properties":{"name":"Kabama","designation":"Forest Reserve","iucn":"Not Reported","areaKm2":0.0,"status":"Designated","year":0},"geometry":{"type":"Polygon","coordinates":[[[7.7387,11.1537],[7.7341,11.1508],[7.7281,11.1532],[7.7246,11.1472],[7.719,11.1367],[7.7165,11.1315],[7.7112,11.1343],[7.7059,11.1354],[7.7013,11.1382],[7.7026,11.1423],[7.7108,11.1424],[7.7183,11.1445],[7.7225,11.1486],[7.7219,11.1543],[7.7239,11.1599],[7.728,11.163],[7.7339,11.1633],[7.7376,11.1568],[7.7387,11.1537]]]}},{"type":"Feature","properties":{"name":"Zaria","designation":"Forest Reserve","iucn":"Not Reported","areaKm2":0.0,"status":"Designated","year":0},"geometry":{"type":"Polygon","coordinates":[[[7.7015,11.0882],[7.6941,11.0878],[7.689,11.0902],[7.6883,11.0963],[7.6921,11.1021],[7.7021,11.1009],[7.7044,11.0905],[7.7015,11.0882]]]}},{"type":"Feature","properties":{"name":"Nasarawa","designation":"Forest Reserve","iucn":"Not Reported","areaKm2":0.0,"status":"Designated","year":0},"geometry":{"type":"Polygon","coordinates":[[[7.5653,13.0238],[7.567,13.0185],[7.5594,13.0182],[7.5551,13.0208],[7.5485,13.0234],[7.5442,13.0206],[7.5443,13.0134],[7.5439,13.0064],[7.5394,13.0031],[7.534,13.0048],[7.5297,13.0115],[7.5246,13.0141],[7.519,13.0164],[7.5137,13.0161],[7.5093,13.017],[7.5036,13.0237],[7.4978,13.0279],[7.4914,13.0324],[7.4911,13.038],[7.4964,13.0417],[7.4965,13.0469],[7.49,13.0544],[7.4816,13.063],[7.4774,13.0664],[7.4757,13.0721],[7.4778,13.0775],[7.4799,13.0819],[7.4829,13.0861],[7.4899,13.0857],[7.4962,13.0836],[7.5016,13.0822],[7.5111,13.0757],[7.5191,13.0686],[7.5244,13.0649],[7.5317,13.0621],[7.539,13.0605],[7.551,13.0573],[7.5552,13.0556],[7.5598,13.052],[7.5623,13.0444],[7.5611,13.0363],[7.5609,13.03],[7.5653,13.0238]]]}},{"type":"Feature","properties":{"name":"Kurmin Kogi","designation":"Forest Reserve","iucn":"Not Reported","areaKm2":0.0,"status":"Designated","year":0},"geometry":{"type":"Polygon","coordinates":[[[8.1269,11.1518],[8.1218,11.1519],[8.1168,11.1556],[8.1089,11.1617],[8.102,11.1635],[8.0896,11.1733],[8.0825,11.1778],[8.0784,11.1781],[8.074,11.179],[8.0698,11.1804],[8.0604,11.1882],[8.0562,11.1923],[8.0522,11.1957],[8.0469,11.1983],[8.0389,11.2013],[8.0321,11.2042],[8.0317,11.2095],[8.037,11.2136],[8.0421,11.2143],[8.0479,11.215],[8.0542,11.2162],[8.061,11.219],[8.0677,11.2235],[8.073,11.2248],[8.0778,11.2216],[8.0848,11.2178],[8.089,11.2164],[8.0945,11.2108],[8.0971,11.2028],[8.101,11.1984],[8.109,11.1969],[8.1151,11.193],[8.1168,11.1887],[8.1191,11.1847],[8.1256,11.1701],[8.1269,11.1518]]]}},{"type":"Feature","properties":{"name":"Gauara","designation":"Forest Reserve","iucn":"Not Reported","areaKm2":0.0,"status":"Designated","year":0},"geometry":{"type":"Polygon","coordinates":[[[8.1803,11.1156],[8.1871,11.1147],[8.1919,11.1174],[8.1982,11.1256],[8.2002,11.1297],[8.2041,11.136],[8.2085,11.1376],[8.2113,11.1284],[8.2144,11.1236],[8.2188,11.117],[8.2184,11.1125],[8.2177,11.108],[8.2168,11.103],[8.2164,11.0981],[8.2163,11.0937],[8.2157,11.0868],[8.2204,11.083],[8.2251,11.0817],[8.2266,11.0768],[8.2109,11.0715],[8.2056,11.0686],[8.201,11.0691],[8.1946,11.0693],[8.1878,11.0689],[8.1802,11.0764],[8.1714,11.0858],[8.1687,11.09],[8.1634,11.1049],[8.1613,11.1091],[8.1554,11.1149],[8.1531,11.1191],[8.1488,11.126],[8.1486,11.1329],[8.1488,11.1375],[8.1501,11.1441],[8.1571,11.147],[8.1637,11.1493],[8.166,11.1544],[8.1701,11.1558],[8.1764,11.1541],[8.1805,11.154],[8.1864,11.1527],[8.1844,11.1478],[8.1834,11.1434],[8.1827,11.139],[8.181,11.1337],[8.1796,11.1288],[8.1784,11.1216],[8.1803,11.1156]]]}},{"type":"Feature","properties":{"name":"Kariya","designation":"Forest Reserve","iucn":"Not Reported","areaKm2":0.0,"status":"Designated","year":0},"geometry":{"type":"Polygon","coordinates":[[[8.2951,11.2138],[8.2895,11.2135],[8.2849,11.219],[8.2796,11.2201],[8.2742,11.2243],[8.2713,11.2298],[8.2722,11.2358],[8.2675,11.2414],[8.263,11.2454],[8.2604,11.2498],[8.2612,11.255],[8.2624,11.2629],[8.2672,11.2676],[8.2704,11.2732],[8.2738,11.278],[8.2791,11.2768],[8.2849,11.2709],[8.2897,11.2648],[8.2902,11.2605],[8.2939,11.254],[8.2965,11.2461],[8.2977,11.2408],[8.2989,11.2329],[8.2984,11.2285],[8.2984,11.2235],[8.2982,11.2193],[8.2951,11.2138]]]}},{"type":"Feature","properties":{"name":"Bugau North","designation":"Forest Reserve","iucn":"Not Reported","areaKm2":0.0,"status":"Designated","year":0},"geometry":{"type":"Polygon","coordinates":[[[8.4994,11.0184],[8.4932,11.0192],[8.4818,11.0253],[8.4777,11.0314],[8.4783,11.0395],[8.485,11.0456],[8.4937,11.049],[8.5001,11.0533],[8.5094,11.0586],[8.5146,11.0637],[8.5187,11.067],[8.5243,11.0728],[8.5324,11.0724],[8.537,11.0706],[8.5449,11.0679],[8.546,11.0635],[8.5396,11.0514],[8.536,11.0446],[8.5304,11.0384],[8.5188,11.0349],[8.5127,11.0324],[8.5048,11.0251],[8.4994,11.0184]]]}},{"type":"Feature","properties":{"name":"Maje (East)","designation":"Forest Reserve","iucn":"Not Reported","areaKm2":0.0,"status":"Designated","year":0},"geometry":{"type":"Polygon","coordinates":[[[8.4114,11.5407],[8.4041,11.5406],[8.3995,11.5448],[8.3983,11.5491],[8.3969,11.555],[8.394,11.5629],[8.39,11.5733],[8.3879,11.5778],[8.3857,11.5819],[8.383,11.5868],[8.3844,11.5943],[8.3881,11.5985],[8.3936,11.5995],[8.3997,11.598],[8.4069,11.5912],[8.4104,11.5869],[8.4135,11.5811],[8.4197,11.5715],[8.4221,11.5667],[8.4237,11.5625],[8.4248,11.5577],[8.4242,11.5532],[8.4225,11.549],[8.4199,11.5448],[8.4114,11.5407]]]}},{"type":"Feature","properties":{"name":"Rurum","designation":"Forest Reserve","iucn":"Not Reported","areaKm2":0.0,"status":"Designated","year":0},"geometry":{"type":"Polygon","coordinates":[[[8.4688,11.4732],[8.4752,11.4741],[8.4804,11.4782],[8.4852,11.4706],[8.4879,11.4661],[8.4912,11.4611],[8.4952,11.4543],[8.4961,11.4496],[8.4958,11.442],[8.4939,11.4373],[8.4886,11.4301],[8.4826,11.4276],[8.4782,11.4284],[8.4722,11.4303],[8.467,11.4315],[8.463,11.4322],[8.4586,11.4301],[8.4544,11.4221],[8.4518,11.4264],[8.4498,11.4343],[8.4482,11.4422],[8.4442,11.4477],[8.439,11.4531],[8.4305,11.4586],[8.425,11.467],[8.4257,11.4748],[8.4308,11.4766],[8.4364,11.4775],[8.443,11.4806],[8.4485,11.4809],[8.454,11.4806],[8.4581,11.4792],[8.4625,11.4763],[8.4688,11.4732]]]}},{"type":"Feature","properties":{"name":"Burra North","designation":"Forest Reserve","iucn":"Not Reported","areaKm2":0.0,"status":"Designated","year":0},"geometry":{"type":"Polygon","coordinates":[[[7.2091,9.3975],[7.2049,9.3971],[7.1998,9.3968],[7.1971,9.3928],[7.1907,9.3918],[7.1812,9.3933],[7.1814,9.398],[7.1863,9.3999],[7.1829,9.4054],[7.1896,9.4085],[7.1848,9.4114],[7.188,9.4162],[7.1942,9.4157],[7.2004,9.4138],[7.2016,9.4076],[7.2049,9.4023],[7.2095,9.4004],[7.2091,9.3975]]]}},{"type":"Feature","properties":{"name":"Anchau West","designation":"Forest Reserve","iucn":"Not Reported","areaKm2":0.0,"status":"Designated","year":0},"geometry":{"type":"Polygon","coordinates":[[[8.2287,11.0591],[8.2217,11.0524],[8.2159,11.0458],[8.2151,11.0379],[8.2181,11.0307],[8.2272,11.0181],[8.2337,11.0115],[8.2412,11.0062],[8.2476,11.0004],[8.2495,10.995],[8.2543,10.9892],[8.2606,10.9849],[8.2655,10.9812],[8.2729,10.9738],[8.2782,10.9706],[8.2843,10.9671],[8.2915,10.9641],[8.2986,10.961],[8.3051,10.9592],[8.3113,10.9581],[8.3163,10.9583],[8.3207,10.9596],[8.3261,10.9604],[8.3305,10.9612],[8.3387,10.9612],[8.3448,10.9599],[8.3473,10.9523],[8.3463,10.9457],[8.3498,10.9407],[8.3559,10.9333],[8.3588,10.9272],[8.3583,10.9216],[8.3527,10.919],[8.3467,10.9186],[8.3411,10.9177],[8.3327,10.9126],[8.3283,10.9114],[8.3234,10.9109],[8.3189,10.9097],[8.3123,10.9031],[8.3048,10.896],[8.2976,10.891],[8.2928,10.8888],[8.2882,10.889],[8.285,10.8938],[8.2789,10.8947],[8.2742,10.8964],[8.2709,10.9014],[8.2658,10.9067],[8.2616,10.9128],[8.2556,10.9138],[8.2534,10.92],[8.2466,10.9279],[8.2441,10.9327],[8.2447,10.9368],[8.2459,10.9429],[8.242,10.9486],[8.2353,10.9557],[8.2275,10.9611],[8.2169,10.9685],[8.2097,10.9774],[8.2087,10.9825],[8.209,10.9896],[8.2047,10.9932],[8.1997,10.9955],[8.1949,11.0031],[8.1908,11.0072],[8.1874,11.0142],[8.1876,11.0221],[8.1861,11.0293],[8.1822,11.0354],[8.1801,11.0401],[8.1791,11.0446],[8.1788,11.0492],[8.179,11.054],[8.1795,11.0612],[8.1855,11.0599],[8.1909,11.0592],[8.1966,11.0588],[8.2021,11.0603],[8.2109,11.0641],[8.216,11.0652],[8.2216,11.0667],[8.2262,11.0689],[8.2297,11.063],[8.2287,11.0591]]]}},{"type":"Feature","properties":{"name":"Kyarana","designation":"Forest Reserve","iucn":"Not Reported","areaKm2":0.0,"status":"Designated","year":0},"geometry":{"type":"Polygon","coordinates":[[[8.1346,11.6107],[8.1235,11.6119],[8.1206,11.6182],[8.1259,11.6228],[8.1279,11.6288],[8.1338,11.6335],[8.1406,11.6308],[8.1435,11.6248],[8.1405,11.6204],[8.1347,11.6172],[8.1346,11.6107]]]}},{"type":"Feature","properties":{"name":"Gaya","designation":"Forest Reserve","iucn":"Not Reported","areaKm2":0.0,"status":"Designated","year":0},"geometry":{"type":"Polygon","coordinates":[[[6.8462,9.9268],[6.8417,9.9262],[6.8305,9.9305],[6.8233,9.9339],[6.8172,9.9403],[6.8157,9.945],[6.8112,9.9521],[6.8086,9.9566],[6.8063,9.9614],[6.8046,9.966],[6.8043,9.97],[6.8053,9.9758],[6.8117,9.9762],[6.8216,9.971],[6.8321,9.965],[6.8439,9.9522],[6.8468,9.9479],[6.8484,9.943],[6.8486,9.9362],[6.8474,9.9293],[6.8462,9.9268]]]}},{"type":"Feature","properties":{"name":"Iggi River","designation":"Forest Reserve","iucn":"Not Reported","areaKm2":0.0,"status":"Designated","year":0},"geometry":{"type":"Polygon","coordinates":[[[6.1723,9.637],[6.1678,9.6368],[6.1633,9.638],[6.1591,9.6413],[6.1551,9.6469],[6.1504,9.6532],[6.146,9.6593],[6.1335,9.6674],[6.1277,9.6715],[6.1256,9.6773],[6.125,9.6822],[6.1241,9.6872],[6.1216,9.6931],[6.1162,9.697],[6.1135,9.7025],[6.1185,9.7094],[6.1224,9.7146],[6.1269,9.7191],[6.1306,9.7237],[6.1365,9.7307],[6.1387,9.7357],[6.1403,9.7409],[6.1427,9.7511],[6.1444,9.7572],[6.1457,9.7626],[6.1472,9.7716],[6.1491,9.7864],[6.1513,9.7955],[6.1563,9.7882],[6.158,9.7825],[6.1597,9.7762],[6.1617,9.7688],[6.1652,9.7643],[6.1694,9.7604],[6.1755,9.7522],[6.1827,9.7456],[6.1881,9.7405],[6.1972,9.7298],[6.2074,9.7185],[6.2152,9.7104],[6.2196,9.7053],[6.2159,9.7],[6.2106,9.6968],[6.2046,9.6934],[6.2002,9.6897],[6.1962,9.6838],[6.1932,9.6774],[6.1909,9.6714],[6.1889,9.6644],[6.1874,9.6576],[6.1858,9.6518],[6.1831,9.647],[6.1795,9.6425],[6.1723,9.637]]]}},{"type":"Feature","properties":{"name":"Gadau","designation":"Forest Reserve","iucn":"Not Reported","areaKm2":0.0,"status":"Designated","year":0},"geometry":{"type":"Polygon","coordinates":[[[10.199,11.9208],[10.1947,11.9192],[10.1923,11.9147],[10.1922,11.9048],[10.1889,11.8993],[10.1854,11.8952],[10.1813,11.8934],[10.1758,11.8942],[10.1707,11.8947],[10.1655,11.8949],[10.1608,11.8934],[10.1549,11.8893],[10.1513,11.8835],[10.1482,11.8766],[10.1423,11.8717],[10.1362,11.869],[10.128,11.8556],[10.1265,11.8508],[10.1329,11.8454],[10.1385,11.8406],[10.1345,11.8356],[10.1292,11.836],[10.1251,11.8378],[10.1192,11.8384],[10.1201,11.832],[10.1271,11.8246],[10.1337,11.8165],[10.1392,11.8106],[10.1424,11.8066],[10.1365,11.8011],[10.1313,11.8],[10.1261,11.7973],[10.1207,11.7948],[10.1156,11.793],[10.1109,11.7919],[10.1027,11.7907],[10.0975,11.7917],[10.09,11.7917],[10.0859,11.7916],[10.0887,11.7979],[10.0897,11.8028],[10.0857,11.8045],[10.0804,11.8054],[10.0718,11.8046],[10.067,11.8032],[10.0538,11.7998],[10.0496,11.7981],[10.0437,11.7944],[10.0392,11.7887],[10.0329,11.7836],[10.0276,11.7817],[10.0273,11.7874],[10.0292,11.7919],[10.0311,11.7968],[10.0331,11.801],[10.0377,11.8033],[10.0422,11.8062],[10.044,11.8112],[10.0484,11.8131],[10.0535,11.8121],[10.0595,11.8143],[10.0657,11.816],[10.0709,11.8147],[10.0773,11.8148],[10.0831,11.8168],[10.0865,11.8225],[10.0834,11.829],[10.0812,11.8339],[10.0869,11.8391],[10.0889,11.8445],[10.0942,11.846],[10.0983,11.8398],[10.0943,11.8342],[10.0925,11.8286],[10.0937,11.8234],[10.0936,11.8186],[10.0996,11.8144],[10.1049,11.8209],[10.1101,11.8231],[10.1141,11.8252],[10.1141,11.8312],[10.1103,11.8363],[10.1066,11.842],[10.1107,11.8442],[10.112,11.8486],[10.109,11.8559],[10.1069,11.8613],[10.1072,11.8666],[10.1037,11.8713],[10.1013,11.8765],[10.1075,11.8777],[10.116,11.8801],[10.1217,11.884],[10.1185,11.8924],[10.1205,11.8967],[10.1247,11.8942],[10.1288,11.8875],[10.1393,11.8895],[10.1447,11.897],[10.146,11.9025],[10.1406,11.9069],[10.1366,11.9136],[10.1367,11.9193],[10.1415,11.9205],[10.1469,11.9163],[10.1522,11.9148],[10.1591,11.9171],[10.1643,11.9233],[10.1702,11.921],[10.1754,11.9205],[10.1808,11.9261],[10.1869,11.927],[10.194,11.9233],[10.199,11.9208]]]}},{"type":"Feature","properties":{"name":"Lizai","designation":"Forest Reserve","iucn":"Not Reported","areaKm2":0.0,"status":"Designated","year":0},"geometry":{"type":"Polygon","coordinates":[[[10.3526,11.8808],[10.3553,11.8766],[10.3607,11.8688],[10.3641,11.8616],[10.3652,11.8545],[10.3644,11.8461],[10.3613,11.8404],[10.3524,11.8346],[10.3472,11.8307],[10.3423,11.8268],[10.335,11.8209],[10.3284,11.8181],[10.3206,11.8165],[10.3151,11.8174],[10.317,11.824],[10.3179,11.8324],[10.3184,11.8376],[10.3194,11.8422],[10.3202,11.8476],[10.3205,11.8542],[10.3194,11.859],[10.3171,11.8664],[10.3212,11.8721],[10.3293,11.8788],[10.3349,11.8805],[10.3432,11.8808],[10.3477,11.8817],[10.3526,11.8808]]]}},{"type":"Feature","properties":{"name":"Madara","designation":"Forest Reserve","iucn":"Not Reported","areaKm2":0.0,"status":"Designated","year":0},"geometry":{"type":"Polygon","coordinates":[[[10.3784,11.7414],[10.3782,11.7493],[10.3872,11.7605],[10.391,11.7656],[10.3951,11.77],[10.4011,11.776],[10.4053,11.7779],[10.4181,11.7802],[10.4248,11.777],[10.4308,11.7696],[10.4331,11.7635],[10.4137,11.753],[10.4069,11.7486],[10.3953,11.7449],[10.3845,11.7428],[10.3784,11.7414]]]}},{"type":"Feature","properties":{"name":"Dargazu","designation":"Forest Reserve","iucn":"Not Reported","areaKm2":0.0,"status":"Designated","year":0},"geometry":{"type":"Polygon","coordinates":[[[6.6917,9.6354],[6.6898,9.6311],[6.6882,9.6266],[6.6874,9.6224],[6.686,9.615],[6.6827,9.6089],[6.6783,9.607],[6.6721,9.6082],[6.6657,9.6095],[6.6598,9.6086],[6.6517,9.6074],[6.6549,9.6142],[6.6562,9.6208],[6.6524,9.6274],[6.6438,9.6356],[6.6422,9.6412],[6.6446,9.6472],[6.6504,9.6489],[6.6552,9.6485],[6.6617,9.645],[6.6658,9.639],[6.6684,9.6333],[6.6732,9.638],[6.6741,9.6444],[6.6802,9.649],[6.6872,9.6506],[6.6922,9.6481],[6.6945,9.6431],[6.6917,9.6354]]]}},{"type":"Feature","properties":{"name":"Dungunde","designation":"Forest Reserve","iucn":"Not Reported","areaKm2":0.0,"status":"Designated","year":0},"geometry":{"type":"Polygon","coordinates":[[[10.4153,11.6131],[10.4109,11.6124],[10.4047,11.621],[10.4014,11.6274],[10.4076,11.6333],[10.4206,11.6372],[10.4272,11.6396],[10.4314,11.6414],[10.4358,11.6439],[10.4415,11.6451],[10.4398,11.6406],[10.4353,11.6331],[10.429,11.6256],[10.4228,11.619],[10.4177,11.6148],[10.4153,11.6131]]]}},{"type":"Feature","properties":{"name":"Chinade","designation":"Forest Reserve","iucn":"Not Reported","areaKm2":0.0,"status":"Designated","year":0},"geometry":{"type":"Polygon","coordinates":[[[10.4793,11.5735],[10.4792,11.5675],[10.4796,11.5623],[10.4768,11.5568],[10.4827,11.5538],[10.4868,11.5571],[10.4927,11.56],[10.4977,11.5578],[10.4966,11.5518],[10.4909,11.5441],[10.4846,11.5372],[10.4794,11.537],[10.4791,11.5425],[10.4739,11.5461],[10.4736,11.5511],[10.4689,11.5513],[10.4647,11.5521],[10.4601,11.5527],[10.4557,11.5535],[10.4503,11.5561],[10.4473,11.5615],[10.4502,11.5672],[10.4556,11.5719],[10.4598,11.5717],[10.4639,11.5717],[10.4718,11.5784],[10.4764,11.5832],[10.4808,11.5804],[10.4793,11.5735]]]}},{"type":"Feature","properties":{"name":"Jawo","designation":"Forest Reserve","iucn":"Not Reported","areaKm2":0.0,"status":"Designated","year":0},"geometry":{"type":"Polygon","coordinates":[[[10.2939,11.6159],[10.2977,11.6114],[10.3022,11.6093],[10.3073,11.605],[10.309,11.5994],[10.3081,11.5935],[10.308,11.5893],[10.3139,11.5876],[10.3122,11.5834],[10.3066,11.5776],[10.301,11.5754],[10.2967,11.5755],[10.2919,11.5806],[10.2914,11.5854],[10.2913,11.591],[10.2829,11.5944],[10.2775,11.5967],[10.2729,11.5972],[10.2772,11.6021],[10.2758,11.6064],[10.2765,11.612],[10.2793,11.6166],[10.285,11.6157],[10.2901,11.6185],[10.2939,11.6159]]]}},{"type":"Feature","properties":{"name":"Dalli","designation":"Forest Reserve","iucn":"Not Reported","areaKm2":0.0,"status":"Designated","year":0},"geometry":{"type":"Polygon","coordinates":[[[6.0102,9.4136],[6.016,9.4133],[6.0207,9.4101],[6.0178,9.402],[6.012,9.398],[6.0078,9.3991],[6.0034,9.4038],[6.001,9.4095],[6.001,9.4175],[6.0018,9.4247],[6.0073,9.4284],[6.0108,9.4233],[6.01,9.4155],[6.0102,9.4136]]]}},{"type":"Feature","properties":{"name":"Zigau","designation":"Forest Reserve","iucn":"Not Reported","areaKm2":0.0,"status":"Designated","year":0},"geometry":{"type":"Polygon","coordinates":[[[10.0067,11.4335],[9.9977,11.4307],[9.9928,11.4305],[9.9885,11.4298],[9.9829,11.4273],[9.9773,11.4278],[9.973,11.4401],[9.9715,11.4467],[9.9704,11.453],[9.9697,11.4582],[9.9696,11.464],[9.9739,11.466],[9.9783,11.4656],[9.9875,11.4638],[9.9935,11.4627],[10.0029,11.4595],[10.0136,11.4549],[10.0182,11.4527],[10.0229,11.4497],[10.0189,11.4454],[10.0141,11.4439],[10.009,11.4392],[10.0067,11.4335]]]}},{"type":"Feature","properties":{"name":"Bayawa","designation":"Forest Reserve","iucn":"Not Reported","areaKm2":0.0,"status":"Designated","year":0},"geometry":{"type":"Polygon","coordinates":[[[7.1633,9.5363],[7.1589,9.5358],[7.1539,9.5392],[7.1545,9.5454],[7.1586,9.5489],[7.1643,9.548],[7.1688,9.5446],[7.1692,9.5389],[7.1633,9.5363]]]}},{"type":"Feature","properties":{"name":"Maladumba","designation":"Forest Reserve","iucn":"Not Reported","areaKm2":0.0,"status":"Designated","year":0},"geometry":{"type":"Polygon","coordinates":[[[10.5409,11.2684],[10.5362,11.2653],[10.5294,11.2676],[10.5234,11.2649],[10.5192,11.2599],[10.5077,11.2633],[10.5034,11.2654],[10.4973,11.2637],[10.4973,11.259],[10.5021,11.2549],[10.5044,11.2502],[10.5002,11.2502],[10.4955,11.2517],[10.4894,11.2502],[10.4839,11.2415],[10.4825,11.2353],[10.4773,11.2348],[10.4726,11.2396],[10.4673,11.2392],[10.4655,11.2342],[10.4654,11.2298],[10.4611,11.2305],[10.454,11.229],[10.4488,11.2248],[10.4364,11.2224],[10.4317,11.2235],[10.4259,11.2209],[10.4207,11.2157],[10.4101,11.2159],[10.4057,11.2183],[10.4013,11.2208],[10.3971,11.2229],[10.3913,11.2254],[10.3868,11.2251],[10.386,11.2295],[10.3857,11.2346],[10.3849,11.2402],[10.3842,11.2446],[10.3848,11.2525],[10.3857,11.2574],[10.3877,11.2635],[10.3924,11.2672],[10.3987,11.2561],[10.4008,11.2505],[10.4026,11.2449],[10.4069,11.2397],[10.414,11.2362],[10.4189,11.2349],[10.4234,11.234],[10.4316,11.2347],[10.4405,11.2396],[10.4497,11.2442],[10.4568,11.2521],[10.4619,11.2597],[10.4662,11.2587],[10.472,11.256],[10.4751,11.2608],[10.4759,11.2652],[10.4795,11.2732],[10.4892,11.2821],[10.4944,11.285],[10.4999,11.2851],[10.5041,11.2827],[10.5095,11.28],[10.5179,11.2769],[10.5222,11.2745],[10.5302,11.272],[10.5367,11.2709],[10.5409,11.2684]]]}},{"type":"Feature","properties":{"name":"Farin Ruwa","designation":"Forest Reserve","iucn":"Not Reported","areaKm2":0.0,"status":"Designated","year":0},"geometry":{"type":"Polygon","coordinates":[[[10.3407,11.0792],[10.343,11.0741],[10.3448,11.0684],[10.3465,11.0627],[10.3485,11.0567],[10.3507,11.0498],[10.3529,11.0428],[10.3544,11.0376],[10.3563,11.0322],[10.3583,11.0262],[10.3598,11.0203],[10.3614,11.0155],[10.3635,11.0087],[10.3641,11.0007],[10.3622,10.9959],[10.3597,10.9898],[10.3515,10.9849],[10.3462,10.9827],[10.3401,10.9805],[10.3331,10.9783],[10.3265,10.9768],[10.3175,10.9758],[10.3084,10.9756],[10.3005,10.9763],[10.2944,10.9776],[10.2883,10.9788],[10.2767,10.977],[10.2708,10.9776],[10.2654,10.98],[10.2598,10.9827],[10.2546,10.9848],[10.2448,10.9851],[10.2382,10.9867],[10.2318,10.9893],[10.2262,10.9932],[10.222,10.9998],[10.2112,11.0179],[10.1994,11.0396],[10.192,11.0514],[10.1906,11.0571],[10.1888,11.0619],[10.1882,11.0665],[10.1879,11.071],[10.1885,11.0753],[10.1923,11.0813],[10.1969,11.0839],[10.2027,11.0862],[10.2078,11.088],[10.2171,11.0911],[10.2233,11.0923],[10.2312,11.0882],[10.237,11.0845],[10.242,11.081],[10.2462,11.0782],[10.2542,11.0771],[10.2654,11.0825],[10.2726,11.0881],[10.2757,11.0943],[10.2778,11.1],[10.2819,11.1021],[10.2894,11.1025],[10.2941,11.113],[10.2966,11.118],[10.3025,11.1195],[10.3074,11.1188],[10.3133,11.1178],[10.3207,11.1158],[10.3299,11.1019],[10.3333,11.0958],[10.3387,11.0838],[10.3407,11.0792]]]}},{"type":"Feature","properties":{"name":"Rabadi","designation":"Forest Reserve","iucn":"Not Reported","areaKm2":0.0,"status":"Designated","year":0},"geometry":{"type":"Polygon","coordinates":[[[10.2272,11.101],[10.2197,11.0967],[10.2126,11.096],[10.2016,11.0975],[10.1924,11.0991],[10.1872,11.0993],[10.1781,11.099],[10.1704,11.0979],[10.1747,11.1199],[10.1798,11.1421],[10.1844,11.1642],[10.1922,11.1665],[10.1973,11.1685],[10.2023,11.1705],[10.2065,11.1732],[10.2106,11.1762],[10.215,11.1784],[10.2229,11.1799],[10.227,11.179],[10.2362,11.1723],[10.2419,11.1687],[10.2483,11.1549],[10.2505,11.1436],[10.2533,11.1309],[10.2544,11.1252],[10.2529,11.119],[10.2494,11.1136],[10.2453,11.1085],[10.24,11.1028],[10.2308,11.1019],[10.2272,11.101]]]}},{"type":"Feature","properties":{"name":"Zandama Hills","designation":"Forest Reserve","iucn":"Not Reported","areaKm2":0.0,"status":"Designated","year":0},"geometry":{"type":"Polygon","coordinates":[[[9.7035,11.269],[9.6995,11.2745],[9.695,11.2799],[9.691,11.2857],[9.6861,11.2914],[9.6802,11.2938],[9.6807,11.2989],[9.6826,11.3052],[9.6799,11.3126],[9.6732,11.3163],[9.6709,11.3214],[9.6777,11.3305],[9.6823,11.3376],[9.6876,11.3443],[9.6958,11.3447],[9.7048,11.3397],[9.7092,11.3366],[9.7098,11.322],[9.7095,11.3109],[9.7099,11.2943],[9.7106,11.2794],[9.7106,11.2738],[9.7056,11.271],[9.7035,11.269]]]}},{"type":"Feature","properties":{"name":"Gagara","designation":"Forest Reserve","iucn":"Not Reported","areaKm2":0.0,"status":"Designated","year":0},"geometry":{"type":"Polygon","coordinates":[[[9.6861,11.2914],[9.691,11.2857],[9.695,11.2799],[9.6995,11.2745],[9.7035,11.269],[9.7008,11.262],[9.6941,11.2589],[9.6901,11.2555],[9.6905,11.2507],[9.6946,11.248],[9.6948,11.2423],[9.6981,11.2379],[9.6953,11.2315],[9.6834,11.2278],[9.6776,11.2295],[9.6765,11.2373],[9.6753,11.2413],[9.6687,11.2448],[9.6566,11.2465],[9.6494,11.2444],[9.6424,11.2443],[9.6345,11.2457],[9.6277,11.2482],[9.6224,11.2535],[9.6189,11.2576],[9.6244,11.2599],[9.6304,11.2575],[9.6345,11.2568],[9.6367,11.2617],[9.6337,11.2661],[9.6322,11.2714],[9.6377,11.2762],[9.6365,11.282],[9.631,11.2822],[9.6296,11.2874],[9.6392,11.2892],[9.6437,11.2899],[9.6515,11.293],[9.6578,11.2977],[9.6633,11.2957],[9.6629,11.2915],[9.6626,11.2852],[9.6639,11.2805],[9.6694,11.2806],[9.6757,11.2837],[9.678,11.288],[9.6837,11.2897],[9.6861,11.2914]]]}},{"type":"Feature","properties":{"name":"Gurmina","designation":"Forest Reserve","iucn":"Not Reported","areaKm2":0.0,"status":"Designated","year":0},"geometry":{"type":"Polygon","coordinates":[[[9.4697,11.4114],[9.4641,11.4063],[9.4587,11.4047],[9.4498,11.4014],[9.4354,11.3966],[9.43,11.3945],[9.4241,11.3926],[9.4182,11.3898],[9.4185,11.3836],[9.4201,11.3791],[9.4213,11.3741],[9.4215,11.3688],[9.4222,11.3635],[9.4235,11.3585],[9.4252,11.3542],[9.4312,11.345],[9.4332,11.3379],[9.4309,11.3333],[9.4266,11.3305],[9.4176,11.327],[9.4122,11.3238],[9.4055,11.3276],[9.4027,11.3317],[9.4006,11.3372],[9.3997,11.3419],[9.4028,11.3465],[9.4072,11.3489],[9.4016,11.3529],[9.3983,11.3631],[9.3946,11.3691],[9.3906,11.3711],[9.3845,11.3734],[9.3756,11.3729],[9.3667,11.3705],[9.3625,11.3699],[9.3572,11.3662],[9.3546,11.3585],[9.3461,11.352],[9.3394,11.3483],[9.3319,11.3461],[9.3252,11.3473],[9.3131,11.3504],[9.3075,11.3501],[9.3029,11.3503],[9.296,11.3464],[9.2917,11.3435],[9.2846,11.3474],[9.2814,11.3531],[9.2779,11.3592],[9.2792,11.3659],[9.2822,11.3702],[9.2865,11.3696],[9.294,11.3665],[9.3074,11.371],[9.3131,11.3736],[9.3177,11.3752],[9.3247,11.3786],[9.3263,11.3836],[9.3221,11.3898],[9.3282,11.3924],[9.336,11.3952],[9.3421,11.394],[9.3496,11.3933],[9.3538,11.3953],[9.3591,11.402],[9.3623,11.4062],[9.368,11.4034],[9.3741,11.4034],[9.3816,11.4079],[9.389,11.4094],[9.3936,11.4088],[9.3985,11.4096],[9.4046,11.4136],[9.4177,11.4179],[9.4315,11.421],[9.4366,11.4233],[9.4422,11.426],[9.4528,11.4316],[9.4592,11.4338],[9.4638,11.4352],[9.4708,11.4358],[9.4754,11.4345],[9.4737,11.4275],[9.4692,11.4234],[9.4696,11.4171],[9.4697,11.4114]]]}},{"type":"Feature","properties":{"name":"Jerwa","designation":"Forest Reserve","iucn":"Not Reported","areaKm2":0.0,"status":"Designated","year":0},"geometry":{"type":"Polygon","coordinates":[[[10.6094,11.9888],[10.6155,11.9885],[10.6237,11.9885],[10.6281,11.9874],[10.6288,11.9809],[10.6238,11.9756],[10.6193,11.9735],[10.6138,11.9713],[10.6084,11.9696],[10.5969,11.9683],[10.5924,11.9669],[10.5871,11.9642],[10.5828,11.9624],[10.5784,11.9607],[10.5693,11.9589],[10.5613,11.9595],[10.5548,11.963],[10.5506,11.9645],[10.5451,11.9678],[10.5427,11.9723],[10.5425,11.9786],[10.5428,11.9842],[10.546,11.9889],[10.5521,11.9892],[10.5585,11.9894],[10.5651,11.9899],[10.5721,11.9905],[10.5785,11.9905],[10.5849,11.9899],[10.5924,11.9897],[10.5991,11.9896],[10.6048,11.9893],[10.6094,11.9888]]]}},{"type":"Feature","properties":{"name":"Bam Ngelzarma","designation":"Forest Reserve","iucn":"Not Reported","areaKm2":0.0,"status":"Designated","year":0},"geometry":{"type":"Polygon","coordinates":[[[11.5424,11.7155],[11.5507,11.7154],[11.5575,11.7168],[11.5594,11.7111],[11.5606,11.7041],[11.5559,11.7035],[11.5493,11.7056],[11.5447,11.7031],[11.5406,11.6996],[11.5363,11.6961],[11.5317,11.692],[11.5276,11.6837],[11.5245,11.6744],[11.529,11.6656],[11.5322,11.6592],[11.5334,11.6547],[11.5352,11.6496],[11.5438,11.6525],[11.5528,11.6578],[11.5571,11.6599],[11.5627,11.6636],[11.5706,11.6625],[11.5752,11.6596],[11.5816,11.6554],[11.5889,11.6535],[11.5963,11.6535],[11.6014,11.6527],[11.5998,11.6448],[11.5928,11.6357],[11.5813,11.6193],[11.5766,11.6176],[11.5698,11.6156],[11.5651,11.6131],[11.5593,11.6092],[11.5545,11.6094],[11.5493,11.6104],[11.5441,11.6119],[11.5393,11.6131],[11.5327,11.6136],[11.527,11.611],[11.5215,11.6087],[11.5173,11.6078],[11.5121,11.6105],[11.5113,11.6173],[11.512,11.6231],[11.5125,11.6282],[11.5127,11.6346],[11.5114,11.6448],[11.5089,11.6534],[11.5065,11.6587],[11.5004,11.6609],[11.4948,11.6617],[11.491,11.6674],[11.4931,11.6725],[11.4961,11.6768],[11.4866,11.6794],[11.4794,11.6799],[11.4728,11.68],[11.4677,11.6799],[11.4637,11.6803],[11.458,11.6819],[11.4515,11.6839],[11.4372,11.6874],[11.4312,11.6891],[11.4254,11.6899],[11.4193,11.6904],[11.4142,11.6913],[11.4078,11.6929],[11.4131,11.6992],[11.4198,11.702],[11.4264,11.7041],[11.4327,11.7068],[11.4454,11.7119],[11.4518,11.7144],[11.4573,11.717],[11.462,11.7199],[11.4665,11.7224],[11.4749,11.7242],[11.5013,11.7263],[11.5079,11.7266],[11.5176,11.7276],[11.5219,11.7267],[11.5271,11.7219],[11.529,11.7172],[11.5424,11.7155]]]}},{"type":"Feature","properties":{"name":"Dusuwa","designation":"Forest Reserve","iucn":"Not Reported","areaKm2":0.0,"status":"Designated","year":0},"geometry":{"type":"Polygon","coordinates":[[[11.7485,11.9433],[11.7447,11.9368],[11.7384,11.934],[11.7314,11.9311],[11.7254,11.9288],[11.7199,11.926],[11.7154,11.9246],[11.7104,11.9225],[11.7061,11.9203],[11.7011,11.9184],[11.6956,11.9199],[11.6897,11.9172],[11.6848,11.9189],[11.6772,11.9216],[11.6687,11.9221],[11.667,11.9268],[11.6723,11.9384],[11.6772,11.9427],[11.6851,11.9445],[11.6906,11.9438],[11.6956,11.9428],[11.7011,11.9422],[11.7068,11.9419],[11.7111,11.9423],[11.7172,11.9445],[11.7227,11.9499],[11.7257,11.9566],[11.7287,11.9618],[11.7336,11.964],[11.7401,11.9601],[11.7452,11.9547],[11.7477,11.9482],[11.7485,11.9433]]]}},{"type":"Feature","properties":{"name":"Gundulwa","designation":"Forest Reserve","iucn":"Not Reported","areaKm2":0.0,"status":"Designated","year":0},"geometry":{"type":"Polygon","coordinates":[[[11.9338,11.6203],[11.9262,11.6185],[11.9196,11.6196],[11.9177,11.6037],[11.9158,11.591],[11.9093,11.5906],[11.9033,11.5968],[11.9011,11.6094],[11.9014,11.6194],[11.9038,11.6285],[11.9062,11.6336],[11.907,11.6423],[11.9056,11.653],[11.9051,11.6591],[11.9128,11.6611],[11.9204,11.664],[11.9283,11.6665],[11.9376,11.6671],[11.9422,11.6639],[11.9477,11.6554],[11.9499,11.6505],[11.9475,11.6403],[11.9465,11.6348],[11.9448,11.6303],[11.9414,11.6258],[11.937,11.6218],[11.9338,11.6203]]]}},{"type":"Feature","properties":{"name":"Wagur","designation":"Forest Reserve","iucn":"Not Reported","areaKm2":0.0,"status":"Designated","year":0},"geometry":{"type":"Polygon","coordinates":[[[11.6865,11.4694],[11.692,11.4688],[11.7086,11.4685],[11.713,11.4657],[11.7144,11.4582],[11.7143,11.4524],[11.7135,11.4475],[11.7135,11.4427],[11.7145,11.4381],[11.7182,11.4279],[11.7207,11.4217],[11.73,11.409],[11.7343,11.4044],[11.7459,11.3908],[11.7503,11.3861],[11.7552,11.3865],[11.7645,11.3932],[11.7689,11.3956],[11.7728,11.3864],[11.7731,11.3801],[11.7731,11.3743],[11.7723,11.3676],[11.7717,11.3608],[11.7712,11.3565],[11.7697,11.3523],[11.7667,11.3472],[11.7656,11.3426],[11.7631,11.3365],[11.7575,11.3351],[11.7491,11.3341],[11.7417,11.3328],[11.7342,11.331],[11.7255,11.3298],[11.7182,11.3283],[11.7098,11.3274],[11.7011,11.3277],[11.6859,11.3277],[11.6814,11.3273],[11.676,11.3277],[11.6735,11.3338],[11.6723,11.3397],[11.6717,11.3461],[11.6712,11.3567],[11.6707,11.3612],[11.6698,11.366],[11.6622,11.3737],[11.6552,11.3782],[11.6481,11.3828],[11.6336,11.3927],[11.6294,11.3963],[11.6242,11.399],[11.6196,11.401],[11.6126,11.4024],[11.6055,11.4031],[11.5988,11.4034],[11.5933,11.4041],[11.5883,11.4069],[11.5848,11.4117],[11.5807,11.4164],[11.5729,11.4221],[11.5677,11.4254],[11.5636,11.4276],[11.5533,11.4401],[11.5505,11.447],[11.5501,11.4512],[11.5509,11.4572],[11.559,11.4593],[11.5668,11.459],[11.576,11.4589],[11.5851,11.4595],[11.5933,11.4602],[11.6005,11.4612],[11.6148,11.4629],[11.629,11.4661],[11.6366,11.4676],[11.6447,11.4685],[11.6567,11.4687],[11.664,11.4692],[11.6735,11.4693],[11.6795,11.4693],[11.6865,11.4694]]]}},{"type":"Feature","properties":{"name":"Gujba","designation":"Forest Reserve","iucn":"Not Reported","areaKm2":448.0,"status":"Designated","year":0},"geometry":{"type":"Polygon","coordinates":[[[11.9281,11.1493],[11.9218,11.1478],[11.9157,11.1478],[11.9107,11.1495],[11.9035,11.156],[11.9002,11.1606],[11.8975,11.1673],[11.8972,11.1736],[11.8963,11.181],[11.8958,11.1881],[11.8938,11.2067],[11.8933,11.213],[11.8923,11.2227],[11.8882,11.2289],[11.8793,11.2308],[11.8743,11.2328],[11.87,11.235],[11.8642,11.2423],[11.8616,11.2476],[11.8595,11.2533],[11.8583,11.2603],[11.861,11.2687],[11.8656,11.2751],[11.8689,11.2794],[11.8681,11.2844],[11.8635,11.2927],[11.8574,11.3067],[11.8552,11.3132],[11.8531,11.3232],[11.8517,11.3274],[11.8444,11.3379],[11.837,11.3522],[11.8325,11.3614],[11.8286,11.3681],[11.8277,11.3722],[11.8301,11.3785],[11.833,11.3851],[11.8399,11.3997],[11.8436,11.4068],[11.848,11.414],[11.8633,11.4336],[11.8678,11.4392],[11.877,11.4493],[11.8814,11.453],[11.8864,11.4564],[11.8969,11.4652],[11.9007,11.4692],[11.9111,11.4784],[11.9153,11.4832],[11.9201,11.4865],[11.9243,11.4823],[11.9267,11.4758],[11.9307,11.4682],[11.9339,11.4615],[11.9366,11.4574],[11.9409,11.454],[11.9462,11.4496],[11.9505,11.4457],[11.9542,11.4397],[11.9545,11.4351],[11.955,11.4285],[11.9555,11.4208],[11.9555,11.4119],[11.9592,11.3862],[11.9608,11.3781],[11.9623,11.37],[11.9644,11.3603],[11.9663,11.3531],[11.9706,11.3383],[11.9732,11.3322],[11.9771,11.3265],[11.9815,11.3209],[11.9845,11.3157],[11.9878,11.2991],[11.9885,11.2933],[11.9896,11.2884],[11.9914,11.2821],[11.9942,11.2702],[11.9956,11.2642],[11.9965,11.2597],[11.9984,11.2539],[11.9932,11.2383],[11.9909,11.231],[11.9851,11.2147],[11.9774,11.1922],[11.9743,11.1874],[11.9696,11.1819],[11.9648,11.177],[11.9601,11.1736],[11.9523,11.1685],[11.9482,11.1639],[11.9416,11.1586],[11.9354,11.1529],[11.9281,11.1493]]]}},{"type":"Feature","properties":{"name":"Jangasiri","designation":"Forest Reserve","iucn":"Not Reported","areaKm2":0.0,"status":"Designated","year":0},"geometry":{"type":"Polygon","coordinates":[[[11.2027,11.4555],[11.1978,11.4556],[11.1967,11.4612],[11.1985,11.469],[11.2034,11.4754],[11.211,11.4786],[11.2188,11.4804],[11.2247,11.4829],[11.233,11.4861],[11.2319,11.4801],[11.2297,11.4742],[11.2244,11.4715],[11.2199,11.4703],[11.2146,11.4656],[11.2103,11.4585],[11.2027,11.4555]]]}},{"type":"Feature","properties":{"name":"Gudi Hill","designation":"Forest Reserve","iucn":"Not Reported","areaKm2":0.0,"status":"Designated","year":0},"geometry":{"type":"Polygon","coordinates":[[[11.1469,11.4328],[11.132,11.4193],[11.1279,11.416],[11.1194,11.4154],[11.114,11.4156],[11.1095,11.4165],[11.1054,11.4175],[11.1013,11.4176],[11.0968,11.4176],[11.0924,11.4173],[11.0839,11.4189],[11.0752,11.4198],[11.067,11.4176],[11.0628,11.4196],[11.0649,11.4249],[11.0682,11.4312],[11.0708,11.4367],[11.0727,11.4411],[11.0772,11.4468],[11.0822,11.4482],[11.0895,11.45],[11.0956,11.4512],[11.1004,11.4518],[11.1062,11.4537],[11.1085,11.4584],[11.1121,11.4651],[11.1186,11.4757],[11.1241,11.4873],[11.1266,11.4935],[11.1289,11.4992],[11.1312,11.5038],[11.1367,11.5112],[11.1405,11.5156],[11.145,11.5172],[11.1495,11.5187],[11.1545,11.5192],[11.1578,11.5123],[11.1687,11.5073],[11.1732,11.5058],[11.1782,11.5004],[11.1783,11.4964],[11.1769,11.4909],[11.1741,11.4851],[11.1705,11.4787],[11.1674,11.4724],[11.1649,11.466],[11.1627,11.4589],[11.1612,11.4537],[11.1603,11.4454],[11.1557,11.4395],[11.1513,11.4357],[11.1469,11.4328]]]}},{"type":"Feature","properties":{"name":"Malechana","designation":"Forest Reserve","iucn":"Not Reported","areaKm2":0.0,"status":"Designated","year":0},"geometry":{"type":"Polygon","coordinates":[[[11.0455,11.3699],[11.0585,11.3607],[11.0633,11.3583],[11.0704,11.3527],[11.0748,11.348],[11.0804,11.3407],[11.0823,11.3365],[11.084,11.3301],[11.0681,11.3294],[11.05,11.3326],[11.0354,11.3361],[11.0254,11.3397],[11.0207,11.3418],[11.0179,11.3473],[11.0061,11.3523],[11.002,11.3534],[10.9977,11.3558],[10.9924,11.3601],[10.9822,11.3631],[10.9774,11.3626],[10.9731,11.3653],[10.9726,11.3727],[10.9805,11.3768],[10.9887,11.3832],[10.9946,11.3882],[10.9992,11.3909],[11.0047,11.3905],[11.0092,11.3883],[11.0156,11.3843],[11.0219,11.3806],[11.0273,11.3771],[11.0315,11.3751],[11.0381,11.3726],[11.0455,11.3699]]]}},{"type":"Feature","properties":{"name":"Auya","designation":"Forest Reserve","iucn":"Not Reported","areaKm2":0.0,"status":"Designated","year":0},"geometry":{"type":"Polygon","coordinates":[[[10.8051,11.1898],[10.8116,11.1752],[10.8249,11.1777],[10.8396,11.1807],[10.8466,11.1826],[10.8519,11.1742],[10.8531,11.1692],[10.8543,11.1494],[10.8542,11.1355],[10.8547,11.1244],[10.8438,11.1145],[10.8285,11.1047],[10.8104,11.0944],[10.7939,11.0854],[10.7749,11.0782],[10.7571,11.0711],[10.7474,11.0676],[10.7411,11.0652],[10.7401,11.0797],[10.7337,11.0846],[10.7271,11.0941],[10.721,11.1026],[10.7037,11.1121],[10.6885,11.1193],[10.6764,11.1243],[10.6699,11.1273],[10.6644,11.1266],[10.659,11.1261],[10.6478,11.1386],[10.6389,11.1537],[10.6312,11.1661],[10.6281,11.175],[10.6193,11.1835],[10.6239,11.1958],[10.6322,11.2048],[10.6426,11.2052],[10.6503,11.2058],[10.6536,11.2153],[10.6582,11.2295],[10.6648,11.2449],[10.6691,11.257],[10.6761,11.2711],[10.6825,11.2846],[10.686,11.2907],[10.6938,11.3004],[10.7011,11.3086],[10.7091,11.3007],[10.719,11.2896],[10.728,11.2777],[10.7377,11.2654],[10.7444,11.2603],[10.7506,11.2561],[10.757,11.2526],[10.7636,11.2488],[10.7762,11.2418],[10.7819,11.2384],[10.7939,11.219],[10.7997,11.2049],[10.8051,11.1898]]]}},{"type":"Feature","properties":{"name":"Bagau","designation":"Forest Reserve","iucn":"Not Reported","areaKm2":0.0,"status":"Designated","year":0},"geometry":{"type":"Polygon","coordinates":[[[10.5461,11.4268],[10.5404,11.4235],[10.5354,11.4204],[10.5297,11.4205],[10.5231,11.4247],[10.518,11.4259],[10.5136,11.4244],[10.5094,11.4258],[10.5132,11.4309],[10.5204,11.432],[10.5252,11.4337],[10.5301,11.4366],[10.5351,11.439],[10.54,11.4408],[10.5448,11.4429],[10.5522,11.4485],[10.5525,11.4402],[10.5522,11.4356],[10.5473,11.4295],[10.5461,11.4268]]]}},{"type":"Feature","properties":{"name":"Nafada","designation":"Forest Reserve","iucn":"Not Reported","areaKm2":0.0,"status":"Designated","year":0},"geometry":{"type":"Polygon","coordinates":[[[11.3096,11.1858],[11.3163,11.1805],[11.3207,11.1783],[11.325,11.1709],[11.3263,11.1659],[11.3316,11.163],[11.3361,11.1583],[11.3404,11.151],[11.3436,11.1446],[11.3477,11.1421],[11.3524,11.1361],[11.3518,11.1317],[11.3469,11.1295],[11.3425,11.129],[11.334,11.128],[11.3297,11.1296],[11.3223,11.1311],[11.3159,11.1275],[11.311,11.1293],[11.3066,11.1311],[11.2916,11.1297],[11.2849,11.1318],[11.2814,11.1383],[11.2818,11.1446],[11.277,11.1499],[11.2715,11.1511],[11.267,11.1573],[11.2676,11.1634],[11.2747,11.1691],[11.2796,11.1729],[11.2853,11.1752],[11.2864,11.1798],[11.2913,11.1839],[11.298,11.1842],[11.3039,11.1872],[11.3081,11.1873],[11.3096,11.1858]]]}},{"type":"Feature","properties":{"name":"Dadingel","designation":"Forest Reserve","iucn":"Not Reported","areaKm2":0.0,"status":"Designated","year":0},"geometry":{"type":"Polygon","coordinates":[[[12.1744,11.521],[12.1699,11.5206],[12.1647,11.5206],[12.159,11.5213],[12.1532,11.5222],[12.1484,11.5237],[12.1439,11.5259],[12.1398,11.5283],[12.1329,11.5322],[12.1291,11.5377],[12.1285,11.5427],[12.1327,11.5469],[12.1404,11.5492],[12.1455,11.5486],[12.1507,11.5474],[12.155,11.5465],[12.1628,11.5425],[12.1682,11.5385],[12.1726,11.5345],[12.177,11.5309],[12.1816,11.5265],[12.1815,11.5223],[12.1744,11.521]]]}},{"type":"Feature","properties":{"name":"Ajigin","designation":"Forest Reserve","iucn":"Not Reported","areaKm2":0.0,"status":"Designated","year":0},"geometry":{"type":"Polygon","coordinates":[[[12.2913,11.3573],[12.2917,11.3519],[12.2918,11.3459],[12.2914,11.3411],[12.2913,11.3371],[12.2871,11.3292],[12.2838,11.3243],[12.2779,11.3141],[12.2753,11.3088],[12.2729,11.3046],[12.2668,11.3002],[12.2556,11.2982],[12.2515,11.2978],[12.2518,11.2905],[12.2438,11.2898],[12.2349,11.2877],[12.2271,11.2862],[12.2154,11.2852],[12.2102,11.288],[12.2053,11.2979],[12.1942,11.3065],[12.1894,11.3074],[12.1811,11.3082],[12.1755,11.3087],[12.179,11.3173],[12.1846,11.3293],[12.1877,11.3346],[12.1911,11.3392],[12.1948,11.3447],[12.1981,11.3492],[12.2024,11.3533],[12.2093,11.359],[12.2137,11.361],[12.2214,11.3564],[12.2278,11.353],[12.232,11.3539],[12.2385,11.3556],[12.2439,11.3567],[12.2546,11.3595],[12.2588,11.3598],[12.261,11.3681],[12.2624,11.3729],[12.2714,11.3695],[12.2781,11.3671],[12.2842,11.3638],[12.2903,11.3596],[12.2913,11.3573]]]}},{"type":"Feature","properties":{"name":"Benisheikh","designation":"Forest Reserve","iucn":"Not Reported","areaKm2":0.0,"status":"Designated","year":0},"geometry":{"type":"Polygon","coordinates":[[[12.5408,11.8766],[12.5481,11.876],[12.5545,11.8789],[12.5599,11.8786],[12.5618,11.8696],[12.5655,11.8631],[12.5696,11.8591],[12.5679,11.8535],[12.5733,11.846],[12.5848,11.8436],[12.5892,11.8449],[12.5959,11.8448],[12.6015,11.8446],[12.6099,11.8438],[12.6101,11.8367],[12.606,11.8344],[12.5979,11.8344],[12.5888,11.8325],[12.582,11.8309],[12.5753,11.8291],[12.5668,11.8264],[12.5514,11.8224],[12.5388,11.821],[12.5277,11.8187],[12.5224,11.8184],[12.5162,11.8184],[12.5087,11.8188],[12.5071,11.826],[12.5056,11.8324],[12.5067,11.8365],[12.5088,11.8412],[12.5132,11.847],[12.5216,11.8496],[12.5166,11.8589],[12.5228,11.8698],[12.5296,11.8769],[12.5347,11.8799],[12.5408,11.8766]]]}},{"type":"Feature","properties":{"name":"Marguba","designation":"Forest Reserve","iucn":"Not Reported","areaKm2":0.0,"status":"Designated","year":0},"geometry":{"type":"Polygon","coordinates":[[[12.7429,11.6451],[12.7501,11.6324],[12.7564,11.6354],[12.7676,11.6193],[12.7783,11.599],[12.7843,11.589],[12.7872,11.5834],[12.7936,11.5699],[12.7792,11.5592],[12.7803,11.5548],[12.7805,11.5499],[12.7855,11.5343],[12.8104,11.5372],[12.8028,11.5187],[12.8066,11.4965],[12.8061,11.4617],[12.8064,11.4547],[12.8043,11.4488],[12.7978,11.4466],[12.7926,11.4473],[12.7826,11.4503],[12.7758,11.4498],[12.7693,11.4469],[12.7646,11.4471],[12.7597,11.4488],[12.7535,11.4495],[12.7469,11.4492],[12.7421,11.4496],[12.7371,11.4496],[12.7227,11.4476],[12.7163,11.447],[12.7101,11.4466],[12.7044,11.4449],[12.6976,11.4419],[12.6921,11.4394],[12.6876,11.4376],[12.6724,11.4218],[12.6686,11.4174],[12.6652,11.4133],[12.6606,11.4094],[12.6547,11.4124],[12.6441,11.4185],[12.6392,11.4228],[12.6332,11.4295],[12.6306,11.4353],[12.6243,11.4431],[12.62,11.4475],[12.6151,11.452],[12.6089,11.4581],[12.6041,11.4629],[12.6052,11.4685],[12.6078,11.4734],[12.6118,11.4801],[12.6201,11.4949],[12.6236,11.5012],[12.6271,11.5077],[12.6343,11.5204],[12.6291,11.5308],[12.6261,11.5379],[12.6267,11.5427],[12.6362,11.5516],[12.6447,11.558],[12.6524,11.565],[12.6581,11.576],[12.6609,11.5821],[12.6634,11.5897],[12.6702,11.5965],[12.6861,11.6082],[12.7034,11.6201],[12.7182,11.6308],[12.7252,11.6326],[12.7345,11.6396],[12.7389,11.6427],[12.7429,11.6451]]]}},{"type":"Feature","properties":{"name":"Auno","designation":"Forest Reserve","iucn":"Not Reported","areaKm2":0.0,"status":"Designated","year":0},"geometry":{"type":"Polygon","coordinates":[[[12.9175,11.8954],[12.91,11.8965],[12.8924,11.8972],[12.8926,11.9092],[12.8944,11.9135],[12.9001,11.9176],[12.9069,11.9195],[12.9106,11.9239],[12.9058,11.9278],[12.9033,11.9341],[12.9041,11.9392],[12.9057,11.9457],[12.9129,11.9513],[12.9106,11.9558],[12.9064,11.9546],[12.9034,11.9589],[12.9046,11.9642],[12.9058,11.9685],[12.9132,11.9737],[12.9195,11.9744],[12.9253,11.9745],[12.9318,11.9885],[12.934,11.9935],[12.938,11.9975],[12.949,11.9978],[12.9585,11.9971],[12.966,11.9941],[12.9709,11.9898],[12.9618,11.979],[12.9534,11.9678],[12.9485,11.9637],[12.9423,11.9652],[12.9364,11.9678],[12.9359,11.9616],[12.9352,11.9569],[12.9307,11.9538],[12.9277,11.9491],[12.937,11.9428],[12.9418,11.9401],[12.934,11.9273],[12.928,11.9176],[12.9237,11.9075],[12.9192,11.8993],[12.9175,11.8954]]]}},{"type":"Feature","properties":{"name":"Kesewa","designation":"Forest Reserve","iucn":"Not Reported","areaKm2":0.0,"status":"Designated","year":0},"geometry":{"type":"Polygon","coordinates":[[[12.9175,11.8954],[12.9314,11.8927],[12.9369,11.8913],[12.9533,11.8864],[12.9578,11.8856],[12.9515,11.8786],[12.9466,11.8719],[12.9439,11.867],[12.9407,11.8624],[12.9381,11.8583],[12.9328,11.8554],[12.9273,11.8499],[12.9231,11.8503],[12.9167,11.8506],[12.9097,11.8533],[12.9022,11.8531],[12.8968,11.8523],[12.8893,11.8529],[12.8832,11.8533],[12.8821,11.8574],[12.8813,11.8624],[12.8793,11.8675],[12.8761,11.8765],[12.8711,11.8865],[12.8686,11.8908],[12.8665,11.8951],[12.8813,11.8942],[12.8862,11.8947],[12.8924,11.8972],[12.91,11.8965],[12.9175,11.8954]]]}},{"type":"Feature","properties":{"name":"Jaori","designation":"Forest Reserve","iucn":"Not Reported","areaKm2":0.0,"status":"Designated","year":0},"geometry":{"type":"Polygon","coordinates":[[[12.9998,11.8495],[13.0049,11.8485],[13.0146,11.8489],[13.0201,11.8472],[13.0221,11.8422],[13.0245,11.8341],[13.0248,11.8295],[13.0247,11.8254],[13.0247,11.8195],[13.013,11.8146],[13.0034,11.813],[12.9989,11.812],[12.9996,11.8046],[13.0009,11.7976],[13.0113,11.8007],[13.0177,11.8035],[13.0232,11.8036],[13.024,11.7911],[13.0237,11.7819],[13.0237,11.7738],[13.0229,11.7672],[13.0228,11.7593],[13.0231,11.7539],[13.0231,11.7492],[13.0061,11.7504],[12.9796,11.7498],[12.9716,11.7498],[12.9539,11.751],[12.9497,11.7509],[12.9452,11.7542],[12.9445,11.7629],[12.9448,11.7683],[12.9463,11.7745],[12.9478,11.7802],[12.9519,11.7867],[12.9682,11.7869],[12.9814,11.7879],[12.9889,11.7887],[12.9875,11.8059],[12.9758,11.8032],[12.9692,11.8021],[12.9646,11.8023],[12.9598,11.8163],[12.9591,11.8236],[12.959,11.8318],[12.9597,11.8384],[12.9606,11.8438],[12.9691,11.8487],[12.9791,11.8501],[12.9874,11.8511],[12.9939,11.8505],[12.9998,11.8495]]]}},{"type":"Feature","properties":{"name":"Yasku","designation":"Forest Reserve","iucn":"Not Reported","areaKm2":0.0,"status":"Designated","year":0},"geometry":{"type":"Polygon","coordinates":[[[12.9254,11.6689],[12.9262,11.663],[12.9391,11.6523],[12.9473,11.6449],[12.9617,11.6356],[12.9661,11.6341],[12.9704,11.6324],[12.9715,11.6172],[12.9729,11.6015],[12.9739,11.5815],[12.9493,11.578],[12.929,11.5773],[12.9207,11.5768],[12.9108,11.5922],[12.904,11.6063],[12.8991,11.6148],[12.8922,11.6186],[12.8891,11.6278],[12.8865,11.635],[12.8979,11.6324],[12.9002,11.6432],[12.9019,11.6485],[12.9024,11.6535],[12.8938,11.6559],[12.8851,11.6613],[12.8761,11.662],[12.8714,11.6665],[12.8726,11.6744],[12.8764,11.6851],[12.879,11.692],[12.8979,11.694],[12.9122,11.6947],[12.9225,11.6953],[12.9238,11.6827],[12.9254,11.6689]]]}},{"type":"Feature","properties":{"name":"Femari","designation":"Forest Reserve","iucn":"Not Reported","areaKm2":0.0,"status":"Designated","year":0},"geometry":{"type":"Polygon","coordinates":[[[13.1737,11.9496],[13.1724,11.9438],[13.1652,11.9436],[13.1603,11.9448],[13.155,11.9455],[13.1501,11.9455],[13.144,11.9458],[13.132,11.9459],[13.1263,11.9462],[13.1214,11.9461],[13.1165,11.9464],[13.1107,11.946],[13.1114,11.9552],[13.1268,11.9628],[13.1362,11.9647],[13.1424,11.9663],[13.1431,11.9722],[13.1453,11.9782],[13.1507,11.9751],[13.1522,11.9699],[13.1674,11.9611],[13.1749,11.9565],[13.1737,11.9496]]]}},{"type":"Feature","properties":{"name":"Limanti","designation":"Forest Reserve","iucn":"Not Reported","areaKm2":0.0,"status":"Designated","year":0},"geometry":{"type":"Polygon","coordinates":[[[13.4926,11.9349],[13.488,11.9283],[13.4862,11.9174],[13.4846,11.9121],[13.4753,11.9085],[13.4675,11.9081],[13.4629,11.9074],[13.4611,11.9013],[13.4566,11.8984],[13.4513,11.8993],[13.445,11.9],[13.4407,11.9029],[13.4373,11.8965],[13.4366,11.8896],[13.4344,11.8837],[13.4246,11.8795],[13.4175,11.8786],[13.4126,11.88],[13.4065,11.8815],[13.3971,11.8843],[13.3911,11.885],[13.3852,11.886],[13.37,11.8871],[13.3641,11.8877],[13.3565,11.8888],[13.3393,11.8918],[13.3352,11.892],[13.3284,11.8924],[13.3322,11.8992],[13.3369,11.903],[13.342,11.9066],[13.3496,11.9085],[13.3585,11.9083],[13.3654,11.9098],[13.3692,11.9139],[13.3707,11.919],[13.3648,11.9215],[13.3603,11.9217],[13.3655,11.9286],[13.3716,11.9348],[13.3787,11.9364],[13.3855,11.9367],[13.3928,11.9377],[13.3997,11.9384],[13.4051,11.9386],[13.4166,11.9399],[13.4215,11.9376],[13.4266,11.9344],[13.4376,11.9394],[13.4511,11.9446],[13.4554,11.946],[13.4602,11.9488],[13.466,11.9613],[13.4679,11.966],[13.4701,11.9701],[13.4773,11.9758],[13.4852,11.9777],[13.4913,11.972],[13.4948,11.965],[13.4954,11.9608],[13.495,11.9559],[13.4952,11.9513],[13.4955,11.9463],[13.4945,11.9391],[13.4926,11.9349]]]}},{"type":"Feature","properties":{"name":"Fuchi","designation":"Forest Reserve","iucn":"Not Reported","areaKm2":0.0,"status":"Designated","year":0},"geometry":{"type":"Polygon","coordinates":[[[13.565,11.8864],[13.5597,11.8817],[13.5587,11.8745],[13.5609,11.8595],[13.5644,11.8459],[13.5668,11.8318],[13.5695,11.8166],[13.5725,11.7971],[13.5601,11.7888],[13.5486,11.7831],[13.5398,11.7787],[13.5292,11.7749],[13.5236,11.7749],[13.5169,11.7744],[13.5187,11.7659],[13.5174,11.7612],[13.5112,11.7607],[13.5023,11.7625],[13.4972,11.765],[13.492,11.7693],[13.4866,11.7727],[13.4809,11.7755],[13.4762,11.7775],[13.465,11.7781],[13.4612,11.7886],[13.4557,11.7898],[13.4513,11.7929],[13.4547,11.7985],[13.4579,11.8031],[13.4638,11.8079],[13.4657,11.8131],[13.4605,11.8173],[13.452,11.8158],[13.4471,11.8144],[13.4407,11.8123],[13.4333,11.8104],[13.4292,11.8104],[13.4227,11.8146],[13.4146,11.8225],[13.4137,11.827],[13.413,11.8319],[13.4125,11.8373],[13.4127,11.8417],[13.4164,11.8475],[13.4211,11.8516],[13.4274,11.8576],[13.4316,11.8618],[13.4348,11.867],[13.4293,11.8714],[13.4303,11.877],[13.4344,11.8782],[13.4404,11.8784],[13.4442,11.873],[13.4484,11.8721],[13.4575,11.8737],[13.4626,11.8757],[13.4688,11.8822],[13.4736,11.8877],[13.4777,11.8888],[13.4847,11.8895],[13.4917,11.8855],[13.4965,11.8847],[13.5015,11.8841],[13.5068,11.8871],[13.5114,11.8909],[13.5235,11.8934],[13.5402,11.8983],[13.5539,11.9026],[13.5674,11.9057],[13.5845,11.9109],[13.5803,11.9029],[13.5753,11.8961],[13.565,11.8864]]]}},{"type":"Feature","properties":{"name":"Molai","designation":"Forest Reserve","iucn":"Not Reported","areaKm2":0.0,"status":"Designated","year":0},"geometry":{"type":"Polygon","coordinates":[[[13.0958,11.6904],[13.0918,11.6869],[13.0818,11.6913],[13.0704,11.6952],[13.0638,11.6985],[13.0649,11.7041],[13.0731,11.7129],[13.0774,11.7175],[13.0851,11.7237],[13.0917,11.7298],[13.0961,11.7347],[13.1019,11.7346],[13.106,11.7309],[13.1169,11.7187],[13.1128,11.7109],[13.1059,11.7031],[13.0993,11.6945],[13.0958,11.6904]]]}},{"type":"Feature","properties":{"name":"Lake Alo","designation":"Forest Reserve","iucn":"Not Reported","areaKm2":0.0,"status":"Designated","year":0},"geometry":{"type":"Polygon","coordinates":[[[13.2691,11.6858],[13.2744,11.6868],[13.2816,11.6933],[13.2863,11.6966],[13.292,11.6965],[13.3032,11.6827],[13.3076,11.6772],[13.3048,11.6684],[13.3007,11.6635],[13.2908,11.6734],[13.2855,11.6755],[13.2834,11.6695],[13.2869,11.6648],[13.2922,11.6584],[13.2937,11.6538],[13.2913,11.6478],[13.2924,11.6403],[13.2944,11.6361],[13.2972,11.6295],[13.2998,11.6245],[13.2987,11.6193],[13.2873,11.6217],[13.2804,11.6229],[13.2754,11.6258],[13.2757,11.6302],[13.2769,11.6363],[13.2771,11.6404],[13.2754,11.6454],[13.2694,11.6521],[13.2707,11.6601],[13.2665,11.6677],[13.2613,11.6719],[13.257,11.6756],[13.2507,11.6817],[13.2454,11.683],[13.2413,11.6819],[13.2339,11.6955],[13.2324,11.7017],[13.2289,11.7065],[13.2273,11.712],[13.2342,11.7141],[13.2387,11.7142],[13.2459,11.7088],[13.2521,11.7048],[13.2536,11.7007],[13.2568,11.6959],[13.2672,11.6869],[13.2691,11.6858]]]}},{"type":"Feature","properties":{"name":"Konduga","designation":"Forest Reserve","iucn":"Not Reported","areaKm2":0.0,"status":"Designated","year":0},"geometry":{"type":"Polygon","coordinates":[[[13.5712,11.6906],[13.5765,11.6849],[13.5804,11.6805],[13.583,11.6742],[13.583,11.6694],[13.5835,11.6645],[13.5851,11.6593],[13.5891,11.6509],[13.5901,11.6444],[13.5796,11.6426],[13.562,11.6358],[13.556,11.6341],[13.5418,11.6434],[13.5345,11.6481],[13.5289,11.6514],[13.5242,11.6553],[13.5139,11.6546],[13.5072,11.6507],[13.5002,11.6475],[13.4932,11.6441],[13.4878,11.6488],[13.4822,11.6557],[13.4744,11.6616],[13.4699,11.6642],[13.4655,11.6689],[13.4663,11.6736],[13.472,11.6758],[13.4787,11.6762],[13.4825,11.6805],[13.4853,11.6855],[13.49,11.6871],[13.4973,11.687],[13.5109,11.6869],[13.5192,11.687],[13.5263,11.6882],[13.5328,11.6891],[13.5372,11.69],[13.5415,11.6922],[13.5477,11.6976],[13.5543,11.7016],[13.5606,11.7032],[13.5648,11.697],[13.5712,11.6906]]]}},{"type":"Feature","properties":{"name":"Gombole","designation":"Forest Reserve","iucn":"Not Reported","areaKm2":0.0,"status":"Designated","year":0},"geometry":{"type":"Polygon","coordinates":[[[13.3932,11.5517],[13.3934,11.5464],[13.3983,11.5469],[13.4049,11.5471],[13.4085,11.5552],[13.4114,11.5707],[13.4153,11.5871],[13.4262,11.5851],[13.4366,11.5931],[13.4408,11.5985],[13.4447,11.5942],[13.4522,11.5881],[13.4581,11.577],[13.4591,11.5721],[13.4637,11.567],[13.4644,11.5608],[13.4641,11.5562],[13.4597,11.5526],[13.4518,11.544],[13.4438,11.5315],[13.4369,11.5287],[13.4278,11.5236],[13.4207,11.5205],[13.413,11.5174],[13.4064,11.5138],[13.4011,11.5111],[13.3908,11.4984],[13.3808,11.4906],[13.3767,11.4871],[13.3679,11.4798],[13.3622,11.4768],[13.3566,11.4744],[13.3456,11.4701],[13.3404,11.4672],[13.3352,11.4635],[13.3301,11.4589],[13.3247,11.4543],[13.3196,11.4502],[13.3151,11.4462],[13.3111,11.442],[13.307,11.4382],[13.3012,11.4337],[13.2924,11.4256],[13.2865,11.4229],[13.2808,11.4242],[13.2743,11.4264],[13.2686,11.4287],[13.2632,11.4305],[13.2587,11.4323],[13.2526,11.4378],[13.2478,11.4447],[13.2464,11.4487],[13.2455,11.4535],[13.2447,11.4647],[13.2447,11.4701],[13.2439,11.4778],[13.2425,11.4833],[13.2415,11.4889],[13.2409,11.4959],[13.2408,11.5022],[13.2404,11.5072],[13.2391,11.5163],[13.2436,11.521],[13.2458,11.5253],[13.2466,11.5294],[13.2465,11.5343],[13.2445,11.5521],[13.2441,11.5612],[13.2524,11.5686],[13.2609,11.5763],[13.2675,11.5846],[13.2696,11.5888],[13.287,11.6049],[13.2957,11.6137],[13.3022,11.6167],[13.3148,11.6192],[13.3213,11.62],[13.3268,11.6201],[13.3336,11.6199],[13.3394,11.6194],[13.346,11.6187],[13.3509,11.6174],[13.3554,11.616],[13.3597,11.6144],[13.3642,11.6133],[13.369,11.6121],[13.3805,11.6101],[13.3868,11.605],[13.3904,11.5971],[13.3925,11.5901],[13.3922,11.5841],[13.3924,11.5788],[13.3924,11.5731],[13.3927,11.5596],[13.3932,11.5517]]]}},{"type":"Feature","properties":{"name":"Komala","designation":"Forest Reserve","iucn":"Not Reported","areaKm2":0.0,"status":"Designated","year":0},"geometry":{"type":"Polygon","coordinates":[[[12.9682,11.4783],[12.9789,11.4771],[12.9869,11.4773],[12.9939,11.4769],[12.9994,11.4755],[13.0038,11.4737],[13.0108,11.4666],[13.0135,11.4614],[13.0148,11.4567],[13.0157,11.4516],[13.0157,11.4469],[13.0148,11.4409],[13.0116,11.4265],[13.0102,11.4199],[13.0145,11.4117],[13.0188,11.406],[13.0245,11.3978],[13.033,11.3909],[13.0381,11.383],[13.0401,11.3773],[13.0421,11.3703],[13.0434,11.365],[13.0441,11.3604],[13.0444,11.354],[13.042,11.3493],[13.0365,11.3452],[13.0308,11.3445],[13.0218,11.3488],[13.0169,11.3524],[13.0118,11.3557],[13.0055,11.3601],[12.9995,11.364],[12.9949,11.3676],[12.9885,11.375],[12.981,11.3827],[12.9725,11.389],[12.9675,11.3932],[12.9627,11.397],[12.9586,11.4],[12.9523,11.3988],[12.9471,11.398],[12.9398,11.4009],[12.9344,11.4056],[12.9292,11.4098],[12.9278,11.4148],[12.9316,11.4197],[12.9384,11.4281],[12.9432,11.4375],[12.9463,11.4428],[12.9497,11.4475],[12.9562,11.4544],[12.9583,11.4585],[12.9634,11.4693],[12.9655,11.4747],[12.9682,11.4783]]]}},{"type":"Feature","properties":{"name":"Yerwa","designation":"Forest Reserve","iucn":"Not Reported","areaKm2":0.0,"status":"Designated","year":0},"geometry":{"type":"Polygon","coordinates":[[[12.9998,11.3413],[13.0041,11.341],[13.0172,11.342],[13.0222,11.3417],[13.0325,11.3312],[13.0376,11.3246],[13.0434,11.3157],[13.0465,11.3098],[13.0492,11.3053],[13.0531,11.3001],[13.0537,11.2935],[13.0514,11.2879],[13.0427,11.2826],[13.0379,11.2788],[13.025,11.2756],[13.0201,11.2733],[13.0147,11.2704],[13.0091,11.266],[12.9983,11.2614],[12.9854,11.2582],[12.9789,11.257],[12.9579,11.2526],[12.947,11.2495],[12.9413,11.2539],[12.9393,11.2593],[12.9373,11.2638],[12.9305,11.2717],[12.9257,11.2756],[12.9171,11.2804],[12.9073,11.2857],[12.901,11.2895],[12.8994,11.2947],[12.9039,11.3001],[12.9142,11.3057],[12.9198,11.3085],[12.9263,11.3124],[12.9311,11.3164],[12.9344,11.3209],[12.9378,11.3286],[12.9383,11.335],[12.9379,11.3401],[12.9449,11.3426],[12.9546,11.3466],[12.9605,11.3492],[12.967,11.3517],[12.9724,11.3524],[12.9784,11.3529],[12.9832,11.3528],[12.9898,11.3475],[12.9967,11.3428],[12.9998,11.3413]]]}},{"type":"Feature","properties":{"name":"Sambisa","designation":"National Park","iucn":"Not Reported","areaKm2":1139.6,"status":"Proposed","year":0},"geometry":{"type":"Polygon","coordinates":[[[13.4176,11.3297],[13.4448,11.3291],[13.4742,11.3293],[13.4996,11.3289],[13.514,11.3286],[13.5254,11.3285],[13.5083,11.2963],[13.5044,11.2886],[13.502,11.2835],[13.5094,11.2782],[13.5144,11.2754],[13.5134,11.2635],[13.509,11.2537],[13.5075,11.2495],[13.5062,11.242],[13.5055,11.2372],[13.5003,11.2332],[13.4928,11.2324],[13.4882,11.2319],[13.4813,11.2293],[13.471,11.2258],[13.4636,11.2236],[13.4565,11.2283],[13.4455,11.2288],[13.4255,11.2272],[13.4064,11.2252],[13.3826,11.2222],[13.3776,11.2226],[13.3776,11.2306],[13.3784,11.2372],[13.3785,11.2465],[13.3768,11.2666],[13.3761,11.2841],[13.3758,11.3064],[13.3757,11.3256],[13.3865,11.3286],[13.4176,11.3297]]]}},{"type":"Feature","properties":{"name":"Damboa","designation":"Forest Reserve","iucn":"Not Reported","areaKm2":0.0,"status":"Designated","year":0},"geometry":{"type":"Polygon","coordinates":[[[12.8542,11.1064],[12.8499,11.1052],[12.8443,11.1057],[12.8429,11.0985],[12.8411,11.0943],[12.8361,11.0897],[12.8319,11.0869],[12.8311,11.0808],[12.8258,11.0709],[12.8196,11.0681],[12.8152,11.068],[12.8099,11.0685],[12.8039,11.0682],[12.7968,11.0663],[12.7903,11.0591],[12.7866,11.0535],[12.7816,11.0524],[12.7769,11.0535],[12.7709,11.0555],[12.7661,11.0571],[12.7552,11.0607],[12.7479,11.0642],[12.7441,11.0696],[12.7369,11.0848],[12.7464,11.0882],[12.7536,11.0912],[12.7581,11.0982],[12.7641,11.1146],[12.7666,11.1242],[12.7685,11.1303],[12.7683,11.1395],[12.7669,11.1447],[12.7736,11.1491],[12.7814,11.1525],[12.7858,11.1546],[12.7914,11.1571],[12.8039,11.1604],[12.8082,11.1615],[12.8146,11.1628],[12.822,11.1597],[12.8261,11.1556],[12.8321,11.1497],[12.8343,11.1445],[12.8447,11.1324],[12.8523,11.1255],[12.8569,11.1186],[12.8582,11.1127],[12.8562,11.1079],[12.8542,11.1064]]]}},{"type":"Feature","properties":{"name":"Mafa","designation":"Forest Reserve","iucn":"Not Reported","areaKm2":0.0,"status":"Designated","year":0},"geometry":{"type":"Polygon","coordinates":[[[13.5783,11.936],[13.572,11.9336],[13.5614,11.9242],[13.5513,11.9287],[13.5496,11.9355],[13.5464,11.9401],[13.5549,11.9476],[13.5655,11.9519],[13.5726,11.953],[13.5746,11.9445],[13.5763,11.94],[13.5783,11.936]]]}},{"type":"Feature","properties":{"name":"Bashari","designation":"Forest Reserve","iucn":"Not Reported","areaKm2":0.0,"status":"Designated","year":0},"geometry":{"type":"Polygon","coordinates":[[[13.7277,11.6456],[13.7275,11.6382],[13.7272,11.6339],[13.7204,11.6358],[13.7149,11.6405],[13.7088,11.641],[13.702,11.6386],[13.6938,11.6373],[13.6927,11.6422],[13.6922,11.6479],[13.6996,11.6565],[13.7057,11.6627],[13.7098,11.6666],[13.7193,11.6633],[13.7242,11.6605],[13.7296,11.6579],[13.7297,11.6531],[13.7277,11.6456]]]}},{"type":"Feature","properties":{"name":"Jenere","designation":"Forest Reserve","iucn":"Not Reported","areaKm2":0.0,"status":"Designated","year":0},"geometry":{"type":"Polygon","coordinates":[[[14.2423,11.4503],[14.2498,11.4529],[14.2716,11.4509],[14.269,11.4336],[14.2683,11.4295],[14.26,11.4256],[14.2517,11.4201],[14.2418,11.4115],[14.235,11.4159],[14.2309,11.4177],[14.2198,11.4175],[14.2153,11.4175],[14.2097,11.4315],[14.2095,11.4375],[14.2129,11.4442],[14.2143,11.4507],[14.216,11.4573],[14.2208,11.4653],[14.2239,11.4725],[14.2276,11.4775],[14.2371,11.4772],[14.2499,11.4763],[14.2574,11.4756],[14.255,11.4704],[14.2518,11.466],[14.2453,11.4599],[14.2411,11.4554],[14.2423,11.4503]]]}},{"type":"Feature","properties":{"name":"Mawarta","designation":"Forest Reserve","iucn":"Not Reported","areaKm2":0.0,"status":"Designated","year":0},"geometry":{"type":"Polygon","coordinates":[[[14.1584,11.7126],[14.1543,11.7107],[14.1411,11.7125],[14.1357,11.7125],[14.1315,11.7118],[14.1259,11.7103],[14.1218,11.7284],[14.1224,11.7349],[14.1264,11.7408],[14.1256,11.7477],[14.1233,11.7609],[14.1218,11.7726],[14.1205,11.7815],[14.1201,11.7869],[14.1228,11.7916],[14.1253,11.7964],[14.1266,11.8027],[14.1391,11.8113],[14.1515,11.8154],[14.1593,11.8184],[14.165,11.8204],[14.1671,11.8125],[14.1698,11.807],[14.177,11.8027],[14.1876,11.7966],[14.1966,11.7901],[14.2018,11.7851],[14.2022,11.7785],[14.2019,11.774],[14.2001,11.7676],[14.1941,11.7613],[14.1899,11.7553],[14.1868,11.7495],[14.1767,11.7414],[14.1721,11.7395],[14.1675,11.7378],[14.1608,11.7346],[14.1567,11.731],[14.1567,11.7267],[14.1585,11.7198],[14.1591,11.7149],[14.1584,11.7126]]]}},{"type":"Feature","properties":{"name":"Imbibnina","designation":"Forest Reserve","iucn":"Not Reported","areaKm2":0.0,"status":"Designated","year":0},"geometry":{"type":"Polygon","coordinates":[[[12.5624,10.9282],[12.5705,10.9274],[12.5748,10.9258],[12.5823,10.9221],[12.5868,10.9202],[12.5918,10.9225],[12.5947,10.9272],[12.5999,10.9249],[12.6069,10.9189],[12.6113,10.9225],[12.616,10.921],[12.6194,10.9158],[12.6205,10.9094],[12.62,10.8969],[12.6193,10.891],[12.6193,10.8869],[12.6192,10.8805],[12.6123,10.8764],[12.6059,10.8756],[12.5961,10.874],[12.5913,10.8719],[12.5908,10.8665],[12.5909,10.8624],[12.588,10.8571],[12.5835,10.8527],[12.579,10.8493],[12.5728,10.846],[12.5666,10.8474],[12.5614,10.8509],[12.5563,10.8513],[12.5504,10.8508],[12.5447,10.8499],[12.54,10.8486],[12.5346,10.8471],[12.5292,10.8417],[12.5241,10.8366],[12.5195,10.8351],[12.5164,10.8406],[12.5176,10.8481],[12.5193,10.8523],[12.5208,10.8579],[12.5214,10.8632],[12.5211,10.868],[12.5202,10.8754],[12.5205,10.8803],[12.5211,10.8854],[12.5219,10.8917],[12.5243,10.9032],[12.5242,10.912],[12.5237,10.9169],[12.5244,10.9234],[12.5285,10.9269],[12.5342,10.926],[12.5386,10.923],[12.5429,10.9236],[12.5477,10.9293],[12.5572,10.9309],[12.5624,10.9282]]]}},{"type":"Feature","properties":{"name":"Lemsikari","designation":"Forest Reserve","iucn":"Not Reported","areaKm2":0.0,"status":"Designated","year":0},"geometry":{"type":"Polygon","coordinates":[[[12.2364,10.67],[12.2416,10.661],[12.245,10.6544],[12.2387,10.6484],[12.2302,10.645],[12.2235,10.6438],[12.2088,10.6417],[12.2032,10.6412],[12.198,10.6414],[12.1949,10.6471],[12.197,10.6531],[12.1981,10.6606],[12.1993,10.6679],[12.2023,10.6721],[12.2094,10.6727],[12.2164,10.6724],[12.2227,10.6708],[12.2327,10.6747],[12.2364,10.67]]]}},{"type":"Feature","properties":{"name":"Marama Hill","designation":"Forest Reserve","iucn":"Not Reported","areaKm2":0.0,"status":"Designated","year":0},"geometry":{"type":"Polygon","coordinates":[[[12.1955,10.4336],[12.2,10.4344],[12.2058,10.4351],[12.2112,10.4323],[12.2138,10.4271],[12.2193,10.4248],[12.2234,10.4214],[12.2212,10.4133],[12.2189,10.4062],[12.2141,10.4037],[12.2086,10.4049],[12.2035,10.4079],[12.199,10.404],[12.2039,10.3971],[12.211,10.3893],[12.2134,10.3847],[12.2122,10.3801],[12.2008,10.3627],[12.1873,10.3606],[12.1797,10.3617],[12.1764,10.3557],[12.1761,10.3506],[12.171,10.3431],[12.167,10.338],[12.1613,10.337],[12.153,10.3415],[12.1462,10.3399],[12.1405,10.3372],[12.1345,10.341],[12.1295,10.3469],[12.1265,10.3519],[12.1258,10.3562],[12.1301,10.3554],[12.1347,10.3541],[12.1334,10.3616],[12.1339,10.3669],[12.1379,10.3723],[12.142,10.3787],[12.1466,10.3787],[12.1496,10.3712],[12.1538,10.368],[12.1589,10.3683],[12.1607,10.3744],[12.1615,10.3794],[12.1702,10.3925],[12.1779,10.4022],[12.1827,10.4092],[12.1864,10.4137],[12.1881,10.4203],[12.1857,10.427],[12.1855,10.4337],[12.1906,10.4373],[12.1947,10.4355],[12.1955,10.4336]]]}},{"type":"Feature","properties":{"name":"Lokwoja","designation":"Forest Reserve","iucn":"Not Reported","areaKm2":0.0,"status":"Designated","year":0},"geometry":{"type":"Polygon","coordinates":[[[12.2993,10.3715],[12.2865,10.3742],[12.2895,10.3805],[12.2914,10.3852],[12.2956,10.3862],[12.3003,10.3846],[12.301,10.3806],[12.2993,10.3745],[12.2993,10.3715]]]}},{"type":"Feature","properties":{"name":"Gardemna","designation":"Forest Reserve","iucn":"Not Reported","areaKm2":0.0,"status":"Designated","year":0},"geometry":{"type":"Polygon","coordinates":[[[12.5435,10.3099],[12.5403,10.3021],[12.534,10.2952],[12.5243,10.2938],[12.5189,10.2953],[12.5129,10.2966],[12.5062,10.2977],[12.4867,10.3022],[12.4806,10.3043],[12.4741,10.306],[12.4675,10.3072],[12.4544,10.309],[12.449,10.3086],[12.4447,10.315],[12.4457,10.3224],[12.4501,10.3353],[12.451,10.3402],[12.4605,10.3416],[12.4715,10.3435],[12.4808,10.3492],[12.4936,10.3574],[12.5043,10.3615],[12.513,10.3627],[12.5208,10.3634],[12.529,10.3652],[12.5332,10.3618],[12.5411,10.357],[12.5458,10.3556],[12.5527,10.3521],[12.5558,10.3471],[12.5551,10.343],[12.5507,10.3408],[12.5527,10.3357],[12.5539,10.3315],[12.5565,10.3234],[12.5589,10.3181],[12.5479,10.3127],[12.5435,10.3099]]]}},{"type":"Feature","properties":{"name":"Kogin Zur","designation":"Forest Reserve","iucn":"Not Reported","areaKm2":0.0,"status":"Designated","year":0},"geometry":{"type":"Polygon","coordinates":[[[12.4771,10.4024],[12.4726,10.4023],[12.4632,10.4038],[12.4571,10.4046],[12.4544,10.409],[12.4541,10.4136],[12.4524,10.4221],[12.4515,10.43],[12.453,10.437],[12.4546,10.4418],[12.461,10.4439],[12.4654,10.4429],[12.47,10.4418],[12.4753,10.438],[12.4793,10.4339],[12.4807,10.4272],[12.4831,10.4216],[12.4815,10.414],[12.4804,10.4092],[12.4791,10.4047],[12.4771,10.4024]]]}},{"type":"Feature","properties":{"name":"Ngohingulde","designation":"Forest Reserve","iucn":"Not Reported","areaKm2":0.0,"status":"Designated","year":0},"geometry":{"type":"Polygon","coordinates":[[[12.6896,10.6271],[12.6989,10.6113],[12.7024,10.6063],[12.707,10.6006],[12.7129,10.5945],[12.7162,10.5857],[12.7141,10.5814],[12.7051,10.5719],[12.7007,10.5675],[12.696,10.5636],[12.6889,10.5551],[12.6852,10.5498],[12.6761,10.536],[12.6713,10.5309],[12.6674,10.5263],[12.6633,10.5223],[12.6585,10.5174],[12.6537,10.513],[12.6549,10.5202],[12.6551,10.5285],[12.655,10.5362],[12.6577,10.5437],[12.6606,10.551],[12.6647,10.5602],[12.673,10.5802],[12.6766,10.591],[12.6821,10.6008],[12.6871,10.608],[12.6907,10.6139],[12.6825,10.6123],[12.6786,10.6051],[12.675,10.5978],[12.6721,10.5926],[12.6687,10.584],[12.6648,10.5792],[12.6605,10.5706],[12.6574,10.5631],[12.6558,10.5557],[12.6533,10.5468],[12.6507,10.5376],[12.648,10.526],[12.6463,10.5149],[12.6426,10.5057],[12.6402,10.5009],[12.6322,10.496],[12.6239,10.4939],[12.6188,10.4939],[12.6118,10.4871],[12.6055,10.4828],[12.5992,10.4813],[12.595,10.4849],[12.5901,10.4879],[12.5837,10.4887],[12.5827,10.4938],[12.5899,10.4941],[12.5941,10.4941],[12.5981,10.4946],[12.6023,10.4956],[12.6084,10.5011],[12.6127,10.5097],[12.6133,10.514],[12.6126,10.5191],[12.6112,10.524],[12.6086,10.5294],[12.606,10.5344],[12.5976,10.5453],[12.5914,10.5514],[12.5882,10.5582],[12.5879,10.5654],[12.5889,10.5698],[12.5938,10.5802],[12.5975,10.5886],[12.5993,10.5941],[12.6027,10.6067],[12.603,10.6108],[12.6026,10.6244],[12.603,10.6293],[12.606,10.6339],[12.6102,10.6375],[12.6203,10.6428],[12.6255,10.6451],[12.6296,10.6465],[12.6341,10.6474],[12.6387,10.6478],[12.6447,10.6467],[12.6506,10.6452],[12.6565,10.644],[12.6635,10.6428],[12.6698,10.6413],[12.6759,10.6396],[12.6805,10.6377],[12.6867,10.6323],[12.6896,10.6271]]]}},{"type":"Feature","properties":{"name":"Birniwa","designation":"Forest Reserve","iucn":"Not Reported","areaKm2":0.0,"status":"Designated","year":0},"geometry":{"type":"Polygon","coordinates":[[[13.0438,10.6183],[13.0496,10.6164],[13.0538,10.6118],[13.054,10.6069],[13.0513,10.6023],[13.0453,10.5986],[13.0387,10.5969],[13.0333,10.5967],[13.0292,10.5967],[13.0249,10.5977],[13.0202,10.5991],[13.0161,10.6066],[13.0176,10.6139],[13.0215,10.6179],[13.0256,10.6182],[13.0305,10.6179],[13.0438,10.6183]]]}},{"type":"Feature","properties":{"name":"Zangula River","designation":"Forest Reserve","iucn":"Not Reported","areaKm2":0.0,"status":"Designated","year":0},"geometry":{"type":"Polygon","coordinates":[[[12.7132,10.3748],[12.708,10.3752],[12.707,10.3796],[12.709,10.3837],[12.7157,10.3903],[12.7199,10.3935],[12.724,10.3956],[12.7283,10.397],[12.7347,10.3982],[12.7395,10.3967],[12.7428,10.3904],[12.7447,10.3853],[12.7412,10.3797],[12.7341,10.3766],[12.7295,10.3762],[12.7211,10.375],[12.7132,10.3748]]]}},{"type":"Feature","properties":{"name":"Kinging","designation":"Forest Reserve","iucn":"Not Reported","areaKm2":0.0,"status":"Designated","year":0},"geometry":{"type":"Polygon","coordinates":[[[12.7583,10.3724],[12.7538,10.3741],[12.7524,10.3816],[12.7514,10.3859],[12.7494,10.3929],[12.7486,10.3973],[12.7557,10.4007],[12.7614,10.4016],[12.7667,10.4024],[12.7712,10.4029],[12.7792,10.4024],[12.7846,10.3997],[12.7872,10.3954],[12.7847,10.3905],[12.7722,10.3798],[12.7641,10.3746],[12.7583,10.3724]]]}},{"type":"Feature","properties":{"name":"Maki","designation":"Forest Reserve","iucn":"Not Reported","areaKm2":0.0,"status":"Designated","year":0},"geometry":{"type":"Polygon","coordinates":[[[12.993,10.3768],[12.988,10.3762],[12.9835,10.3785],[12.9844,10.3843],[12.9896,10.3899],[12.9927,10.397],[12.9955,10.4028],[12.9987,10.4076],[13.0038,10.4107],[13.0111,10.414],[13.0177,10.4144],[13.0226,10.4128],[13.0259,10.4085],[13.0256,10.4022],[13.0231,10.3954],[13.0165,10.3918],[13.0096,10.3893],[12.9999,10.3814],[12.993,10.3768]]]}}]}