{"type":"FeatureCollection","meta":{"title":"Major roads (motorway + trunk)","source":"OpenStreetMap via Overpass","licence":"ODbL 1.0","retrieved":"2026-08-21","count":5211,"note":"Simplified with Douglas-Peucker at 0.002 deg (~200 m)."},"features":[{"type":"Feature","geometry":{"type":"LineString","coordinates":[[7.4952,9.0535],[7.4949,9.054]]},"properties":{"c":"t","r":""}},{"type":"Feature","geometry":{"type":"LineString","coordinates":[[7.2546,8.9565],[7.2554,8.9562]]},"properties":{"c":"m","r":""}},{"type":"Feature","geometry":{"type":"LineString","coordinates":[[7.2555,8.9564],[7.2547,8.9567]]},"properties":{"c":"m","r":""}},{"type":"Feature","geometry":{"type":"LineString","coordinates":[[7.2547,8.9567],[7.2391,8.9636]]},"properties":{"c":"m","r":""}},{"type":"Feature","geometry":{"type":"LineString","coordinates":[[7.2554,8.9562],[7.2683,8.9513]]},"properties":{"c":"m","r":""}},{"type":"Feature","geometry":{"type":"LineString","coordinates":[[7.2911,8.9437],[7.2741,8.9493]]},"properties":{"c":"m","r":""}},{"type":"Feature","geometry":{"type":"LineString","coordinates":[[7.291,8.9435],[7.2917,8.9433]]},"properties":{"c":"m","r":""}},{"type":"Feature","geometry":{"type":"LineString","coordinates":[[7.2918,8.9435],[7.2911,8.9437]]},"properties":{"c":"m","r":""}},{"type":"Feature","geometry":{"type":"LineString","coordinates":[[7.4173,9.008],[7.4179,9.0087]]},"properties":{"c":"m","r":""}},{"type":"Feature","geometry":{"type":"LineString","coordinates":[[7.4178,9.0089],[7.4171,9.0082]]},"properties":{"c":"m","r":""}},{"type":"Feature","geometry":{"type":"LineString","coordinates":[[7.3099,8.9394],[7.3218,8.9429],[7.3498,8.9656],[7.4005,8.9921],[7.4171,9.0078]]},"properties":{"c":"m","r":""}},{"type":"Feature","geometry":{"type":"LineString","coordinates":[[7.4171,9.0082],[7.3996,8.9918],[7.3563,8.9691]]},"properties":{"c":"m","r":""}},{"type":"Feature","geometry":{"type":"LineString","coordinates":[[7.3099,8.9396],[7.3094,8.9396]]},"properties":{"c":"m","r":""}},{"type":"Feature","geometry":{"type":"LineString","coordinates":[[7.3094,8.9394],[7.3099,8.9394]]},"properties":{"c":"m","r":""}},{"type":"Feature","geometry":{"type":"LineString","coordinates":[[7.3094,8.9396],[7.2918,8.9435]]},"properties":{"c":"m","r":""}},{"type":"Feature","geometry":{"type":"LineString","coordinates":[[7.2917,8.9433],[7.3094,8.9394]]},"properties":{"c":"m","r":""}},{"type":"Feature","geometry":{"type":"LineString","coordinates":[[7.4891,9.015],[7.4691,9.0288]]},"properties":{"c":"m","r":""}},{"type":"Feature","geometry":{"type":"LineString","coordinates":[[7.4565,9.0424],[7.4575,9.0427]]},"properties":{"c":"m","r":""}},{"type":"Feature","geometry":{"type":"LineString","coordinates":[[7.5247,9.0596],[7.5234,9.0731],[7.5111,9.0859],[7.5025,9.1011],[7.4675,9.117],[7.4048,9.1197]]},"properties":{"c":"m","r":"A234"}},{"type":"Feature","geometry":{"type":"LineString","coordinates":[[7.5255,9.0499],[7.5273,9.0504]]},"properties":{"c":"m","r":"A234"}},{"type":"Feature","geometry":{"type":"LineString","coordinates":[[7.5254,9.0501],[7.5197,9.05]]},"properties":{"c":"m","r":"A234"}},{"type":"Feature","geometry":{"type":"LineString","coordinates":[[7.5227,9.0545],[7.5168,9.0489]]},"properties":{"c":"t","r":""}},{"type":"Feature","geometry":{"type":"LineString","coordinates":[[7.5071,9.0393],[7.5029,9.0291]]},"properties":{"c":"m","r":""}},{"type":"Feature","geometry":{"type":"LineString","coordinates":[[3.353,6.5562],[3.3663,6.5584]]},"properties":{"c":"m","r":"F265"}},{"type":"Feature","geometry":{"type":"LineString","coordinates":[[3.4039,6.4585],[3.3997,6.4592]]},"properties":{"c":"m","r":"F264"}},{"type":"Feature","geometry":{"type":"LineString","coordinates":[[3.404,6.4401],[3.4069,6.4382]]},"properties":{"c":"t","r":"F263"}},{"type":"Feature","geometry":{"type":"LineString","coordinates":[[3.3638,6.4886],[3.3646,6.4862]]},"properties":{"c":"m","r":"A1"}},{"type":"Feature","geometry":{"type":"LineString","coordinates":[[3.9459,7.4018],[3.9547,7.3947],[3.9684,7.3938],[3.995,7.3815],[4.0094,7.3823]]},"properties":{"c":"t","r":"A122"}},{"type":"Feature","geometry":{"type":"LineString","coordinates":[[3.3688,6.5736],[3.3718,6.5779]]},"properties":{"c":"m","r":"A1"}},{"type":"Feature","geometry":{"type":"LineString","coordinates":[[3.3639,6.4886],[3.3635,6.4898]]},"properties":{"c":"m","r":"A1"}},{"type":"Feature","geometry":{"type":"LineString","coordinates":[[3.259,6.6908],[3.269,6.6818],[3.2724,6.6701],[3.2827,6.6634],[3.2898,6.6629],[3.2944,6.6558],[3.3036,6.6499]]},"properties":{"c":"t","r":"A5"}},{"type":"Feature","geometry":{"type":"LineString","coordinates":[[3.3997,6.4592],[3.3991,6.4595]]},"properties":{"c":"m","r":"F264"}},{"type":"Feature","geometry":{"type":"LineString","coordinates":[[3.408,6.4372],[3.4238,6.4382]]},"properties":{"c":"t","r":""}},{"type":"Feature","geometry":{"type":"LineString","coordinates":[[3.4041,6.4583],[3.4081,6.4557]]},"properties":{"c":"m","r":"F264"}},{"type":"Feature","geometry":{"type":"LineString","coordinates":[[2.712,6.381],[2.7602,6.3843],[2.8019,6.395],[2.8368,6.3947],[2.8488,6.401],[2.8623,6.4182]]},"properties":{"c":"t","r":"F100"}},{"type":"Feature","geometry":{"type":"LineString","coordinates":[[3.3826,6.46],[3.3755,6.4754],[3.3651,6.4854]]},"properties":{"c":"m","r":"A1-2"}},{"type":"Feature","geometry":{"type":"LineString","coordinates":[[3.3842,6.453],[3.3828,6.4581]]},"properties":{"c":"m","r":"A1-2"}},{"type":"Feature","geometry":{"type":"LineString","coordinates":[[3.3055,6.4602],[3.2738,6.4583]]},"properties":{"c":"m","r":"F100"}},{"type":"Feature","geometry":{"type":"LineString","coordinates":[[3.4274,6.4227],[3.424,6.4227]]},"properties":{"c":"t","r":"F263"}},{"type":"Feature","geometry":{"type":"LineString","coordinates":[[3.3675,6.5211],[3.3648,6.5155]]},"properties":{"c":"m","r":"A1"}},{"type":"Feature","geometry":{"type":"LineString","coordinates":[[3.4084,6.4529],[3.4027,6.4416]]},"properties":{"c":"m","r":"F264"}},{"type":"Feature","geometry":{"type":"LineString","coordinates":[[3.3528,6.5562],[3.3511,6.5555]]},"properties":{"c":"m","r":"F265"}},{"type":"Feature","geometry":{"type":"LineString","coordinates":[[3.3511,6.5555],[3.3391,6.5501],[3.3374,6.5439]]},"properties":{"c":"m","r":"F265"}},{"type":"Feature","geometry":{"type":"LineString","coordinates":[[8.7259,5.9624],[8.7141,5.9419],[8.7078,5.9403],[8.703,5.9457]]},"properties":{"c":"t","r":"A4"}},{"type":"Feature","geometry":{"type":"LineString","coordinates":[[13.7597,11.448],[13.761,11.4176]]},"properties":{"c":"t","r":"A13"}},{"type":"Feature","geometry":{"type":"LineString","coordinates":[[9.8229,10.3211],[9.8406,10.3457]]},"properties":{"c":"t","r":"A3"}},{"type":"Feature","geometry":{"type":"LineString","coordinates":[[8.5926,11.9628],[8.6377,11.9269],[8.6712,11.8897],[8.6835,11.881]]},"properties":{"c":"t","r":"A237"}},{"type":"Feature","geometry":{"type":"LineString","coordinates":[[7.7042,11.1296],[7.7046,11.1304]]},"properties":{"c":"t","r":"A2"}},{"type":"Feature","geometry":{"type":"LineString","coordinates":[[9.8005,10.3143],[9.8222,10.3206]]},"properties":{"c":"t","r":"A3"}},{"type":"Feature","geometry":{"type":"LineString","coordinates":[[7.066,4.8557],[7.0509,4.8492]]},"properties":{"c":"t","r":"A3"}},{"type":"Feature","geometry":{"type":"LineString","coordinates":[[3.3827,6.594],[3.3661,6.616],[3.3643,6.6282]]},"properties":{"c":"m","r":"E1"}},{"type":"Feature","geometry":{"type":"LineString","coordinates":[[3.8587,7.3776],[3.8581,7.3775]]},"properties":{"c":"t","r":"A5"}},{"type":"Feature","geometry":{"type":"LineString","coordinates":[[7.006,4.7989],[7.0062,4.7999]]},"properties":{"c":"t","r":"A3"}},{"type":"Feature","geometry":{"type":"LineString","coordinates":[[7.3497,5.0901],[7.3685,5.1085]]},"properties":{"c":"t","r":"A3"}},{"type":"Feature","geometry":{"type":"LineString","coordinates":[[7.7403,5.1601],[7.7489,5.1642],[7.7898,5.1659],[7.8271,5.1813],[7.8382,5.1818],[7.8446,5.1865],[7.8657,5.1828],[7.8862,5.1916],[7.9107,5.1829],[7.9251,5.1824],[7.9338,5.1732],[7.9484,5.1655],[7.968,5.142]]},"properties":{"c":"t","r":"A4-1"}},{"type":"Feature","geometry":{"type":"LineString","coordinates":[[8.3567,5.0484],[8.3423,5.1067],[8.3446,5.113],[8.3406,5.1231],[8.3413,5.1352],[8.3461,5.1411]]},"properties":{"c":"t","r":"A4"}},{"type":"Feature","geometry":{"type":"LineString","coordinates":[[8.345,4.9935],[8.3362,4.9632]]},"properties":{"c":"t","r":""}},{"type":"Feature","geometry":{"type":"LineString","coordinates":[[8.3276,4.9672],[8.3331,4.9876]]},"properties":{"c":"t","r":"A4"}},{"type":"Feature","geometry":{"type":"LineString","coordinates":[[7.968,5.142],[7.9627,5.1315],[7.9507,5.1233],[7.9464,5.109],[7.9297,5.095],[7.9295,5.0806]]},"properties":{"c":"t","r":""}},{"type":"Feature","geometry":{"type":"LineString","coordinates":[[7.7788,5.1225],[7.7875,5.1148],[7.8426,5.1009],[7.8737,5.0598]]},"properties":{"c":"t","r":"A342"}},{"type":"Feature","geometry":{"type":"LineString","coordinates":[[4.8147,9.1483],[4.8195,9.1646],[4.8369,9.1731],[4.8483,9.1834]]},"properties":{"c":"t","r":"A1"}},{"type":"Feature","geometry":{"type":"LineString","coordinates":[[3.5034,6.6206],[3.4849,6.6258],[3.4799,6.6205],[3.4695,6.6194]]},"properties":{"c":"t","r":"A1"}},{"type":"Feature","geometry":{"type":"LineString","coordinates":[[3.3751,6.5825],[3.3862,6.5976]]},"properties":{"c":"m","r":"A1"}},{"type":"Feature","geometry":{"type":"LineString","coordinates":[[5.6225,6.3338],[5.6225,6.3338]]},"properties":{"c":"t","r":"A2"}},{"type":"Feature","geometry":{"type":"LineString","coordinates":[[6.7655,6.132],[6.7535,6.1364]]},"properties":{"c":"t","r":"A232"}},{"type":"Feature","geometry":{"type":"LineString","coordinates":[[6.8134,6.1464],[6.7836,6.1276],[6.7656,6.132]]},"properties":{"c":"t","r":"A232"}},{"type":"Feature","geometry":{"type":"LineString","coordinates":[[5.6641,6.0527],[5.6644,6.0876],[5.6376,6.2128]]},"properties":{"c":"t","r":"A2"}},{"type":"Feature","geometry":{"type":"LineString","coordinates":[[6.5769,7.8264],[6.5742,7.8355],[6.5633,7.8458],[6.529,7.8644]]},"properties":{"c":"t","r":"A123"}},{"type":"Feature","geometry":{"type":"LineString","coordinates":[[9.8227,10.3205],[9.8331,10.318]]},"properties":{"c":"t","r":"A345"}},{"type":"Feature","geometry":{"type":"LineString","coordinates":[[7.4515,9.067],[7.4515,9.067]]},"properties":{"c":"t","r":""}},{"type":"Feature","geometry":{"type":"LineString","coordinates":[[7.4632,9.034],[7.4554,9.0464]]},"properties":{"c":"m","r":""}},{"type":"Feature","geometry":{"type":"LineString","coordinates":[[6.2361,7.5509],[6.2273,7.5598],[6.2196,7.5781],[6.2223,7.5931],[6.2254,7.5953]]},"properties":{"c":"t","r":"A2"}},{"type":"Feature","geometry":{"type":"LineString","coordinates":[[7.4561,9.0782],[7.4386,9.0763]]},"properties":{"c":"m","r":""}},{"type":"Feature","geometry":{"type":"LineString","coordinates":[[7.4121,9.0754],[7.4162,9.0772]]},"properties":{"c":"m","r":""}},{"type":"Feature","geometry":{"type":"LineString","coordinates":[[3.8622,7.2848],[3.8443,7.2732],[3.8287,7.2481]]},"properties":{"c":"m","r":"E1"}},{"type":"Feature","geometry":{"type":"LineString","coordinates":[[3.8661,7.2897],[3.8757,7.3312],[3.8907,7.3357]]},"properties":{"c":"m","r":"E1"}},{"type":"Feature","geometry":{"type":"LineString","coordinates":[[4.23,7.4038],[4.2133,7.3871],[4.1897,7.3828],[4.1785,7.3771]]},"properties":{"c":"t","r":"A122"}},{"type":"Feature","geometry":{"type":"LineString","coordinates":[[4.23,7.4035],[4.243,7.4073],[4.2512,7.4133],[4.262,7.4358],[4.2762,7.4425],[4.2983,7.4607],[4.3222,7.4667],[4.3613,7.4673],[4.3945,7.4741],[4.4298,7.4936],[4.4527,7.4993]]},"properties":{"c":"t","r":"A122"}},{"type":"Feature","geometry":{"type":"LineString","coordinates":[[4.0344,7.3766],[4.0713,7.3667],[4.0812,7.3693],[4.1025,7.3677],[4.1313,7.3579]]},"properties":{"c":"t","r":"A122"}},{"type":"Feature","geometry":{"type":"LineString","coordinates":[[3.8479,7.3827],[3.847,7.3824]]},"properties":{"c":"t","r":"A5"}},{"type":"Feature","geometry":{"type":"LineString","coordinates":[[3.8581,7.3775],[3.8507,7.381]]},"properties":{"c":"t","r":"A5"}},{"type":"Feature","geometry":{"type":"LineString","coordinates":[[3.8581,7.3775],[3.8587,7.3775]]},"properties":{"c":"t","r":"A5"}},{"type":"Feature","geometry":{"type":"LineString","coordinates":[[3.8594,7.3781],[3.8731,7.3834]]},"properties":{"c":"t","r":"A5"}},{"type":"Feature","geometry":{"type":"LineString","coordinates":[[3.8594,7.3781],[3.8588,7.3776]]},"properties":{"c":"t","r":"A5"}},{"type":"Feature","geometry":{"type":"LineString","coordinates":[[3.8563,7.2466],[3.8529,7.2555],[3.8602,7.2792],[3.8648,7.2815]]},"properties":{"c":"t","r":"A1"}},{"type":"Feature","geometry":{"type":"LineString","coordinates":[[3.865,7.282],[3.8648,7.2815]]},"properties":{"c":"t","r":"A1"}},{"type":"Feature","geometry":{"type":"LineString","coordinates":[[3.8632,7.2861],[3.8649,7.2932]]},"properties":{"c":"t","r":"A1"}},{"type":"Feature","geometry":{"type":"LineString","coordinates":[[3.8635,7.2855],[3.8632,7.2861]]},"properties":{"c":"t","r":"A1"}},{"type":"Feature","geometry":{"type":"LineString","coordinates":[[3.8907,7.3359],[3.8754,7.3309],[3.8659,7.2898]]},"properties":{"c":"m","r":"E1"}},{"type":"Feature","geometry":{"type":"LineString","coordinates":[[3.865,7.2935],[3.8705,7.318],[3.8679,7.3313]]},"properties":{"c":"t","r":"A1"}},{"type":"Feature","geometry":{"type":"LineString","coordinates":[[3.8649,7.2932],[3.865,7.2935]]},"properties":{"c":"t","r":"A1"}},{"type":"Feature","geometry":{"type":"LineString","coordinates":[[3.8907,7.3357],[3.8913,7.336]]},"properties":{"c":"m","r":"E1"}},{"type":"Feature","geometry":{"type":"LineString","coordinates":[[3.8913,7.336],[3.9187,7.3459],[3.9371,7.3913]]},"properties":{"c":"m","r":"E1"}},{"type":"Feature","geometry":{"type":"LineString","coordinates":[[3.8913,7.3362],[3.8907,7.3359]]},"properties":{"c":"m","r":"E1"}},{"type":"Feature","geometry":{"type":"LineString","coordinates":[[3.944,7.4043],[3.9422,7.4165],[3.9356,7.4251],[3.9335,7.4342]]},"properties":{"c":"m","r":"E1"}},{"type":"Feature","geometry":{"type":"LineString","coordinates":[[3.9439,7.404],[3.944,7.4043]]},"properties":{"c":"m","r":""}},{"type":"Feature","geometry":{"type":"LineString","coordinates":[[3.9436,7.4031],[3.9439,7.404]]},"properties":{"c":"m","r":""}},{"type":"Feature","geometry":{"type":"LineString","coordinates":[[3.9435,7.4028],[3.9436,7.4031]]},"properties":{"c":"m","r":""}},{"type":"Feature","geometry":{"type":"LineString","coordinates":[[3.9438,7.4044],[3.9437,7.404]]},"properties":{"c":"m","r":""}},{"type":"Feature","geometry":{"type":"LineString","coordinates":[[3.9437,7.404],[3.9434,7.4032]]},"properties":{"c":"m","r":""}},{"type":"Feature","geometry":{"type":"LineString","coordinates":[[3.9434,7.4032],[3.9433,7.4029]]},"properties":{"c":"m","r":""}},{"type":"Feature","geometry":{"type":"LineString","coordinates":[[3.9335,7.4342],[3.9334,7.4347]]},"properties":{"c":"m","r":"E1"}},{"type":"Feature","geometry":{"type":"LineString","coordinates":[[3.9334,7.4347],[3.9221,7.4433],[3.9207,7.4555],[3.9141,7.4699]]},"properties":{"c":"m","r":"E1"}},{"type":"Feature","geometry":{"type":"LineString","coordinates":[[3.9332,7.4347],[3.9333,7.4342]]},"properties":{"c":"m","r":"E1"}},{"type":"Feature","geometry":{"type":"LineString","coordinates":[[3.9333,7.4342],[3.9354,7.425],[3.9422,7.4159],[3.9438,7.4044]]},"properties":{"c":"m","r":"E1"}},{"type":"Feature","geometry":{"type":"LineString","coordinates":[[3.8659,7.2898],[3.8658,7.2895]]},"properties":{"c":"m","r":"E1"}},{"type":"Feature","geometry":{"type":"LineString","coordinates":[[3.866,7.2894],[3.8661,7.2897]]},"properties":{"c":"m","r":"E1"}},{"type":"Feature","geometry":{"type":"LineString","coordinates":[[3.9409,7.3999],[3.9371,7.3917]]},"properties":{"c":"m","r":"E1"}},{"type":"Feature","geometry":{"type":"LineString","coordinates":[[4.1316,7.358],[4.1032,7.3678],[4.0809,7.3695],[4.0714,7.3669],[4.0344,7.3768]]},"properties":{"c":"t","r":"A122"}},{"type":"Feature","geometry":{"type":"LineString","coordinates":[[3.9371,7.3913],[3.9372,7.3915]]},"properties":{"c":"m","r":"E1"}},{"type":"Feature","geometry":{"type":"LineString","coordinates":[[3.9372,7.3915],[3.9435,7.4028]]},"properties":{"c":"m","r":"E1"}},{"type":"Feature","geometry":{"type":"LineString","coordinates":[[3.9371,7.3917],[3.9369,7.3914]]},"properties":{"c":"m","r":"E1"}},{"type":"Feature","geometry":{"type":"LineString","coordinates":[[3.9369,7.3914],[3.9185,7.346],[3.8913,7.3362]]},"properties":{"c":"m","r":"E1"}},{"type":"Feature","geometry":{"type":"LineString","coordinates":[[3.8767,7.345],[3.8773,7.3455]]},"properties":{"c":"t","r":"A1"}},{"type":"Feature","geometry":{"type":"LineString","coordinates":[[3.8776,7.3456],[3.8793,7.3482]]},"properties":{"c":"t","r":"A1"}},{"type":"Feature","geometry":{"type":"LineString","coordinates":[[3.8908,7.361],[3.8901,7.3603]]},"properties":{"c":"t","r":"A1"}},{"type":"Feature","geometry":{"type":"LineString","coordinates":[[3.8885,7.3577],[3.8902,7.3602]]},"properties":{"c":"t","r":"A1"}},{"type":"Feature","geometry":{"type":"LineString","coordinates":[[3.8901,7.3603],[3.8885,7.3578]]},"properties":{"c":"t","r":"A1"}},{"type":"Feature","geometry":{"type":"LineString","coordinates":[[3.8885,7.3578],[3.8871,7.3565]]},"properties":{"c":"t","r":"A1"}},{"type":"Feature","geometry":{"type":"LineString","coordinates":[[3.8902,7.3602],[3.8909,7.3609]]},"properties":{"c":"t","r":"A1"}},{"type":"Feature","geometry":{"type":"LineString","coordinates":[[3.8909,7.3609],[3.8911,7.3611]]},"properties":{"c":"t","r":"A1"}},{"type":"Feature","geometry":{"type":"LineString","coordinates":[[4.8123,9.1388],[4.8131,9.136]]},"properties":{"c":"t","r":"A1"}},{"type":"Feature","geometry":{"type":"LineString","coordinates":[[4.8136,9.1347],[4.8169,9.1287]]},"properties":{"c":"t","r":"A1"}},{"type":"Feature","geometry":{"type":"LineString","coordinates":[[4.8131,9.136],[4.8136,9.1347]]},"properties":{"c":"t","r":"A1"}},{"type":"Feature","geometry":{"type":"LineString","coordinates":[[5.8337,9.1453],[5.8377,9.1442]]},"properties":{"c":"t","r":"A124"}},{"type":"Feature","geometry":{"type":"LineString","coordinates":[[5.8377,9.1442],[5.8687,9.1416],[5.9035,9.1287],[5.9305,9.127],[5.9503,9.108],[5.9909,9.0872],[6.0044,9.0955],[6.0213,9.0951]]},"properties":{"c":"t","r":"A124"}},{"type":"Feature","geometry":{"type":"LineString","coordinates":[[6.7285,9.0742],[6.7545,9.1101],[6.763,9.1369],[6.7734,9.1542],[6.7848,9.1837],[6.7945,9.1925],[6.8004,9.2033],[6.8141,9.2152],[6.8309,9.2158],[6.8552,9.2104]]},"properties":{"c":"t","r":"A124"}},{"type":"Feature","geometry":{"type":"LineString","coordinates":[[5.1468,9.3219],[5.2071,9.344],[5.2294,9.3352],[5.2607,9.3089],[5.2718,9.2907],[5.2802,9.2833],[5.2967,9.2753],[5.3193,9.2775],[5.3465,9.2677],[5.3525,9.2547],[5.3947,9.2027],[5.4154,9.1828],[5.4203,9.183]]},"properties":{"c":"t","r":"A124"}},{"type":"Feature","geometry":{"type":"LineString","coordinates":[[8.5687,6.4832],[8.5687,6.4819]]},"properties":{"c":"t","r":"A343"}},{"type":"Feature","geometry":{"type":"LineString","coordinates":[[8.5687,6.4819],[8.5661,6.4617],[8.5743,6.4504],[8.5872,6.4452],[8.6,6.4346],[8.6229,6.4276]]},"properties":{"c":"t","r":"A343"}},{"type":"Feature","geometry":{"type":"LineString","coordinates":[[8.5317,6.4647],[8.5362,6.4649],[8.5469,6.4744],[8.5469,6.4885],[8.5502,6.4954],[8.5611,6.5008]]},"properties":{"c":"t","r":"A343"}},{"type":"Feature","geometry":{"type":"LineString","coordinates":[[8.5311,6.4651],[8.5317,6.4647]]},"properties":{"c":"t","r":"A343"}},{"type":"Feature","geometry":{"type":"LineString","coordinates":[[8.703,5.9457],[8.7005,5.9463]]},"properties":{"c":"t","r":"A4"}},{"type":"Feature","geometry":{"type":"LineString","coordinates":[[8.7005,5.9463],[8.6911,5.9474],[8.6813,5.9437],[8.6698,5.9482],[8.6554,5.9486],[8.6347,5.9432]]},"properties":{"c":"t","r":"A4"}},{"type":"Feature","geometry":{"type":"LineString","coordinates":[[8.3082,6.0009],[8.2928,6.0013],[8.2868,5.9967],[8.2776,5.996],[8.2607,5.9826],[8.2606,5.9662],[8.2506,5.9428],[8.2347,5.9317]]},"properties":{"c":"t","r":"A4"}},{"type":"Feature","geometry":{"type":"LineString","coordinates":[[8.0723,5.1768],[8.0716,5.177]]},"properties":{"c":"t","r":"A4-1"}},{"type":"Feature","geometry":{"type":"LineString","coordinates":[[8.0716,5.177],[8.0642,5.1788]]},"properties":{"c":"t","r":"A4-1"}},{"type":"Feature","geometry":{"type":"LineString","coordinates":[[5.6376,6.2128],[5.6362,6.2574],[5.6278,6.3142]]},"properties":{"c":"t","r":"A2"}},{"type":"Feature","geometry":{"type":"LineString","coordinates":[[5.6378,6.214],[5.6598,6.217],[5.6942,6.2475],[5.7044,6.2524],[5.7436,6.2836],[5.7462,6.2908]]},"properties":{"c":"t","r":""}},{"type":"Feature","geometry":{"type":"LineString","coordinates":[[5.5943,6.4612],[5.5989,6.461]]},"properties":{"c":"t","r":""}},{"type":"Feature","geometry":{"type":"LineString","coordinates":[[6.2543,6.8503],[6.2769,6.9008],[6.2724,6.9226]]},"properties":{"c":"t","r":"A2"}},{"type":"Feature","geometry":{"type":"LineString","coordinates":[[5.6238,6.3329],[5.6468,6.3516]]},"properties":{"c":"t","r":"A2"}},{"type":"Feature","geometry":{"type":"LineString","coordinates":[[5.6291,6.3458],[5.6337,6.342]]},"properties":{"c":"t","r":"A121"}},{"type":"Feature","geometry":{"type":"LineString","coordinates":[[5.5971,6.4543],[5.5998,6.4626]]},"properties":{"c":"t","r":"A122"}},{"type":"Feature","geometry":{"type":"LineString","coordinates":[[5.5971,6.4543],[5.597,6.454]]},"properties":{"c":"t","r":"A122"}},{"type":"Feature","geometry":{"type":"LineString","coordinates":[[5.5965,6.4533],[5.597,6.4538]]},"properties":{"c":"t","r":"A122"}},{"type":"Feature","geometry":{"type":"LineString","coordinates":[[5.7462,6.2908],[5.7462,6.2915]]},"properties":{"c":"t","r":""}},{"type":"Feature","geometry":{"type":"LineString","coordinates":[[5.7461,6.3313],[5.7447,6.3661],[5.7322,6.3889]]},"properties":{"c":"t","r":""}},{"type":"Feature","geometry":{"type":"LineString","coordinates":[[5.7461,6.2915],[5.7461,6.2908]]},"properties":{"c":"t","r":""}},{"type":"Feature","geometry":{"type":"LineString","coordinates":[[5.5994,6.461],[5.5989,6.4611]]},"properties":{"c":"t","r":""}},{"type":"Feature","geometry":{"type":"LineString","coordinates":[[5.5993,6.4609],[5.624,6.4617],[5.6448,6.4533]]},"properties":{"c":"t","r":""}},{"type":"Feature","geometry":{"type":"LineString","coordinates":[[5.5989,6.461],[5.5993,6.4609]]},"properties":{"c":"t","r":""}},{"type":"Feature","geometry":{"type":"LineString","coordinates":[[5.5989,6.4611],[5.5938,6.4613]]},"properties":{"c":"t","r":""}},{"type":"Feature","geometry":{"type":"LineString","coordinates":[[5.6189,6.3548],[5.5928,6.4604]]},"properties":{"c":"t","r":"A121"}},{"type":"Feature","geometry":{"type":"LineString","coordinates":[[5.5928,6.4604],[5.5925,6.4609]]},"properties":{"c":"t","r":"A121"}},{"type":"Feature","geometry":{"type":"LineString","coordinates":[[5.5927,6.4603],[5.6187,6.3549]]},"properties":{"c":"t","r":"A121"}},{"type":"Feature","geometry":{"type":"LineString","coordinates":[[5.5925,6.4609],[5.5778,6.4918],[5.5303,6.5454],[5.5206,6.551]]},"properties":{"c":"t","r":"A121-1"}},{"type":"Feature","geometry":{"type":"LineString","coordinates":[[5.5924,6.4608],[5.5927,6.4603]]},"properties":{"c":"t","r":"A121"}},{"type":"Feature","geometry":{"type":"LineString","coordinates":[[5.7321,6.3888],[5.7446,6.366],[5.7459,6.3313]]},"properties":{"c":"t","r":""}},{"type":"Feature","geometry":{"type":"LineString","coordinates":[[5.7322,6.3889],[5.7318,6.3894]]},"properties":{"c":"t","r":""}},{"type":"Feature","geometry":{"type":"LineString","coordinates":[[5.7318,6.3894],[5.6903,6.434],[5.6454,6.4532]]},"properties":{"c":"t","r":""}},{"type":"Feature","geometry":{"type":"LineString","coordinates":[[5.7316,6.3894],[5.7321,6.3888]]},"properties":{"c":"t","r":""}},{"type":"Feature","geometry":{"type":"LineString","coordinates":[[7.6884,11.0767],[7.7084,11.0793]]},"properties":{"c":"t","r":"A236"}},{"type":"Feature","geometry":{"type":"LineString","coordinates":[[7.31,11.527],[7.2831,11.5544]]},"properties":{"c":"t","r":"A126"}},{"type":"Feature","geometry":{"type":"LineString","coordinates":[[7.4048,10.4357],[7.4047,10.4352]]},"properties":{"c":"t","r":"A2"}},{"type":"Feature","geometry":{"type":"LineString","coordinates":[[7.4047,10.4352],[7.4011,10.4217],[7.3973,10.3609],[7.3905,10.3279],[7.3601,10.2835],[7.3433,10.2174],[7.3564,10.1606],[7.3561,10.1315],[7.3702,10.0793]]},"properties":{"c":"t","r":"A2"}},{"type":"Feature","geometry":{"type":"LineString","coordinates":[[7.4151,10.56],[7.4097,10.5404],[7.399,10.5233],[7.3936,10.4826]]},"properties":{"c":"t","r":"A2"}},{"type":"Feature","geometry":{"type":"LineString","coordinates":[[7.4051,10.4357],[7.4048,10.4405]]},"properties":{"c":"t","r":"A2"}},{"type":"Feature","geometry":{"type":"LineString","coordinates":[[7.4049,10.4351],[7.4051,10.4357]]},"properties":{"c":"t","r":"A2"}},{"type":"Feature","geometry":{"type":"LineString","coordinates":[[7.4767,10.6559],[7.4911,10.6784],[7.5044,10.6881]]},"properties":{"c":"t","r":"A2"}},{"type":"Feature","geometry":{"type":"LineString","coordinates":[[7.587,10.7224],[7.5647,10.723],[7.5571,10.7157]]},"properties":{"c":"t","r":"A11"}},{"type":"Feature","geometry":{"type":"LineString","coordinates":[[7.5873,10.7225],[7.587,10.7224]]},"properties":{"c":"t","r":"A11"}},{"type":"Feature","geometry":{"type":"LineString","coordinates":[[8.2802,10.6808],[8.2514,10.6785]]},"properties":{"c":"t","r":"A11"}},{"type":"Feature","geometry":{"type":"LineString","coordinates":[[7.4766,10.6561],[7.4763,10.6556]]},"properties":{"c":"t","r":"A2"}},{"type":"Feature","geometry":{"type":"LineString","coordinates":[[7.4765,10.6555],[7.4767,10.6559]]},"properties":{"c":"t","r":"A2"}},{"type":"Feature","geometry":{"type":"LineString","coordinates":[[7.4657,10.6112],[7.4696,10.6408],[7.4765,10.6555]]},"properties":{"c":"t","r":"A2"}},{"type":"Feature","geometry":{"type":"LineString","coordinates":[[7.4657,10.6111],[7.4657,10.6112]]},"properties":{"c":"t","r":"A2"}},{"type":"Feature","geometry":{"type":"LineString","coordinates":[[7.4486,10.59],[7.452,10.5984],[7.4657,10.6111]]},"properties":{"c":"t","r":"A2"}},{"type":"Feature","geometry":{"type":"LineString","coordinates":[[7.4656,10.6113],[7.4656,10.6112]]},"properties":{"c":"t","r":"A2"}},{"type":"Feature","geometry":{"type":"LineString","coordinates":[[7.4763,10.6556],[7.4693,10.6405],[7.4656,10.6113]]},"properties":{"c":"t","r":"A2"}},{"type":"Feature","geometry":{"type":"LineString","coordinates":[[12.0318,9.4791],[12.0158,9.522],[12.0159,9.5338],[11.998,9.5928],[11.9808,9.6293]]},"properties":{"c":"t","r":"A4"}},{"type":"Feature","geometry":{"type":"LineString","coordinates":[[10.5071,8.3876],[10.5395,8.4112],[10.582,8.4517],[10.6329,8.5196],[10.699,8.5529],[10.7367,8.6012]]},"properties":{"c":"t","r":"A4"}},{"type":"Feature","geometry":{"type":"LineString","coordinates":[[11.3224,8.9208],[11.3218,8.9198]]},"properties":{"c":"t","r":"A4"}},{"type":"Feature","geometry":{"type":"LineString","coordinates":[[11.3339,8.934],[11.3224,8.9208]]},"properties":{"c":"t","r":"A4"}},{"type":"Feature","geometry":{"type":"LineString","coordinates":[[11.4914,9.1057],[11.5049,9.0864],[11.5178,9.0761],[11.5485,9.0728]]},"properties":{"c":"t","r":"A13"}},{"type":"Feature","geometry":{"type":"LineString","coordinates":[[10.1459,10.24],[10.1548,10.2383],[10.1638,10.2439],[10.1766,10.2454]]},"properties":{"c":"t","r":"A345"}},{"type":"Feature","geometry":{"type":"LineString","coordinates":[[7.4542,9.6113],[7.4535,9.6102]]},"properties":{"c":"t","r":"A2"}},{"type":"Feature","geometry":{"type":"LineString","coordinates":[[7.4535,9.6102],[7.4483,9.602],[7.4383,9.5952],[7.4256,9.5735],[7.4169,9.5313],[7.4022,9.504],[7.3815,9.4839]]},"properties":{"c":"t","r":"A2"}},{"type":"Feature","geometry":{"type":"LineString","coordinates":[[7.7039,11.1292],[7.7042,11.1296]]},"properties":{"c":"t","r":"A2"}},{"type":"Feature","geometry":{"type":"LineString","coordinates":[[7.7405,11.0755],[7.7333,11.0721],[7.7111,11.0785]]},"properties":{"c":"t","r":"A236"}},{"type":"Feature","geometry":{"type":"LineString","coordinates":[[7.7412,11.076],[7.7405,11.0755]]},"properties":{"c":"t","r":"A236"}},{"type":"Feature","geometry":{"type":"LineString","coordinates":[[3.1011,6.4998],[3.1047,6.4992]]},"properties":{"c":"t","r":"F100"}},{"type":"Feature","geometry":{"type":"LineString","coordinates":[[3.1047,6.4992],[3.1531,6.4931],[3.2033,6.4609]]},"properties":{"c":"t","r":"F100"}},{"type":"Feature","geometry":{"type":"LineString","coordinates":[[3.1011,6.5],[3.0919,6.4995],[3.0659,6.4872],[3.0267,6.4813],[3.016,6.4746],[2.9879,6.4707],[2.962,6.4598],[2.9467,6.4407],[2.907,6.4395],[2.9002,6.4371],[2.8912,6.4273]]},"properties":{"c":"t","r":"F100"}},{"type":"Feature","geometry":{"type":"LineString","coordinates":[[3.1048,6.4993],[3.1011,6.5]]},"properties":{"c":"t","r":"F100"}},{"type":"Feature","geometry":{"type":"LineString","coordinates":[[8.7271,5.9623],[8.733,5.9609],[8.7459,5.9465],[8.7598,5.9219],[8.7831,5.9053],[8.7909,5.9037],[8.8014,5.8803],[8.8293,5.8516],[8.8335,5.8393]]},"properties":{"c":"t","r":"N6"}},{"type":"Feature","geometry":{"type":"LineString","coordinates":[[8.6786,6.37],[8.6758,6.3623],[8.6668,6.3542]]},"properties":{"c":"t","r":"A4"}},{"type":"Feature","geometry":{"type":"LineString","coordinates":[[7.5273,9.0504],[7.5427,9.0418],[7.5441,9.033]]},"properties":{"c":"m","r":"A234"}},{"type":"Feature","geometry":{"type":"LineString","coordinates":[[8.5702,8.2379],[8.5729,8.2337],[8.5743,8.2099],[8.5905,8.1901],[8.5944,8.1804],[8.595,8.1651],[8.5867,8.1429],[8.5902,8.1349],[8.5905,8.118],[8.5609,8.0808],[8.5525,8.057],[8.5542,8.0503]]},"properties":{"c":"t","r":"A3"}},{"type":"Feature","geometry":{"type":"LineString","coordinates":[[8.4854,7.2963],[8.4583,7.2967],[8.4139,7.282],[8.3999,7.2877],[8.3244,7.2814],[8.2902,7.2671]]},"properties":{"c":"t","r":"A3"}},{"type":"Feature","geometry":{"type":"LineString","coordinates":[[8.5868,7.9171],[8.5882,7.868],[8.5666,7.8042],[8.5665,7.7959]]},"properties":{"c":"t","r":"A3"}},{"type":"Feature","geometry":{"type":"LineString","coordinates":[[7.8849,8.8548],[7.8853,8.8547]]},"properties":{"c":"t","r":"A234"}},{"type":"Feature","geometry":{"type":"LineString","coordinates":[[8.4854,7.2963],[8.4955,7.2965]]},"properties":{"c":"t","r":"A344"}},{"type":"Feature","geometry":{"type":"LineString","coordinates":[[8.5462,7.7271],[8.5353,7.6942],[8.5354,7.6867],[8.5399,7.6733],[8.5545,7.6556]]},"properties":{"c":"t","r":"A3"}},{"type":"Feature","geometry":{"type":"LineString","coordinates":[[7.8853,8.8547],[7.8957,8.8486],[7.9114,8.8472],[7.93,8.8371],[7.9451,8.8329],[7.9504,8.8347]]},"properties":{"c":"t","r":"A234"}},{"type":"Feature","geometry":{"type":"LineString","coordinates":[[8.5592,8.5976],[8.5566,8.6759],[8.549,8.6953],[8.5396,8.7006]]},"properties":{"c":"t","r":"A3"}},{"type":"Feature","geometry":{"type":"LineString","coordinates":[[7.456,9.078],[7.457,9.0775]]},"properties":{"c":"m","r":""}},{"type":"Feature","geometry":{"type":"LineString","coordinates":[[8.6568,6.2534],[8.6532,6.2423],[8.6389,6.2307],[8.6274,6.1767],[8.6514,6.1448],[8.6568,6.1322],[8.6586,6.1119]]},"properties":{"c":"t","r":"A4"}},{"type":"Feature","geometry":{"type":"LineString","coordinates":[[7.4893,9.0628],[7.4883,9.065]]},"properties":{"c":"t","r":""}},{"type":"Feature","geometry":{"type":"LineString","coordinates":[[7.4114,6.7452],[7.4027,6.7344],[7.4038,6.7184],[7.3956,6.702],[7.378,6.6885],[7.3748,6.6818],[7.3781,6.6688],[7.3778,6.6489],[7.3879,6.6205],[7.3847,6.6088],[7.3888,6.5918],[7.386,6.5763],[7.3976,6.5506],[7.3862,6.5339],[7.3754,6.508],[7.3909,6.4905],[7.3943,6.4374],[7.3978,6.4321],[7.4053,6.4298]]},"properties":{"c":"t","r":"A3"}},{"type":"Feature","geometry":{"type":"LineString","coordinates":[[7.4647,6.4667],[7.4556,6.4692]]},"properties":{"c":"t","r":"A343"}},{"type":"Feature","geometry":{"type":"LineString","coordinates":[[7.7476,7.1512],[7.7294,7.1449],[7.7161,7.1489],[7.6905,7.1457],[7.6607,7.1363],[7.6526,7.1243],[7.643,7.0967],[7.6057,7.0474],[7.5899,7.0156]]},"properties":{"c":"t","r":"A3"}},{"type":"Feature","geometry":{"type":"LineString","coordinates":[[7.6294,9.0141],[7.6397,9.0144],[7.6511,9.0069],[7.6664,9.0062],[7.6744,9.0014],[7.6755,8.9662],[7.6796,8.9442],[7.6918,8.921],[7.6989,8.9158]]},"properties":{"c":"t","r":"A234"}},{"type":"Feature","geometry":{"type":"LineString","coordinates":[[7.8748,8.8563],[7.8444,8.8557],[7.8134,8.8637],[7.7927,8.8653],[7.786,8.8731],[7.7678,8.8813],[7.7423,8.8857],[7.7314,8.8919],[7.7144,8.9119]]},"properties":{"c":"t","r":"A234"}},{"type":"Feature","geometry":{"type":"LineString","coordinates":[[7.7135,8.9126],[7.6992,8.9159]]},"properties":{"c":"t","r":"A234"}},{"type":"Feature","geometry":{"type":"LineString","coordinates":[[10.9704,7.8588],[10.9478,7.8456],[10.8878,7.8513]]},"properties":{"c":"t","r":"A12"}},{"type":"Feature","geometry":{"type":"LineString","coordinates":[[9.2765,7.1407],[9.2677,7.1208]]},"properties":{"c":"t","r":"A4"}},{"type":"Feature","geometry":{"type":"LineString","coordinates":[[9.0341,7.3529],[9.0101,7.343]]},"properties":{"c":"t","r":"A344"}},{"type":"Feature","geometry":{"type":"LineString","coordinates":[[10.248,7.3195],[10.2031,7.295]]},"properties":{"c":"t","r":"A12"}},{"type":"Feature","geometry":{"type":"LineString","coordinates":[[9.287,7.154],[9.2802,7.1455]]},"properties":{"c":"t","r":"A4"}},{"type":"Feature","geometry":{"type":"LineString","coordinates":[[10.2498,7.3204],[10.248,7.3195]]},"properties":{"c":"t","r":"A12"}},{"type":"Feature","geometry":{"type":"LineString","coordinates":[[9.2934,7.1618],[9.289,7.1565]]},"properties":{"c":"t","r":"A4"}},{"type":"Feature","geometry":{"type":"LineString","coordinates":[[5.6688,8.2853],[5.6558,8.2915],[5.6428,8.3026],[5.6069,8.2969],[5.5952,8.2924],[5.5766,8.2733],[5.5644,8.2681],[5.5451,8.2476]]},"properties":{"c":"t","r":"A123"}},{"type":"Feature","geometry":{"type":"LineString","coordinates":[[4.2221,8.6963],[4.2173,8.6953],[4.199,8.7052],[4.1896,8.7043],[4.1674,8.7124],[4.1633,8.7247],[4.1539,8.7293]]},"properties":{"c":"t","r":"A7"}},{"type":"Feature","geometry":{"type":"LineString","coordinates":[[6.0907,7.8395],[6.0772,7.8365],[6.0684,7.8593]]},"properties":{"c":"t","r":"A123"}},{"type":"Feature","geometry":{"type":"LineString","coordinates":[[5.1374,8.1034],[5.1124,8.1282],[5.1093,8.1468],[5.0975,8.1515],[5.0727,8.1727],[5.0534,8.1649],[5.0427,8.1729],[5.041,8.1777]]},"properties":{"c":"t","r":"A123"}},{"type":"Feature","geometry":{"type":"LineString","coordinates":[[5.8943,8.1589],[5.8512,8.2456],[5.8369,8.2618],[5.8345,8.2794],[5.8277,8.2878],[5.8173,8.2878],[5.7676,8.2665],[5.7561,8.2588],[5.7401,8.2579],[5.7195,8.2613],[5.6747,8.2796],[5.6692,8.2848]]},"properties":{"c":"t","r":"A123"}},{"type":"Feature","geometry":{"type":"LineString","coordinates":[[4.7714,8.6161],[4.7633,8.6146],[4.7568,8.6076],[4.6845,8.5609],[4.6454,8.5457]]},"properties":{"c":"t","r":"A1"}},{"type":"Feature","geometry":{"type":"LineString","coordinates":[[3.3397,9.5243],[3.3019,9.5265],[3.2505,9.5482],[3.2278,9.5512]]},"properties":{"c":"t","r":"A7"}},{"type":"Feature","geometry":{"type":"LineString","coordinates":[[6.7465,7.8423],[6.7502,7.8313],[6.7487,7.8228]]},"properties":{"c":"t","r":"A233"}},{"type":"Feature","geometry":{"type":"LineString","coordinates":[[6.7462,7.8103],[6.7457,7.807]]},"properties":{"c":"t","r":"A233"}},{"type":"Feature","geometry":{"type":"LineString","coordinates":[[3.3832,6.593],[3.3959,6.5779]]},"properties":{"c":"m","r":""}},{"type":"Feature","geometry":{"type":"LineString","coordinates":[[3.3834,6.5932],[3.3827,6.594]]},"properties":{"c":"m","r":""}},{"type":"Feature","geometry":{"type":"LineString","coordinates":[[3.3826,6.5939],[3.3832,6.593]]},"properties":{"c":"m","r":""}},{"type":"Feature","geometry":{"type":"LineString","coordinates":[[3.3646,6.4862],[3.3663,6.4816]]},"properties":{"c":"m","r":"A1"}},{"type":"Feature","geometry":{"type":"LineString","coordinates":[[8.3363,4.9632],[8.3451,4.9935]]},"properties":{"c":"t","r":""}},{"type":"Feature","geometry":{"type":"LineString","coordinates":[[8.3276,4.9671],[8.3361,4.9631]]},"properties":{"c":"t","r":""}},{"type":"Feature","geometry":{"type":"LineString","coordinates":[[3.4041,6.4585],[3.4039,6.4585]]},"properties":{"c":"m","r":"F264"}},{"type":"Feature","geometry":{"type":"LineString","coordinates":[[3.3942,6.4632],[3.3907,6.477],[3.4056,6.515],[3.3989,6.5441]]},"properties":{"c":"m","r":"F265"}},{"type":"Feature","geometry":{"type":"LineString","coordinates":[[3.3996,6.459],[3.4039,6.4583]]},"properties":{"c":"m","r":"F264"}},{"type":"Feature","geometry":{"type":"LineString","coordinates":[[3.3971,6.4605],[3.3996,6.459]]},"properties":{"c":"m","r":"F264"}},{"type":"Feature","geometry":{"type":"LineString","coordinates":[[3.4039,6.4583],[3.4041,6.4583]]},"properties":{"c":"m","r":"F264"}},{"type":"Feature","geometry":{"type":"LineString","coordinates":[[3.394,6.4631],[3.3962,6.4612]]},"properties":{"c":"m","r":"F265"}},{"type":"Feature","geometry":{"type":"LineString","coordinates":[[3.3972,6.4606],[3.3942,6.4632]]},"properties":{"c":"m","r":"F265"}},{"type":"Feature","geometry":{"type":"LineString","coordinates":[[3.4041,6.4402],[3.4026,6.4413]]},"properties":{"c":"t","r":"F263"}},{"type":"Feature","geometry":{"type":"LineString","coordinates":[[3.3825,6.46],[3.3827,6.4582]]},"properties":{"c":"m","r":"A1-2"}},{"type":"Feature","geometry":{"type":"LineString","coordinates":[[3.4003,6.4424],[3.4028,6.4414]]},"properties":{"c":"m","r":"F264"}},{"type":"Feature","geometry":{"type":"LineString","coordinates":[[3.4086,6.4529],[3.4061,6.458]]},"properties":{"c":"m","r":"F264"}},{"type":"Feature","geometry":{"type":"LineString","coordinates":[[3.4016,6.4418],[3.3983,6.4443]]},"properties":{"c":"t","r":"F263"}},{"type":"Feature","geometry":{"type":"LineString","coordinates":[[3.4024,6.4411],[3.404,6.4401]]},"properties":{"c":"t","r":"F263"}},{"type":"Feature","geometry":{"type":"LineString","coordinates":[[3.4026,6.4413],[3.4016,6.4418]]},"properties":{"c":"t","r":"F263"}},{"type":"Feature","geometry":{"type":"LineString","coordinates":[[3.3619,6.4391],[3.3615,6.4393]]},"properties":{"c":"m","r":"F265"}},{"type":"Feature","geometry":{"type":"LineString","coordinates":[[3.3835,6.4698],[3.3836,6.48]]},"properties":{"c":"t","r":"A5"}},{"type":"Feature","geometry":{"type":"LineString","coordinates":[[7.4239,9.0796],[7.4168,9.0777]]},"properties":{"c":"m","r":""}},{"type":"Feature","geometry":{"type":"LineString","coordinates":[[7.4254,9.0794],[7.4278,9.0789]]},"properties":{"c":"m","r":""}},{"type":"Feature","geometry":{"type":"LineString","coordinates":[[7.4239,9.0795],[7.4254,9.0794]]},"properties":{"c":"m","r":""}},{"type":"Feature","geometry":{"type":"LineString","coordinates":[[7.4254,9.0796],[7.4239,9.0796]]},"properties":{"c":"m","r":""}},{"type":"Feature","geometry":{"type":"LineString","coordinates":[[7.4653,9.0314],[7.4675,9.0296]]},"properties":{"c":"m","r":""}},{"type":"Feature","geometry":{"type":"LineString","coordinates":[[3.8773,7.3455],[3.8767,7.3451]]},"properties":{"c":"t","r":"A1"}},{"type":"Feature","geometry":{"type":"LineString","coordinates":[[3.399,6.4435],[3.4015,6.4415]]},"properties":{"c":"t","r":"F263"}},{"type":"Feature","geometry":{"type":"LineString","coordinates":[[3.384,6.4528],[3.399,6.4435]]},"properties":{"c":"m","r":"F264"}},{"type":"Feature","geometry":{"type":"LineString","coordinates":[[3.3836,6.4531],[3.384,6.4528]]},"properties":{"c":"m","r":"A1-2"}},{"type":"Feature","geometry":{"type":"LineString","coordinates":[[3.3828,6.4581],[3.3826,6.46]]},"properties":{"c":"m","r":"A1-2"}},{"type":"Feature","geometry":{"type":"LineString","coordinates":[[3.3827,6.4582],[3.3836,6.4531]]},"properties":{"c":"m","r":"A1-2"}},{"type":"Feature","geometry":{"type":"LineString","coordinates":[[3.4087,6.4346],[3.4114,6.4225],[3.424,6.4226]]},"properties":{"c":"t","r":"F263"}},{"type":"Feature","geometry":{"type":"LineString","coordinates":[[3.4085,6.4358],[3.407,6.4382]]},"properties":{"c":"t","r":"F263"}},{"type":"Feature","geometry":{"type":"LineString","coordinates":[[3.4088,6.4346],[3.4085,6.4358]]},"properties":{"c":"t","r":"F263"}},{"type":"Feature","geometry":{"type":"LineString","coordinates":[[3.4077,6.4373],[3.4077,6.4373]]},"properties":{"c":"t","r":""}},{"type":"Feature","geometry":{"type":"LineString","coordinates":[[3.424,6.4227],[3.4136,6.4222]]},"properties":{"c":"t","r":"F263"}},{"type":"Feature","geometry":{"type":"LineString","coordinates":[[3.407,6.4382],[3.4041,6.4402]]},"properties":{"c":"t","r":"F263"}},{"type":"Feature","geometry":{"type":"LineString","coordinates":[[3.4084,6.4358],[3.4087,6.4346]]},"properties":{"c":"t","r":"F263"}},{"type":"Feature","geometry":{"type":"LineString","coordinates":[[3.424,6.4226],[3.4275,6.4226]]},"properties":{"c":"t","r":"F263"}},{"type":"Feature","geometry":{"type":"LineString","coordinates":[[3.4069,6.4382],[3.4084,6.4358]]},"properties":{"c":"t","r":"F263"}},{"type":"Feature","geometry":{"type":"LineString","coordinates":[[3.3651,6.4854],[3.3639,6.4886]]},"properties":{"c":"m","r":"A1"}},{"type":"Feature","geometry":{"type":"LineString","coordinates":[[3.3657,6.4786],[3.3664,6.4824]]},"properties":{"c":"m","r":"A1"}},{"type":"Feature","geometry":{"type":"LineString","coordinates":[[3.363,6.4706],[3.3654,6.4557]]},"properties":{"c":"m","r":"A1"}},{"type":"Feature","geometry":{"type":"LineString","coordinates":[[3.3632,6.4707],[3.3633,6.4737]]},"properties":{"c":"m","r":"A1"}},{"type":"Feature","geometry":{"type":"LineString","coordinates":[[3.3673,6.4819],[3.3755,6.4752],[3.3825,6.46]]},"properties":{"c":"m","r":"A1-2"}},{"type":"Feature","geometry":{"type":"LineString","coordinates":[[3.3656,6.484],[3.3673,6.4819]]},"properties":{"c":"m","r":"A1-2"}},{"type":"Feature","geometry":{"type":"LineString","coordinates":[[3.3667,6.4531],[3.3655,6.4557]]},"properties":{"c":"m","r":"A1"}},{"type":"Feature","geometry":{"type":"LineString","coordinates":[[3.3656,6.4787],[3.3629,6.4725]]},"properties":{"c":"m","r":"A1"}},{"type":"Feature","geometry":{"type":"LineString","coordinates":[[3.3646,6.4862],[3.3656,6.484]]},"properties":{"c":"m","r":"A1-2"}},{"type":"Feature","geometry":{"type":"LineString","coordinates":[[3.365,6.4568],[3.3643,6.4623]]},"properties":{"c":"m","r":"A1"}},{"type":"Feature","geometry":{"type":"LineString","coordinates":[[3.3661,6.4542],[3.3666,6.453]]},"properties":{"c":"m","r":"A1"}},{"type":"Feature","geometry":{"type":"LineString","coordinates":[[3.3616,6.4964],[3.3632,6.4901]]},"properties":{"c":"m","r":"A1"}},{"type":"Feature","geometry":{"type":"LineString","coordinates":[[3.3648,6.5155],[3.3636,6.5116]]},"properties":{"c":"m","r":"A1"}},{"type":"Feature","geometry":{"type":"LineString","coordinates":[[3.3617,6.4964],[3.3623,6.4994]]},"properties":{"c":"m","r":"A1"}},{"type":"Feature","geometry":{"type":"LineString","coordinates":[[3.3623,6.4994],[3.3633,6.5085]]},"properties":{"c":"m","r":"A1"}},{"type":"Feature","geometry":{"type":"LineString","coordinates":[[3.3622,6.4994],[3.3616,6.4964]]},"properties":{"c":"m","r":"A1"}},{"type":"Feature","geometry":{"type":"LineString","coordinates":[[3.3649,6.5154],[3.3676,6.5211]]},"properties":{"c":"m","r":"A1"}},{"type":"Feature","geometry":{"type":"LineString","coordinates":[[3.3633,6.5085],[3.3637,6.5115]]},"properties":{"c":"m","r":"A1"}},{"type":"Feature","geometry":{"type":"LineString","coordinates":[[3.3655,6.5176],[3.3621,6.5242],[3.354,6.5282],[3.3523,6.5341],[3.3571,6.5428],[3.3369,6.5927]]},"properties":{"c":"t","r":"A5"}},{"type":"Feature","geometry":{"type":"LineString","coordinates":[[3.3856,6.4836],[3.3836,6.488]]},"properties":{"c":"t","r":"F266"}},{"type":"Feature","geometry":{"type":"LineString","coordinates":[[3.3636,6.5116],[3.3632,6.5085]]},"properties":{"c":"m","r":"A1"}},{"type":"Feature","geometry":{"type":"LineString","coordinates":[[3.3652,6.5167],[3.3686,6.5166]]},"properties":{"c":"t","r":"A5"}},{"type":"Feature","geometry":{"type":"LineString","coordinates":[[3.3331,6.6014],[3.3429,6.5773]]},"properties":{"c":"t","r":"A5"}},{"type":"Feature","geometry":{"type":"LineString","coordinates":[[3.3632,6.5085],[3.3622,6.4994]]},"properties":{"c":"m","r":"A1"}},{"type":"Feature","geometry":{"type":"LineString","coordinates":[[3.3637,6.5115],[3.3649,6.5154]]},"properties":{"c":"m","r":"A1"}},{"type":"Feature","geometry":{"type":"LineString","coordinates":[[3.3676,6.5211],[3.3671,6.5695]]},"properties":{"c":"m","r":"A1"}},{"type":"Feature","geometry":{"type":"LineString","coordinates":[[3.3663,6.5584],[3.3677,6.5583]]},"properties":{"c":"m","r":"F265"}},{"type":"Feature","geometry":{"type":"LineString","coordinates":[[3.3677,6.5584],[3.3662,6.5585]]},"properties":{"c":"m","r":"F265"}},{"type":"Feature","geometry":{"type":"LineString","coordinates":[[3.3662,6.5585],[3.3528,6.5562]]},"properties":{"c":"m","r":"F265"}},{"type":"Feature","geometry":{"type":"LineString","coordinates":[[3.3677,6.5583],[3.3717,6.5557]]},"properties":{"c":"m","r":"F265"}},{"type":"Feature","geometry":{"type":"LineString","coordinates":[[3.3677,6.5719],[3.3675,6.5715]]},"properties":{"c":"m","r":"A1"}},{"type":"Feature","geometry":{"type":"LineString","coordinates":[[3.3679,6.5719],[3.3688,6.5736]]},"properties":{"c":"m","r":"A1"}},{"type":"Feature","geometry":{"type":"LineString","coordinates":[[3.3675,6.5715],[3.367,6.5695]]},"properties":{"c":"m","r":"A1"}},{"type":"Feature","geometry":{"type":"LineString","coordinates":[[3.3671,6.5695],[3.3677,6.5714]]},"properties":{"c":"m","r":"A1"}},{"type":"Feature","geometry":{"type":"LineString","coordinates":[[3.367,6.5695],[3.3675,6.5211]]},"properties":{"c":"m","r":"A1"}},{"type":"Feature","geometry":{"type":"LineString","coordinates":[[3.3677,6.5714],[3.3679,6.5719]]},"properties":{"c":"m","r":"A1"}},{"type":"Feature","geometry":{"type":"LineString","coordinates":[[3.3686,6.5737],[3.3677,6.5719]]},"properties":{"c":"m","r":"A1"}},{"type":"Feature","geometry":{"type":"LineString","coordinates":[[3.3748,6.5822],[3.3717,6.5779]]},"properties":{"c":"m","r":"A1"}},{"type":"Feature","geometry":{"type":"LineString","coordinates":[[3.3717,6.5779],[3.3686,6.5737]]},"properties":{"c":"m","r":"A1"}},{"type":"Feature","geometry":{"type":"LineString","coordinates":[[3.3718,6.5779],[3.3747,6.5819]]},"properties":{"c":"m","r":"A1"}},{"type":"Feature","geometry":{"type":"LineString","coordinates":[[3.3861,6.5977],[3.3749,6.5824]]},"properties":{"c":"m","r":"A1"}},{"type":"Feature","geometry":{"type":"LineString","coordinates":[[3.398,6.6072],[3.3936,6.6078],[3.3861,6.5977]]},"properties":{"c":"m","r":"A1"}},{"type":"Feature","geometry":{"type":"LineString","coordinates":[[3.4002,6.6057],[3.398,6.6072]]},"properties":{"c":"m","r":"A1"}},{"type":"Feature","geometry":{"type":"LineString","coordinates":[[3.3862,6.5976],[3.3935,6.6076],[3.3979,6.6071]]},"properties":{"c":"m","r":"A1"}},{"type":"Feature","geometry":{"type":"LineString","coordinates":[[3.4001,6.6056],[3.4027,6.604]]},"properties":{"c":"m","r":"A1"}},{"type":"Feature","geometry":{"type":"LineString","coordinates":[[3.4027,6.6041],[3.4002,6.6057]]},"properties":{"c":"m","r":"A1"}},{"type":"Feature","geometry":{"type":"LineString","coordinates":[[3.4027,6.604],[3.4031,6.6038]]},"properties":{"c":"m","r":"A1"}},{"type":"Feature","geometry":{"type":"LineString","coordinates":[[3.4043,6.6035],[3.4066,6.6054]]},"properties":{"c":"t","r":"A1"}},{"type":"Feature","geometry":{"type":"LineString","coordinates":[[3.4031,6.6039],[3.4027,6.6041]]},"properties":{"c":"m","r":"A1"}},{"type":"Feature","geometry":{"type":"LineString","coordinates":[[3.3979,6.6071],[3.4001,6.6056]]},"properties":{"c":"m","r":"A1"}},{"type":"Feature","geometry":{"type":"LineString","coordinates":[[3.3512,6.5554],[3.353,6.5562]]},"properties":{"c":"m","r":"F265"}},{"type":"Feature","geometry":{"type":"LineString","coordinates":[[3.3356,6.5493],[3.3242,6.5547],[3.3215,6.5633]]},"properties":{"c":"m","r":"F269"}},{"type":"Feature","geometry":{"type":"LineString","coordinates":[[3.3375,6.5436],[3.3376,6.5439]]},"properties":{"c":"m","r":"F265"}},{"type":"Feature","geometry":{"type":"LineString","coordinates":[[3.3374,6.5439],[3.3374,6.5436]]},"properties":{"c":"m","r":"F265"}},{"type":"Feature","geometry":{"type":"LineString","coordinates":[[3.3374,6.5436],[3.3347,6.5181],[3.3241,6.5077]]},"properties":{"c":"m","r":"F265"}},{"type":"Feature","geometry":{"type":"LineString","coordinates":[[3.3376,6.5439],[3.339,6.5499],[3.3512,6.5554]]},"properties":{"c":"m","r":"F265"}},{"type":"Feature","geometry":{"type":"LineString","coordinates":[[3.3243,6.5077],[3.3346,6.5174],[3.3375,6.5436]]},"properties":{"c":"m","r":"F265"}},{"type":"Feature","geometry":{"type":"LineString","coordinates":[[3.324,6.5074],[3.3213,6.4963],[3.3272,6.4777],[3.3155,6.4601]]},"properties":{"c":"m","r":"F265"}},{"type":"Feature","geometry":{"type":"LineString","coordinates":[[3.3241,6.5077],[3.324,6.5074]]},"properties":{"c":"m","r":"F265"}},{"type":"Feature","geometry":{"type":"LineString","coordinates":[[3.3242,6.5074],[3.3243,6.5077]]},"properties":{"c":"m","r":"F265"}},{"type":"Feature","geometry":{"type":"LineString","coordinates":[[3.3156,6.4596],[3.3156,6.4602]]},"properties":{"c":"m","r":"F265"}},{"type":"Feature","geometry":{"type":"LineString","coordinates":[[3.3155,6.4601],[3.3154,6.4596]]},"properties":{"c":"m","r":"F265"}},{"type":"Feature","geometry":{"type":"LineString","coordinates":[[3.3156,6.4602],[3.3273,6.4776],[3.3214,6.4966],[3.3242,6.5074]]},"properties":{"c":"m","r":"F265"}},{"type":"Feature","geometry":{"type":"LineString","coordinates":[[3.3154,6.4596],[3.3217,6.4432],[3.3365,6.4387]]},"properties":{"c":"m","r":"F265"}},{"type":"Feature","geometry":{"type":"LineString","coordinates":[[3.3365,6.4387],[3.338,6.4366]]},"properties":{"c":"m","r":"F265"}},{"type":"Feature","geometry":{"type":"LineString","coordinates":[[3.338,6.4366],[3.3448,6.4343],[3.3578,6.4373]]},"properties":{"c":"m","r":"F265"}},{"type":"Feature","geometry":{"type":"LineString","coordinates":[[3.3366,6.4389],[3.3215,6.4436],[3.3156,6.4596]]},"properties":{"c":"m","r":"F265"}},{"type":"Feature","geometry":{"type":"LineString","coordinates":[[3.3381,6.4367],[3.3366,6.4389]]},"properties":{"c":"m","r":"F265"}},{"type":"Feature","geometry":{"type":"LineString","coordinates":[[3.3615,6.4393],[3.3576,6.4375]]},"properties":{"c":"m","r":"F265"}},{"type":"Feature","geometry":{"type":"LineString","coordinates":[[3.3576,6.4375],[3.3449,6.4344],[3.3381,6.4367]]},"properties":{"c":"m","r":"F265"}},{"type":"Feature","geometry":{"type":"LineString","coordinates":[[3.3578,6.4373],[3.3614,6.4392]]},"properties":{"c":"m","r":"F265"}},{"type":"Feature","geometry":{"type":"LineString","coordinates":[[3.3864,6.5487],[3.386,6.5484]]},"properties":{"c":"m","r":""}},{"type":"Feature","geometry":{"type":"LineString","coordinates":[[3.3944,6.5506],[3.3802,6.5483]]},"properties":{"c":"m","r":"F265"}},{"type":"Feature","geometry":{"type":"LineString","coordinates":[[3.3987,6.5441],[3.4053,6.5129],[3.3908,6.4781],[3.394,6.4631]]},"properties":{"c":"m","r":"F265"}},{"type":"Feature","geometry":{"type":"LineString","coordinates":[[3.3989,6.5441],[3.3978,6.5467]]},"properties":{"c":"m","r":"F265"}},{"type":"Feature","geometry":{"type":"LineString","coordinates":[[3.3973,6.5711],[3.3966,6.5773]]},"properties":{"c":"m","r":""}},{"type":"Feature","geometry":{"type":"LineString","coordinates":[[3.3955,6.5635],[3.3973,6.5474]]},"properties":{"c":"m","r":""}},{"type":"Feature","geometry":{"type":"LineString","coordinates":[[3.3958,6.5634],[3.3973,6.5711]]},"properties":{"c":"m","r":""}},{"type":"Feature","geometry":{"type":"LineString","coordinates":[[3.3971,6.5711],[3.3955,6.5635]]},"properties":{"c":"m","r":""}},{"type":"Feature","geometry":{"type":"LineString","coordinates":[[3.3333,6.6015],[3.3284,6.6074],[3.3236,6.6083]]},"properties":{"c":"t","r":"A5"}},{"type":"Feature","geometry":{"type":"LineString","coordinates":[[3.3234,6.6081],[3.3236,6.6082]]},"properties":{"c":"t","r":"A5"}},{"type":"Feature","geometry":{"type":"LineString","coordinates":[[3.3162,6.6055],[3.3161,6.6055]]},"properties":{"c":"t","r":"A5"}},{"type":"Feature","geometry":{"type":"LineString","coordinates":[[3.3236,6.6083],[3.3234,6.6083]]},"properties":{"c":"t","r":"A5"}},{"type":"Feature","geometry":{"type":"LineString","coordinates":[[3.3163,6.6054],[3.3234,6.6081]]},"properties":{"c":"t","r":"A5"}},{"type":"Feature","geometry":{"type":"LineString","coordinates":[[3.2984,6.6259],[3.3057,6.6444]]},"properties":{"c":"t","r":"A5"}},{"type":"Feature","geometry":{"type":"LineString","coordinates":[[3.3236,6.6082],[3.3282,6.6074],[3.3331,6.6014]]},"properties":{"c":"t","r":"A5"}},{"type":"Feature","geometry":{"type":"LineString","coordinates":[[3.3162,6.6054],[3.3163,6.6054]]},"properties":{"c":"t","r":"A5"}},{"type":"Feature","geometry":{"type":"LineString","coordinates":[[3.3234,6.6083],[3.3162,6.6055]]},"properties":{"c":"t","r":"A5"}},{"type":"Feature","geometry":{"type":"LineString","coordinates":[[3.2391,6.6996],[3.2428,6.7069]]},"properties":{"c":"t","r":"A5-1"}},{"type":"Feature","geometry":{"type":"LineString","coordinates":[[3.4335,6.6094],[3.4154,6.6122],[3.4067,6.6057]]},"properties":{"c":"t","r":"A1"}},{"type":"Feature","geometry":{"type":"LineString","coordinates":[[3.4696,6.6191],[3.4792,6.6201],[3.4847,6.6255],[3.5033,6.6204]]},"properties":{"c":"t","r":"A1"}},{"type":"Feature","geometry":{"type":"LineString","coordinates":[[3.4409,6.6112],[3.4405,6.6106]]},"properties":{"c":"t","r":"A1"}},{"type":"Feature","geometry":{"type":"LineString","coordinates":[[3.4473,6.617],[3.4504,6.6202]]},"properties":{"c":"t","r":"A1"}},{"type":"Feature","geometry":{"type":"LineString","coordinates":[[3.4687,6.619],[3.4505,6.6204]]},"properties":{"c":"t","r":"A1"}},{"type":"Feature","geometry":{"type":"LineString","coordinates":[[3.4469,6.6166],[3.4473,6.617]]},"properties":{"c":"t","r":"A1"}},{"type":"Feature","geometry":{"type":"LineString","coordinates":[[3.4688,6.6188],[3.4696,6.6191]]},"properties":{"c":"t","r":"A1"}},{"type":"Feature","geometry":{"type":"LineString","coordinates":[[3.4471,6.6171],[3.4467,6.6167]]},"properties":{"c":"t","r":"A1"}},{"type":"Feature","geometry":{"type":"LineString","coordinates":[[3.506,6.6263],[3.5035,6.6206]]},"properties":{"c":"t","r":"A1"}},{"type":"Feature","geometry":{"type":"LineString","coordinates":[[3.4695,6.6194],[3.4687,6.619]]},"properties":{"c":"t","r":"A1"}},{"type":"Feature","geometry":{"type":"LineString","coordinates":[[3.5036,6.6205],[3.5061,6.6263]]},"properties":{"c":"t","r":"A1"}},{"type":"Feature","geometry":{"type":"LineString","coordinates":[[3.441,6.6111],[3.442,6.6126]]},"properties":{"c":"t","r":"A1"}},{"type":"Feature","geometry":{"type":"LineString","coordinates":[[3.4407,6.6105],[3.441,6.6111]]},"properties":{"c":"t","r":"A1"}},{"type":"Feature","geometry":{"type":"LineString","coordinates":[[3.4467,6.6167],[3.4421,6.613]]},"properties":{"c":"t","r":"A1"}},{"type":"Feature","geometry":{"type":"LineString","coordinates":[[3.5036,6.6205],[3.5036,6.6205]]},"properties":{"c":"t","r":""}},{"type":"Feature","geometry":{"type":"LineString","coordinates":[[4.4523,7.5],[4.4271,7.4926],[4.3948,7.4744],[4.3587,7.4673],[4.3214,7.4667],[4.2983,7.4609],[4.2762,7.4427],[4.2613,7.4353],[4.2514,7.4137],[4.2426,7.4074],[4.23,7.4038]]},"properties":{"c":"t","r":"A122"}},{"type":"Feature","geometry":{"type":"LineString","coordinates":[[3.3789,6.6444],[3.3724,6.6408]]},"properties":{"c":"m","r":"E1"}},{"type":"Feature","geometry":{"type":"LineString","coordinates":[[3.379,6.6442],[3.3849,6.6472]]},"properties":{"c":"m","r":"E1"}},{"type":"Feature","geometry":{"type":"LineString","coordinates":[[3.3848,6.6474],[3.3789,6.6444]]},"properties":{"c":"m","r":"E1"}},{"type":"Feature","geometry":{"type":"LineString","coordinates":[[3.3849,6.6472],[3.401,6.6592],[3.4139,6.6889]]},"properties":{"c":"m","r":"E1"}},{"type":"Feature","geometry":{"type":"LineString","coordinates":[[3.3642,6.6282],[3.3659,6.616],[3.3826,6.5939]]},"properties":{"c":"m","r":"E1"}},{"type":"Feature","geometry":{"type":"LineString","coordinates":[[3.3643,6.6282],[3.3647,6.6301]]},"properties":{"c":"m","r":"E1"}},{"type":"Feature","geometry":{"type":"LineString","coordinates":[[3.3647,6.6301],[3.3722,6.6405]]},"properties":{"c":"m","r":"E1"}},{"type":"Feature","geometry":{"type":"LineString","coordinates":[[3.3646,6.6301],[3.3642,6.6282]]},"properties":{"c":"m","r":"E1"}},{"type":"Feature","geometry":{"type":"LineString","coordinates":[[3.3722,6.6405],[3.3725,6.6407]]},"properties":{"c":"m","r":"E1"}},{"type":"Feature","geometry":{"type":"LineString","coordinates":[[3.3721,6.6406],[3.3646,6.6301]]},"properties":{"c":"m","r":"E1"}},{"type":"Feature","geometry":{"type":"LineString","coordinates":[[3.3725,6.6407],[3.379,6.6442]]},"properties":{"c":"m","r":"E1"}},{"type":"Feature","geometry":{"type":"LineString","coordinates":[[3.3724,6.6408],[3.3721,6.6406]]},"properties":{"c":"m","r":"E1"}},{"type":"Feature","geometry":{"type":"LineString","coordinates":[[3.899,7.3794],[3.9001,7.3815]]},"properties":{"c":"t","r":"A1"}},{"type":"Feature","geometry":{"type":"LineString","coordinates":[[3.8899,7.4003],[3.8894,7.3996]]},"properties":{"c":"t","r":"A5"}},{"type":"Feature","geometry":{"type":"LineString","coordinates":[[3.8651,7.2817],[3.8635,7.2855]]},"properties":{"c":"t","r":"A1"}},{"type":"Feature","geometry":{"type":"LineString","coordinates":[[3.9087,7.3985],[3.8981,7.4012]]},"properties":{"c":"t","r":"A5"}},{"type":"Feature","geometry":{"type":"LineString","coordinates":[[3.8963,7.4013],[3.8904,7.401]]},"properties":{"c":"t","r":"A5"}},{"type":"Feature","geometry":{"type":"LineString","coordinates":[[3.9104,7.4083],[3.909,7.3985]]},"properties":{"c":"t","r":"A1"}},{"type":"Feature","geometry":{"type":"LineString","coordinates":[[3.9091,7.3985],[3.9091,7.3985]]},"properties":{"c":"t","r":""}},{"type":"Feature","geometry":{"type":"LineString","coordinates":[[3.9,7.3815],[3.8997,7.3875],[3.9027,7.3875],[3.9051,7.3943]]},"properties":{"c":"t","r":"A1"}},{"type":"Feature","geometry":{"type":"LineString","coordinates":[[3.9107,7.4086],[3.9107,7.4086]]},"properties":{"c":"t","r":""}},{"type":"Feature","geometry":{"type":"LineString","coordinates":[[3.9001,7.3815],[3.9047,7.3858]]},"properties":{"c":"t","r":"A122"}},{"type":"Feature","geometry":{"type":"LineString","coordinates":[[3.9432,7.4042],[3.939,7.4032]]},"properties":{"c":"t","r":"A122"}},{"type":"Feature","geometry":{"type":"LineString","coordinates":[[7.4466,10.5852],[7.4326,10.5854]]},"properties":{"c":"t","r":"A2"}},{"type":"Feature","geometry":{"type":"LineString","coordinates":[[7.4328,10.585],[7.4465,10.585]]},"properties":{"c":"t","r":"A2"}},{"type":"Feature","geometry":{"type":"LineString","coordinates":[[7.4656,10.6112],[7.4513,10.5978],[7.4484,10.5901]]},"properties":{"c":"t","r":"A2"}},{"type":"Feature","geometry":{"type":"LineString","coordinates":[[7.3911,10.4565],[7.3932,10.4804]]},"properties":{"c":"t","r":"A2"}},{"type":"Feature","geometry":{"type":"LineString","coordinates":[[7.3982,10.4455],[7.3984,10.4453]]},"properties":{"c":"t","r":"A2"}},{"type":"Feature","geometry":{"type":"LineString","coordinates":[[7.5154,10.4362],[7.471,10.4498],[7.4511,10.4502]]},"properties":{"c":"t","r":"A235"}},{"type":"Feature","geometry":{"type":"LineString","coordinates":[[7.4033,10.4433],[7.4002,10.444]]},"properties":{"c":"t","r":"A235"}},{"type":"Feature","geometry":{"type":"LineString","coordinates":[[7.4037,10.4432],[7.4382,10.4444],[7.4492,10.4489]]},"properties":{"c":"t","r":"A235"}},{"type":"Feature","geometry":{"type":"LineString","coordinates":[[7.4003,10.4437],[7.4033,10.4432]]},"properties":{"c":"t","r":"A235"}},{"type":"Feature","geometry":{"type":"LineString","coordinates":[[7.4036,10.4433],[7.4033,10.4433]]},"properties":{"c":"t","r":"A235"}},{"type":"Feature","geometry":{"type":"LineString","coordinates":[[7.3984,10.4453],[7.4003,10.4437]]},"properties":{"c":"t","r":"A2"}},{"type":"Feature","geometry":{"type":"LineString","coordinates":[[7.4033,10.4432],[7.4037,10.4432]]},"properties":{"c":"t","r":"A235"}},{"type":"Feature","geometry":{"type":"LineString","coordinates":[[7.3983,10.4456],[7.3982,10.4458]]},"properties":{"c":"t","r":"A2"}},{"type":"Feature","geometry":{"type":"LineString","coordinates":[[7.6842,11.0747],[7.6884,11.0767]]},"properties":{"c":"t","r":"A236"}},{"type":"Feature","geometry":{"type":"LineString","coordinates":[[7.4491,10.449],[7.443,10.4451],[7.4036,10.4433]]},"properties":{"c":"t","r":"A235"}},{"type":"Feature","geometry":{"type":"LineString","coordinates":[[7.4493,10.449],[7.4697,10.45],[7.5148,10.4364]]},"properties":{"c":"t","r":"A235"}},{"type":"Feature","geometry":{"type":"LineString","coordinates":[[7.4511,10.4502],[7.4492,10.4491]]},"properties":{"c":"t","r":"A235"}},{"type":"Feature","geometry":{"type":"LineString","coordinates":[[7.4492,10.4489],[7.4493,10.449]]},"properties":{"c":"t","r":"A235"}},{"type":"Feature","geometry":{"type":"LineString","coordinates":[[7.4492,10.4491],[7.4491,10.449]]},"properties":{"c":"t","r":"A235"}},{"type":"Feature","geometry":{"type":"LineString","coordinates":[[7.3931,10.4804],[7.391,10.4567]]},"properties":{"c":"t","r":"A2"}},{"type":"Feature","geometry":{"type":"LineString","coordinates":[[7.3932,10.4804],[7.3937,10.4826]]},"properties":{"c":"t","r":"A2"}},{"type":"Feature","geometry":{"type":"LineString","coordinates":[[7.3936,10.4826],[7.3931,10.4804]]},"properties":{"c":"t","r":"A2"}},{"type":"Feature","geometry":{"type":"LineString","coordinates":[[7.3937,10.4826],[7.3991,10.5232],[7.4099,10.5408],[7.4152,10.5599]]},"properties":{"c":"t","r":"A2"}},{"type":"Feature","geometry":{"type":"LineString","coordinates":[[7.3802,10.5901],[7.3991,10.5965],[7.4207,10.5847],[7.4322,10.5851]]},"properties":{"c":"t","r":"A125"}},{"type":"Feature","geometry":{"type":"LineString","coordinates":[[7.4323,10.5853],[7.4195,10.5852],[7.3991,10.5966],[7.3802,10.5902]]},"properties":{"c":"t","r":"A125"}},{"type":"Feature","geometry":{"type":"LineString","coordinates":[[7.404,10.4418],[7.4048,10.4357]]},"properties":{"c":"t","r":"A2"}},{"type":"Feature","geometry":{"type":"LineString","coordinates":[[7.4327,10.5853],[7.4327,10.5853]]},"properties":{"c":"t","r":""}},{"type":"Feature","geometry":{"type":"LineString","coordinates":[[7.3598,10.5927],[7.3413,10.5984],[7.3326,10.5973],[7.2961,10.6163],[7.2682,10.6138],[7.2594,10.6176],[7.2263,10.6181]]},"properties":{"c":"t","r":"A125"}},{"type":"Feature","geometry":{"type":"LineString","coordinates":[[7.3598,10.5927],[7.3615,10.5922]]},"properties":{"c":"t","r":"A125"}},{"type":"Feature","geometry":{"type":"LineString","coordinates":[[7.3618,10.5924],[7.3618,10.5924]]},"properties":{"c":"t","r":""}},{"type":"Feature","geometry":{"type":"LineString","coordinates":[[7.3615,10.5924],[7.3598,10.5927]]},"properties":{"c":"t","r":"A125"}},{"type":"Feature","geometry":{"type":"LineString","coordinates":[[7.2256,10.6178],[7.2145,10.6043],[7.2009,10.6031],[7.1828,10.6102],[7.1522,10.6086],[7.1017,10.6222],[7.0878,10.6334],[7.073,10.637]]},"properties":{"c":"t","r":"A125"}},{"type":"Feature","geometry":{"type":"LineString","coordinates":[[7.2263,10.6181],[7.2256,10.6178]]},"properties":{"c":"t","r":"A125"}},{"type":"Feature","geometry":{"type":"LineString","coordinates":[[5.4461,10.3986],[5.4296,10.3666],[5.3934,10.3215],[5.3872,10.2682],[5.3939,10.2397],[5.3934,10.2301],[5.4033,10.1984],[5.4021,10.1868]]},"properties":{"c":"t","r":"A1"}},{"type":"Feature","geometry":{"type":"LineString","coordinates":[[5.2811,13.7557],[5.2953,13.7353],[5.2966,13.7277],[5.2918,13.7103],[5.2893,13.6765],[5.2958,13.669],[5.3022,13.6482],[5.3221,13.6256],[5.3203,13.5587],[5.2959,13.4905],[5.28,13.4609],[5.2776,13.4169],[5.2798,13.3961],[5.2714,13.3909],[5.2471,13.365],[5.236,13.3611],[5.2283,13.3372]]},"properties":{"c":"t","r":"A1"}},{"type":"Feature","geometry":{"type":"LineString","coordinates":[[7.5169,10.4348],[7.5172,10.4345]]},"properties":{"c":"t","r":"A235"}},{"type":"Feature","geometry":{"type":"LineString","coordinates":[[7.5146,10.429],[7.5173,10.4351]]},"properties":{"c":"t","r":""}},{"type":"Feature","geometry":{"type":"LineString","coordinates":[[7.5172,10.4345],[7.5191,10.4328]]},"properties":{"c":"t","r":"A235"}},{"type":"Feature","geometry":{"type":"LineString","coordinates":[[7.5172,10.4346],[7.5169,10.4349]]},"properties":{"c":"t","r":"A235"}},{"type":"Feature","geometry":{"type":"LineString","coordinates":[[7.4002,10.444],[7.3983,10.4456]]},"properties":{"c":"t","r":"A2"}},{"type":"Feature","geometry":{"type":"LineString","coordinates":[[7.3895,10.0355],[7.4103,10.0001],[7.4156,9.9608],[7.4215,9.946]]},"properties":{"c":"t","r":"A2"}},{"type":"Feature","geometry":{"type":"LineString","coordinates":[[7.3702,10.0793],[7.3706,10.0782]]},"properties":{"c":"t","r":"A2"}},{"type":"Feature","geometry":{"type":"LineString","coordinates":[[7.3893,10.0359],[7.3895,10.0355]]},"properties":{"c":"t","r":"A2"}},{"type":"Feature","geometry":{"type":"LineString","coordinates":[[7.3896,10.036],[7.3709,10.0783]]},"properties":{"c":"t","r":"A2"}},{"type":"Feature","geometry":{"type":"LineString","coordinates":[[7.3706,10.0782],[7.3798,10.0624],[7.3893,10.0359]]},"properties":{"c":"t","r":"A2"}},{"type":"Feature","geometry":{"type":"LineString","coordinates":[[7.3709,10.0783],[7.3705,10.0795]]},"properties":{"c":"t","r":"A2"}},{"type":"Feature","geometry":{"type":"LineString","coordinates":[[7.3897,10.0356],[7.3896,10.036]]},"properties":{"c":"t","r":"A2"}},{"type":"Feature","geometry":{"type":"LineString","coordinates":[[7.3705,10.0795],[7.3563,10.1322],[7.3565,10.1622],[7.3437,10.2175],[7.3601,10.2824],[7.3908,10.3277],[7.3974,10.3592],[7.4016,10.4231],[7.4049,10.4351]]},"properties":{"c":"t","r":"A2"}},{"type":"Feature","geometry":{"type":"LineString","coordinates":[[7.5015,10.6865],[7.4904,10.6779],[7.4766,10.6561]]},"properties":{"c":"t","r":"A2"}},{"type":"Feature","geometry":{"type":"LineString","coordinates":[[7.5113,10.6935],[7.5107,10.6921]]},"properties":{"c":"t","r":"A11"}},{"type":"Feature","geometry":{"type":"LineString","coordinates":[[7.6861,11.0759],[7.6893,11.0938]]},"properties":{"c":"t","r":"A2"}},{"type":"Feature","geometry":{"type":"LineString","coordinates":[[7.7559,10.7008],[7.7468,10.7186],[7.7246,10.7288]]},"properties":{"c":"t","r":"A11"}},{"type":"Feature","geometry":{"type":"LineString","coordinates":[[7.51,10.6905],[7.5113,10.6935]]},"properties":{"c":"t","r":"A11"}},{"type":"Feature","geometry":{"type":"LineString","coordinates":[[7.7562,10.7001],[7.7559,10.7008]]},"properties":{"c":"t","r":"A11"}},{"type":"Feature","geometry":{"type":"LineString","coordinates":[[7.574,10.8294],[7.5744,10.8296]]},"properties":{"c":"t","r":"A2"}},{"type":"Feature","geometry":{"type":"LineString","coordinates":[[7.5744,10.8296],[7.5926,10.8628],[7.632,10.8749],[7.6368,10.8791],[7.649,10.9086],[7.6481,10.9261],[7.6437,10.9357],[7.647,10.9514],[7.6447,10.9803],[7.6754,11.0249]]},"properties":{"c":"t","r":"A2"}},{"type":"Feature","geometry":{"type":"LineString","coordinates":[[7.5607,10.8143],[7.5608,10.8145]]},"properties":{"c":"t","r":"A2"}},{"type":"Feature","geometry":{"type":"LineString","coordinates":[[7.5605,10.8146],[7.5604,10.8143]]},"properties":{"c":"t","r":"A2"}},{"type":"Feature","geometry":{"type":"LineString","coordinates":[[7.5044,10.6881],[7.5127,10.7],[7.5113,10.7416],[7.5187,10.7547],[7.52,10.7719],[7.5374,10.7922],[7.548,10.798],[7.5514,10.8057],[7.5607,10.8143]]},"properties":{"c":"t","r":"A2"}},{"type":"Feature","geometry":{"type":"LineString","coordinates":[[7.5604,10.8143],[7.5521,10.807],[7.548,10.7984],[7.5371,10.7923],[7.5198,10.772],[7.5186,10.755],[7.511,10.7412],[7.5125,10.7],[7.5015,10.6865]]},"properties":{"c":"t","r":"A2"}},{"type":"Feature","geometry":{"type":"LineString","coordinates":[[7.6751,11.0248],[7.6446,10.9807],[7.6468,10.9517],[7.6434,10.9363],[7.6478,10.9267],[7.6489,10.9092],[7.6365,10.879],[7.6083,10.8665],[7.5926,10.8631],[7.5743,10.8297]]},"properties":{"c":"t","r":"A2"}},{"type":"Feature","geometry":{"type":"LineString","coordinates":[[7.5739,10.8295],[7.5605,10.8146]]},"properties":{"c":"t","r":"A2"}},{"type":"Feature","geometry":{"type":"LineString","coordinates":[[7.6754,11.0249],[7.6755,11.0253]]},"properties":{"c":"t","r":"A2"}},{"type":"Feature","geometry":{"type":"LineString","coordinates":[[7.5608,10.8145],[7.574,10.8294]]},"properties":{"c":"t","r":"A2"}},{"type":"Feature","geometry":{"type":"LineString","coordinates":[[7.5743,10.8297],[7.5739,10.8295]]},"properties":{"c":"t","r":"A2"}},{"type":"Feature","geometry":{"type":"LineString","coordinates":[[8.5327,11.9922],[8.5319,11.9906]]},"properties":{"c":"t","r":"A2"}},{"type":"Feature","geometry":{"type":"LineString","coordinates":[[8.5524,11.9661],[8.5642,11.9528],[8.5657,11.946],[8.5518,11.9273],[8.5455,11.9109]]},"properties":{"c":"t","r":"A2"}},{"type":"Feature","geometry":{"type":"LineString","coordinates":[[8.5453,11.9104],[8.5375,11.862],[8.5175,11.8425]]},"properties":{"c":"t","r":"A2"}},{"type":"Feature","geometry":{"type":"LineString","coordinates":[[8.531,12.0102],[8.5328,12.0059]]},"properties":{"c":"t","r":"A2"}},{"type":"Feature","geometry":{"type":"LineString","coordinates":[[8.5335,12.0042],[8.5336,12.0041]]},"properties":{"c":"t","r":"A2"}},{"type":"Feature","geometry":{"type":"LineString","coordinates":[[8.4692,12.0618],[8.4935,12.0341],[8.5151,12.0278]]},"properties":{"c":"t","r":"A2"}},{"type":"Feature","geometry":{"type":"LineString","coordinates":[[8.5268,12.0126],[8.525,12.0147]]},"properties":{"c":"t","r":"A2"}},{"type":"Feature","geometry":{"type":"LineString","coordinates":[[8.5315,12.0102],[8.5312,12.0107]]},"properties":{"c":"t","r":"A2"}},{"type":"Feature","geometry":{"type":"LineString","coordinates":[[8.5154,12.0281],[8.5151,12.0281]]},"properties":{"c":"t","r":"A2"}},{"type":"Feature","geometry":{"type":"LineString","coordinates":[[8.5342,11.9896],[8.5325,11.9903]]},"properties":{"c":"t","r":"A2"}},{"type":"Feature","geometry":{"type":"LineString","coordinates":[[8.532,11.9903],[8.5342,11.9894]]},"properties":{"c":"t","r":"A2"}},{"type":"Feature","geometry":{"type":"LineString","coordinates":[[8.5151,12.0277],[8.5164,12.0224],[8.5249,12.0147]]},"properties":{"c":"t","r":"A2"}},{"type":"Feature","geometry":{"type":"LineString","coordinates":[[8.5454,11.9103],[8.5456,11.9109]]},"properties":{"c":"t","r":"A2"}},{"type":"Feature","geometry":{"type":"LineString","coordinates":[[8.5336,12.0044],[8.5329,12.0059]]},"properties":{"c":"t","r":"A2"}},{"type":"Feature","geometry":{"type":"LineString","coordinates":[[8.4505,12.0797],[8.4503,12.0793]]},"properties":{"c":"t","r":"A2"}},{"type":"Feature","geometry":{"type":"LineString","coordinates":[[8.5341,11.9897],[8.5399,11.9796]]},"properties":{"c":"t","r":"A2"}},{"type":"Feature","geometry":{"type":"LineString","coordinates":[[8.4504,12.0797],[8.4498,12.0799]]},"properties":{"c":"t","r":"A9"}},{"type":"Feature","geometry":{"type":"LineString","coordinates":[[8.4498,12.0799],[8.4503,12.0793]]},"properties":{"c":"t","r":"A9"}},{"type":"Feature","geometry":{"type":"LineString","coordinates":[[8.5267,12.0122],[8.531,12.0103]]},"properties":{"c":"t","r":"A2"}},{"type":"Feature","geometry":{"type":"LineString","coordinates":[[8.5404,11.979],[8.5491,11.9694]]},"properties":{"c":"t","r":"A2"}},{"type":"Feature","geometry":{"type":"LineString","coordinates":[[8.4509,12.0798],[8.4505,12.0797]]},"properties":{"c":"t","r":"A2"}},{"type":"Feature","geometry":{"type":"LineString","coordinates":[[8.4509,12.0794],[8.4509,12.0798]]},"properties":{"c":"t","r":"A2"}},{"type":"Feature","geometry":{"type":"LineString","coordinates":[[8.5492,11.9695],[8.5404,11.979]]},"properties":{"c":"t","r":"A2"}},{"type":"Feature","geometry":{"type":"LineString","coordinates":[[8.5456,11.9109],[8.552,11.9274],[8.5658,11.9458],[8.5642,11.953],[8.5524,11.9662]]},"properties":{"c":"t","r":"A2"}},{"type":"Feature","geometry":{"type":"LineString","coordinates":[[7.689,11.0937],[7.6858,11.0758]]},"properties":{"c":"t","r":"A2"}},{"type":"Feature","geometry":{"type":"LineString","coordinates":[[8.5344,11.995],[8.5336,12.0041]]},"properties":{"c":"t","r":"A2"}},{"type":"Feature","geometry":{"type":"LineString","coordinates":[[8.5399,11.9797],[8.5342,11.9896]]},"properties":{"c":"t","r":"A2"}},{"type":"Feature","geometry":{"type":"LineString","coordinates":[[8.5455,11.9109],[8.5453,11.9104]]},"properties":{"c":"t","r":"A2"}},{"type":"Feature","geometry":{"type":"LineString","coordinates":[[8.5151,12.0281],[8.4934,12.0343],[8.4619,12.0709],[8.4509,12.0793]]},"properties":{"c":"t","r":"A2"}},{"type":"Feature","geometry":{"type":"LineString","coordinates":[[8.5335,12.0042],[8.5343,11.995]]},"properties":{"c":"t","r":"A2"}},{"type":"Feature","geometry":{"type":"LineString","coordinates":[[8.5312,12.0107],[8.5269,12.0124]]},"properties":{"c":"t","r":"A2"}},{"type":"Feature","geometry":{"type":"LineString","coordinates":[[8.5509,11.9679],[8.5518,11.968]]},"properties":{"c":"t","r":"A237"}},{"type":"Feature","geometry":{"type":"LineString","coordinates":[[8.5896,11.9633],[8.5653,11.9766],[8.5573,11.9687],[8.5508,11.9681]]},"properties":{"c":"t","r":"A237"}},{"type":"Feature","geometry":{"type":"LineString","coordinates":[[10.5595,11.2445],[10.5743,11.2567],[10.5898,11.28],[10.6126,11.3046],[10.6694,11.3488],[10.7005,11.3677],[10.7582,11.3915],[10.8017,11.4263],[10.8181,11.4323],[10.8518,11.4354],[10.9237,11.4601],[10.9478,11.478],[10.9719,11.5003],[10.9795,11.5275],[11.0015,11.5641],[11.0446,11.6584],[11.0468,11.6717]]},"properties":{"c":"t","r":"A3"}},{"type":"Feature","geometry":{"type":"LineString","coordinates":[[8.8165,11.8131],[8.729,11.8364],[8.7044,11.865],[8.6751,11.886],[8.6378,11.927],[8.5927,11.963]]},"properties":{"c":"t","r":"A237"}},{"type":"Feature","geometry":{"type":"LineString","coordinates":[[8.5249,12.0147],[8.5164,12.0225],[8.5154,12.0278]]},"properties":{"c":"t","r":"A2"}},{"type":"Feature","geometry":{"type":"LineString","coordinates":[[8.525,12.0147],[8.5249,12.0147]]},"properties":{"c":"t","r":"A2"}},{"type":"Feature","geometry":{"type":"LineString","coordinates":[[8.525,12.0146],[8.5265,12.0125]]},"properties":{"c":"t","r":"A2"}},{"type":"Feature","geometry":{"type":"LineString","coordinates":[[8.5249,12.0147],[8.525,12.0146]]},"properties":{"c":"t","r":"A2"}},{"type":"Feature","geometry":{"type":"LineString","coordinates":[[7.0676,4.8562],[7.0702,4.8569]]},"properties":{"c":"t","r":"A3"}},{"type":"Feature","geometry":{"type":"LineString","coordinates":[[7.0676,4.8563],[7.066,4.8557]]},"properties":{"c":"t","r":"A3"}},{"type":"Feature","geometry":{"type":"LineString","coordinates":[[7.0031,4.7947],[7.006,4.7989]]},"properties":{"c":"t","r":"A3"}},{"type":"Feature","geometry":{"type":"LineString","coordinates":[[7.0661,4.8556],[7.0676,4.8562]]},"properties":{"c":"t","r":"A3"}},{"type":"Feature","geometry":{"type":"LineString","coordinates":[[7.0133,4.7744],[7.0062,4.7817]]},"properties":{"c":"t","r":"A3"}},{"type":"Feature","geometry":{"type":"LineString","coordinates":[[7.006,4.799],[7.0031,4.7948]]},"properties":{"c":"t","r":"A3"}},{"type":"Feature","geometry":{"type":"LineString","coordinates":[[7.0031,4.7948],[7.0022,4.7904]]},"properties":{"c":"t","r":"A3"}},{"type":"Feature","geometry":{"type":"LineString","coordinates":[[7.457,9.0775],[7.4693,9.0696]]},"properties":{"c":"m","r":""}},{"type":"Feature","geometry":{"type":"LineString","coordinates":[[7.4571,9.0777],[7.4561,9.0782]]},"properties":{"c":"m","r":""}},{"type":"Feature","geometry":{"type":"LineString","coordinates":[[7.363,9.1319],[7.3458,9.143],[7.3322,9.1426]]},"properties":{"c":"m","r":"A234"}},{"type":"Feature","geometry":{"type":"LineString","coordinates":[[7.3321,9.1424],[7.346,9.1427],[7.3629,9.1317]]},"properties":{"c":"m","r":"A234"}},{"type":"Feature","geometry":{"type":"LineString","coordinates":[[7.3005,9.1378],[7.3311,9.1421]]},"properties":{"c":"t","r":""}},{"type":"Feature","geometry":{"type":"LineString","coordinates":[[7.3633,9.1317],[7.363,9.1319]]},"properties":{"c":"m","r":"A234"}},{"type":"Feature","geometry":{"type":"LineString","coordinates":[[7.3629,9.1317],[7.3632,9.1315]]},"properties":{"c":"m","r":"A234"}},{"type":"Feature","geometry":{"type":"LineString","coordinates":[[7.4048,9.1195],[7.4653,9.1172],[7.4961,9.104],[7.5051,9.0987],[7.5112,9.0854],[7.5211,9.0768],[7.5246,9.0597]]},"properties":{"c":"m","r":"A234"}},{"type":"Feature","geometry":{"type":"LineString","coordinates":[[7.3628,9.1315],[7.3631,9.1314]]},"properties":{"c":"t","r":""}},{"type":"Feature","geometry":{"type":"LineString","coordinates":[[7.4365,9.1175],[7.4678,9.1166],[7.5024,9.1007],[7.5111,9.0852],[7.521,9.0765],[7.5245,9.0669]]},"properties":{"c":"t","r":""}},{"type":"Feature","geometry":{"type":"LineString","coordinates":[[7.3633,9.1319],[7.3631,9.132]]},"properties":{"c":"t","r":""}},{"type":"Feature","geometry":{"type":"LineString","coordinates":[[9.9025,10.2969],[9.9883,10.2616],[10.0265,10.2703],[10.0504,10.2659],[10.0782,10.2553],[10.1332,10.2521],[10.1445,10.2401]]},"properties":{"c":"t","r":"A345"}},{"type":"Feature","geometry":{"type":"LineString","coordinates":[[8.286,8.9135],[8.2871,8.913]]},"properties":{"c":"t","r":"A234"}},{"type":"Feature","geometry":{"type":"LineString","coordinates":[[8.2871,8.913],[8.3218,8.9124],[8.35,8.9213],[8.3788,8.9197],[8.392,8.9108]]},"properties":{"c":"t","r":"A234"}},{"type":"Feature","geometry":{"type":"LineString","coordinates":[[10.0225,10.4614],[10.0352,10.4735]]},"properties":{"c":"t","r":"A3"}},{"type":"Feature","geometry":{"type":"LineString","coordinates":[[10.1445,10.2401],[10.1459,10.24]]},"properties":{"c":"t","r":"A345"}},{"type":"Feature","geometry":{"type":"LineString","coordinates":[[9.7357,10.2976],[9.7268,10.2874],[9.7076,10.2798],[9.6544,10.2442],[9.617,10.2385],[9.5877,10.2238],[9.5635,10.2208],[9.553,10.2163],[9.5021,10.2274],[9.4672,10.2222],[9.4398,10.2237],[9.4262,10.2275],[9.3875,10.2168],[9.367,10.206],[9.3432,10.2023],[9.3348,10.1955],[9.3231,10.1769]]},"properties":{"c":"t","r":"A3"}},{"type":"Feature","geometry":{"type":"LineString","coordinates":[[9.8593,10.349],[9.887,10.35],[9.9179,10.3752],[9.9441,10.3826],[9.9523,10.3894],[9.9662,10.4133],[9.9778,10.418]]},"properties":{"c":"t","r":"A3"}},{"type":"Feature","geometry":{"type":"LineString","coordinates":[[7.7037,11.1293],[7.6953,11.1116]]},"properties":{"c":"t","r":"A2"}},{"type":"Feature","geometry":{"type":"LineString","coordinates":[[7.7048,11.1307],[7.7099,11.1359],[7.7382,11.1454],[7.7419,11.15]]},"properties":{"c":"t","r":"A2"}},{"type":"Feature","geometry":{"type":"LineString","coordinates":[[7.7045,11.1305],[7.704,11.1297]]},"properties":{"c":"t","r":"A2"}},{"type":"Feature","geometry":{"type":"LineString","coordinates":[[7.7046,11.1304],[7.7048,11.1307]]},"properties":{"c":"t","r":"A2"}},{"type":"Feature","geometry":{"type":"LineString","coordinates":[[7.704,11.1297],[7.7037,11.1293]]},"properties":{"c":"t","r":"A2"}},{"type":"Feature","geometry":{"type":"LineString","coordinates":[[7.7047,11.1308],[7.7045,11.1305]]},"properties":{"c":"t","r":"A2"}},{"type":"Feature","geometry":{"type":"LineString","coordinates":[[8.5416,9.4871],[8.5467,9.4789],[8.5565,9.4787]]},"properties":{"c":"t","r":"A3"}},{"type":"Feature","geometry":{"type":"LineString","coordinates":[[8.5417,9.4877],[8.5416,9.4871]]},"properties":{"c":"t","r":"A3"}},{"type":"Feature","geometry":{"type":"LineString","coordinates":[[7.5215,9.0495],[7.5259,9.0498]]},"properties":{"c":"t","r":""}},{"type":"Feature","geometry":{"type":"LineString","coordinates":[[7.5273,9.0506],[7.5254,9.0501]]},"properties":{"c":"m","r":"A234"}},{"type":"Feature","geometry":{"type":"LineString","coordinates":[[7.5267,9.0498],[7.5267,9.0498]]},"properties":{"c":"t","r":""}},{"type":"Feature","geometry":{"type":"LineString","coordinates":[[7.5211,9.0514],[7.5242,9.057]]},"properties":{"c":"t","r":""}},{"type":"Feature","geometry":{"type":"LineString","coordinates":[[7.4598,9.0802],[7.4728,9.0896],[7.4797,9.1071]]},"properties":{"c":"t","r":""}},{"type":"Feature","geometry":{"type":"LineString","coordinates":[[7.4719,9.0694],[7.4705,9.0696]]},"properties":{"c":"m","r":""}},{"type":"Feature","geometry":{"type":"LineString","coordinates":[[7.4808,9.111],[7.4732,9.0909],[7.4551,9.0768],[7.4516,9.0682]]},"properties":{"c":"m","r":""}},{"type":"Feature","geometry":{"type":"LineString","coordinates":[[7.4519,9.0682],[7.4547,9.076],[7.4728,9.0899],[7.481,9.1109]]},"properties":{"c":"m","r":""}},{"type":"Feature","geometry":{"type":"LineString","coordinates":[[7.4722,9.0691],[7.479,9.0679]]},"properties":{"c":"m","r":""}},{"type":"Feature","geometry":{"type":"LineString","coordinates":[[7.4518,9.0664],[7.4536,9.057]]},"properties":{"c":"m","r":""}},{"type":"Feature","geometry":{"type":"LineString","coordinates":[[7.454,9.057],[7.4522,9.067]]},"properties":{"c":"t","r":""}},{"type":"Feature","geometry":{"type":"LineString","coordinates":[[7.4632,9.034],[7.4566,9.044]]},"properties":{"c":"t","r":""}},{"type":"Feature","geometry":{"type":"LineString","coordinates":[[7.469,9.0286],[7.489,9.0147]]},"properties":{"c":"m","r":""}},{"type":"Feature","geometry":{"type":"LineString","coordinates":[[7.4552,9.0464],[7.4628,9.0341]]},"properties":{"c":"m","r":""}},{"type":"Feature","geometry":{"type":"LineString","coordinates":[[7.4536,9.057],[7.4536,9.0563]]},"properties":{"c":"m","r":""}},{"type":"Feature","geometry":{"type":"LineString","coordinates":[[7.4539,9.0563],[7.4538,9.057]]},"properties":{"c":"m","r":""}},{"type":"Feature","geometry":{"type":"LineString","coordinates":[[7.454,9.0563],[7.454,9.057]]},"properties":{"c":"t","r":""}},{"type":"Feature","geometry":{"type":"LineString","coordinates":[[7.4623,9.0345],[7.4628,9.0341]]},"properties":{"c":"t","r":""}},{"type":"Feature","geometry":{"type":"LineString","coordinates":[[7.4534,9.057],[7.4535,9.0563]]},"properties":{"c":"t","r":""}},{"type":"Feature","geometry":{"type":"LineString","coordinates":[[7.4683,9.0287],[7.4893,9.0144]]},"properties":{"c":"t","r":""}},{"type":"Feature","geometry":{"type":"LineString","coordinates":[[7.455,9.0463],[7.4623,9.0345]]},"properties":{"c":"t","r":""}},{"type":"Feature","geometry":{"type":"LineString","coordinates":[[7.468,9.0296],[7.468,9.0296]]},"properties":{"c":"t","r":""}},{"type":"Feature","geometry":{"type":"LineString","coordinates":[[7.4895,9.0149],[7.4688,9.0293]]},"properties":{"c":"t","r":""}},{"type":"Feature","geometry":{"type":"LineString","coordinates":[[7.4675,9.0296],[7.469,9.0286]]},"properties":{"c":"m","r":""}},{"type":"Feature","geometry":{"type":"LineString","coordinates":[[7.4691,9.0288],[7.4676,9.0298]]},"properties":{"c":"m","r":""}},{"type":"Feature","geometry":{"type":"LineString","coordinates":[[7.4521,9.0664],[7.4519,9.0682]]},"properties":{"c":"m","r":""}},{"type":"Feature","geometry":{"type":"LineString","coordinates":[[7.4516,9.0682],[7.4518,9.0664]]},"properties":{"c":"m","r":""}},{"type":"Feature","geometry":{"type":"LineString","coordinates":[[7.4676,9.0298],[7.4657,9.0314]]},"properties":{"c":"m","r":""}},{"type":"Feature","geometry":{"type":"LineString","coordinates":[[7.4538,9.057],[7.4521,9.0664]]},"properties":{"c":"m","r":""}},{"type":"Feature","geometry":{"type":"LineString","coordinates":[[7.4573,9.0429],[7.4563,9.0426]]},"properties":{"c":"m","r":""}},{"type":"Feature","geometry":{"type":"LineString","coordinates":[[6.7921,6.133],[6.7925,6.1326]]},"properties":{"c":"t","r":"A6"}},{"type":"Feature","geometry":{"type":"LineString","coordinates":[[6.7926,6.1327],[6.7923,6.1331]]},"properties":{"c":"t","r":"A6"}},{"type":"Feature","geometry":{"type":"LineString","coordinates":[[6.7923,6.1331],[6.7921,6.1333]]},"properties":{"c":"t","r":"A6"}},{"type":"Feature","geometry":{"type":"LineString","coordinates":[[13.1724,11.8494],[13.1717,11.8499]]},"properties":{"c":"t","r":"A3"}},{"type":"Feature","geometry":{"type":"LineString","coordinates":[[4.7587,10.9091],[4.7582,10.9084]]},"properties":{"c":"t","r":"A1"}},{"type":"Feature","geometry":{"type":"LineString","coordinates":[[4.8124,10.701],[4.8135,10.7001]]},"properties":{"c":"t","r":"A1"}},{"type":"Feature","geometry":{"type":"LineString","coordinates":[[4.7582,10.9084],[4.7536,10.9001],[4.7532,10.8851],[4.7495,10.8773]]},"properties":{"c":"t","r":"A1"}},{"type":"Feature","geometry":{"type":"LineString","coordinates":[[4.8135,10.7001],[4.8229,10.694],[4.8436,10.6901],[4.8553,10.6826],[4.8852,10.6559],[4.9192,10.6183]]},"properties":{"c":"t","r":"A1"}},{"type":"Feature","geometry":{"type":"LineString","coordinates":[[4.3014,8.2442],[4.3232,8.2838],[4.3604,8.3092],[4.4062,8.3307],[4.4287,8.3675],[4.4379,8.3914],[4.4528,8.407]]},"properties":{"c":"m","r":""}},{"type":"Feature","geometry":{"type":"LineString","coordinates":[[4.4567,8.416],[4.4542,8.4092]]},"properties":{"c":"m","r":""}},{"type":"Feature","geometry":{"type":"LineString","coordinates":[[6.5568,12.2594],[6.5573,12.2598]]},"properties":{"c":"t","r":"A126"}},{"type":"Feature","geometry":{"type":"LineString","coordinates":[[13.1717,11.8499],[13.1638,11.8567],[13.1555,11.8585],[13.1435,11.8525]]},"properties":{"c":"t","r":"A3"}},{"type":"Feature","geometry":{"type":"LineString","coordinates":[[9.9479,11.4232],[9.951,11.4239]]},"properties":{"c":"t","r":"A237"}},{"type":"Feature","geometry":{"type":"LineString","coordinates":[[9.951,11.4239],[9.9581,11.4288]]},"properties":{"c":"t","r":"A237"}},{"type":"Feature","geometry":{"type":"LineString","coordinates":[[7.6856,11.0751],[7.6752,11.0253]]},"properties":{"c":"t","r":"A2"}},{"type":"Feature","geometry":{"type":"LineString","coordinates":[[7.6859,11.0752],[7.6861,11.0759]]},"properties":{"c":"t","r":"A2"}},{"type":"Feature","geometry":{"type":"LineString","coordinates":[[7.6858,11.0758],[7.6856,11.0751]]},"properties":{"c":"t","r":"A2"}},{"type":"Feature","geometry":{"type":"LineString","coordinates":[[7.6891,11.094],[7.689,11.0937]]},"properties":{"c":"t","r":"A2"}},{"type":"Feature","geometry":{"type":"LineString","coordinates":[[7.6893,11.0938],[7.6894,11.0942]]},"properties":{"c":"t","r":"A2"}},{"type":"Feature","geometry":{"type":"LineString","coordinates":[[7.6894,11.0942],[7.6953,11.111]]},"properties":{"c":"t","r":"A2"}},{"type":"Feature","geometry":{"type":"LineString","coordinates":[[4.811,9.034],[4.8072,8.9965],[4.7823,8.941],[4.7872,8.9377]]},"properties":{"c":"t","r":"A1"}},{"type":"Feature","geometry":{"type":"LineString","coordinates":[[4.7872,8.9377],[4.7878,8.9377]]},"properties":{"c":"t","r":"A1"}},{"type":"Feature","geometry":{"type":"LineString","coordinates":[[4.7878,8.9377],[4.7949,8.9299]]},"properties":{"c":"t","r":"A1"}},{"type":"Feature","geometry":{"type":"LineString","coordinates":[[4.3719,12.2183],[4.371,12.217]]},"properties":{"c":"t","r":"A1"}},{"type":"Feature","geometry":{"type":"LineString","coordinates":[[4.371,12.217],[4.3653,12.2072],[4.365,12.1966]]},"properties":{"c":"t","r":"A1"}},{"type":"Feature","geometry":{"type":"LineString","coordinates":[[5.7335,5.8467],[5.731,5.8593]]},"properties":{"c":"t","r":"A2"}},{"type":"Feature","geometry":{"type":"LineString","coordinates":[[5.7329,5.8467],[5.7329,5.8467]]},"properties":{"c":"t","r":"A2"}},{"type":"Feature","geometry":{"type":"LineString","coordinates":[[5.7836,5.5753],[5.7775,5.6216],[5.7515,5.688],[5.7558,5.7235]]},"properties":{"c":"t","r":"A2"}},{"type":"Feature","geometry":{"type":"LineString","coordinates":[[6.2391,7.5477],[6.2439,7.5389],[6.2532,7.5338]]},"properties":{"c":"t","r":"A2"}},{"type":"Feature","geometry":{"type":"LineString","coordinates":[[4.5411,7.7954],[4.5411,7.7954]]},"properties":{"c":"t","r":""}},{"type":"Feature","geometry":{"type":"LineString","coordinates":[[4.5427,7.796],[4.5636,7.7983]]},"properties":{"c":"t","r":""}},{"type":"Feature","geometry":{"type":"LineString","coordinates":[[4.5637,7.7983],[4.5427,7.7961]]},"properties":{"c":"t","r":""}},{"type":"Feature","geometry":{"type":"LineString","coordinates":[[4.5071,7.7892],[4.5167,7.7938],[4.5397,7.7951]]},"properties":{"c":"t","r":""}},{"type":"Feature","geometry":{"type":"LineString","coordinates":[[4.5396,7.7952],[4.5166,7.7939],[4.5068,7.7894]]},"properties":{"c":"t","r":""}},{"type":"Feature","geometry":{"type":"LineString","coordinates":[[7.464,9.0374],[7.4616,9.0367]]},"properties":{"c":"m","r":""}},{"type":"Feature","geometry":{"type":"LineString","coordinates":[[7.4683,9.0297],[7.4663,9.031]]},"properties":{"c":"t","r":""}},{"type":"Feature","geometry":{"type":"LineString","coordinates":[[7.4658,9.0307],[7.4678,9.0291]]},"properties":{"c":"t","r":""}},{"type":"Feature","geometry":{"type":"LineString","coordinates":[[7.4592,9.0359],[7.4607,9.0363]]},"properties":{"c":"m","r":""}},{"type":"Feature","geometry":{"type":"LineString","coordinates":[[7.4607,9.0363],[7.4617,9.0366]]},"properties":{"c":"m","r":""}},{"type":"Feature","geometry":{"type":"LineString","coordinates":[[7.418,9.0088],[7.4216,9.0127]]},"properties":{"c":"m","r":""}},{"type":"Feature","geometry":{"type":"LineString","coordinates":[[7.4616,9.0367],[7.4606,9.0365]]},"properties":{"c":"m","r":""}},{"type":"Feature","geometry":{"type":"LineString","coordinates":[[7.5238,9.0577],[7.5244,9.0571]]},"properties":{"c":"t","r":""}},{"type":"Feature","geometry":{"type":"LineString","coordinates":[[7.5195,9.0499],[7.5255,9.0499]]},"properties":{"c":"m","r":"A234"}},{"type":"Feature","geometry":{"type":"LineString","coordinates":[[7.4091,9.0],[7.3861,8.9839],[7.3563,8.9693]]},"properties":{"c":"t","r":""}},{"type":"Feature","geometry":{"type":"LineString","coordinates":[[7.4515,9.067],[7.4534,9.057]]},"properties":{"c":"t","r":""}},{"type":"Feature","geometry":{"type":"LineString","coordinates":[[7.3566,8.9688],[7.3895,8.9852],[7.4099,8.9999]]},"properties":{"c":"t","r":""}},{"type":"Feature","geometry":{"type":"LineString","coordinates":[[7.4522,9.0676],[7.4541,9.0749]]},"properties":{"c":"t","r":""}},{"type":"Feature","geometry":{"type":"LineString","coordinates":[[7.5251,9.0664],[7.5218,9.0764],[7.5115,9.0856],[7.5076,9.0961],[7.4981,9.1035]]},"properties":{"c":"t","r":""}},{"type":"Feature","geometry":{"type":"LineString","coordinates":[[7.48,9.1096],[7.4724,9.0901],[7.4536,9.0752]]},"properties":{"c":"t","r":""}},{"type":"Feature","geometry":{"type":"LineString","coordinates":[[7.6884,11.0767],[7.6843,11.0749]]},"properties":{"c":"t","r":"A236"}},{"type":"Feature","geometry":{"type":"LineString","coordinates":[[7.6755,11.0253],[7.6859,11.0752]]},"properties":{"c":"t","r":"A2"}},{"type":"Feature","geometry":{"type":"LineString","coordinates":[[7.6752,11.0253],[7.6751,11.0248]]},"properties":{"c":"t","r":"A2"}},{"type":"Feature","geometry":{"type":"LineString","coordinates":[[7.5269,9.05],[7.5383,9.0441]]},"properties":{"c":"t","r":""}},{"type":"Feature","geometry":{"type":"LineString","coordinates":[[7.541,9.0429],[7.5394,9.044]]},"properties":{"c":"t","r":""}},{"type":"Feature","geometry":{"type":"LineString","coordinates":[[7.5383,9.0441],[7.54,9.0426]]},"properties":{"c":"t","r":""}},{"type":"Feature","geometry":{"type":"LineString","coordinates":[[7.0055,4.7846],[7.005,4.7858]]},"properties":{"c":"t","r":"A3"}},{"type":"Feature","geometry":{"type":"LineString","coordinates":[[7.0076,4.8339],[7.0319,4.8409]]},"properties":{"c":"t","r":"A3"}},{"type":"Feature","geometry":{"type":"LineString","coordinates":[[7.0133,4.7744],[7.0133,4.7744]]},"properties":{"c":"t","r":"A3"}},{"type":"Feature","geometry":{"type":"LineString","coordinates":[[7.005,4.7858],[7.0053,4.7848]]},"properties":{"c":"t","r":"A3"}},{"type":"Feature","geometry":{"type":"LineString","coordinates":[[7.005,4.7858],[7.0023,4.7904]]},"properties":{"c":"t","r":"A3"}},{"type":"Feature","geometry":{"type":"LineString","coordinates":[[5.6799,6.02],[5.6899,5.9978],[5.6918,5.9807]]},"properties":{"c":"t","r":"A2"}},{"type":"Feature","geometry":{"type":"LineString","coordinates":[[7.0043,4.8308],[7.0076,4.8339]]},"properties":{"c":"t","r":"A3"}},{"type":"Feature","geometry":{"type":"LineString","coordinates":[[7.0023,4.7904],[7.0031,4.7947]]},"properties":{"c":"t","r":"A3"}},{"type":"Feature","geometry":{"type":"LineString","coordinates":[[7.0022,4.7904],[7.005,4.7858]]},"properties":{"c":"t","r":"A3"}},{"type":"Feature","geometry":{"type":"LineString","coordinates":[[7.0042,4.8308],[7.0042,4.8286]]},"properties":{"c":"t","r":"A3"}},{"type":"Feature","geometry":{"type":"LineString","coordinates":[[7.0061,4.7817],[7.0123,4.775]]},"properties":{"c":"t","r":"A3"}},{"type":"Feature","geometry":{"type":"LineString","coordinates":[[5.7847,5.5562],[5.7842,5.571]]},"properties":{"c":"t","r":"A2"}},{"type":"Feature","geometry":{"type":"LineString","coordinates":[[7.0076,4.834],[7.0042,4.8308]]},"properties":{"c":"t","r":"A3"}},{"type":"Feature","geometry":{"type":"LineString","coordinates":[[7.0061,4.7997],[7.006,4.799]]},"properties":{"c":"t","r":"A3"}},{"type":"Feature","geometry":{"type":"LineString","coordinates":[[7.0097,4.8069],[7.0101,4.8086]]},"properties":{"c":"t","r":"A3"}},{"type":"Feature","geometry":{"type":"LineString","coordinates":[[7.0101,4.8096],[7.0101,4.8101]]},"properties":{"c":"t","r":"A3"}},{"type":"Feature","geometry":{"type":"LineString","coordinates":[[7.0101,4.8101],[7.0101,4.8096]]},"properties":{"c":"t","r":"A3"}},{"type":"Feature","geometry":{"type":"LineString","coordinates":[[7.0044,4.8283],[7.0043,4.8308]]},"properties":{"c":"t","r":"A3"}},{"type":"Feature","geometry":{"type":"LineString","coordinates":[[7.0096,4.8069],[7.0077,4.8031]]},"properties":{"c":"t","r":"A3"}},{"type":"Feature","geometry":{"type":"LineString","coordinates":[[7.0437,4.8459],[7.0509,4.849]]},"properties":{"c":"t","r":"A3"}},{"type":"Feature","geometry":{"type":"LineString","coordinates":[[7.0319,4.8409],[7.0076,4.834]]},"properties":{"c":"t","r":"A3"}},{"type":"Feature","geometry":{"type":"LineString","coordinates":[[7.0321,4.841],[7.0319,4.8409]]},"properties":{"c":"t","r":"A3"}},{"type":"Feature","geometry":{"type":"LineString","coordinates":[[7.0319,4.8409],[7.0322,4.841]]},"properties":{"c":"t","r":"A3"}},{"type":"Feature","geometry":{"type":"LineString","coordinates":[[7.4816,9.0681],[7.4719,9.0694]]},"properties":{"c":"m","r":""}},{"type":"Feature","geometry":{"type":"LineString","coordinates":[[7.4386,9.0761],[7.456,9.078]]},"properties":{"c":"m","r":""}},{"type":"Feature","geometry":{"type":"LineString","coordinates":[[7.4371,9.0762],[7.4386,9.0761]]},"properties":{"c":"m","r":""}},{"type":"Feature","geometry":{"type":"LineString","coordinates":[[7.4386,9.0763],[7.4371,9.0765]]},"properties":{"c":"m","r":""}},{"type":"Feature","geometry":{"type":"LineString","coordinates":[[7.4371,9.0765],[7.4285,9.0789]]},"properties":{"c":"m","r":""}},{"type":"Feature","geometry":{"type":"LineString","coordinates":[[3.3058,6.4598],[3.3075,6.4598]]},"properties":{"c":"m","r":"F100"}},{"type":"Feature","geometry":{"type":"LineString","coordinates":[[3.3072,6.4602],[3.3055,6.4602]]},"properties":{"c":"m","r":"F100"}},{"type":"Feature","geometry":{"type":"LineString","coordinates":[[6.8153,6.1463],[6.8319,6.1536]]},"properties":{"c":"t","r":"A232-1"}},{"type":"Feature","geometry":{"type":"LineString","coordinates":[[7.0408,6.2066],[7.0213,6.2009],[7.0013,6.2037],[6.9794,6.2178],[6.9413,6.2515],[6.9208,6.2424],[6.9081,6.2227]]},"properties":{"c":"t","r":"A232-1"}},{"type":"Feature","geometry":{"type":"LineString","coordinates":[[6.7919,6.1333],[6.7921,6.133]]},"properties":{"c":"t","r":"A6"}},{"type":"Feature","geometry":{"type":"LineString","coordinates":[[6.8149,6.1469],[6.8149,6.1469]]},"properties":{"c":"t","r":"A232"}},{"type":"Feature","geometry":{"type":"LineString","coordinates":[[3.3822,6.4915],[3.3797,6.4902]]},"properties":{"c":"t","r":""}},{"type":"Feature","geometry":{"type":"LineString","coordinates":[[7.4538,9.61],[7.4544,9.6111]]},"properties":{"c":"t","r":"A2"}},{"type":"Feature","geometry":{"type":"LineString","coordinates":[[7.4483,9.7671],[7.448,9.768]]},"properties":{"c":"t","r":"A2"}},{"type":"Feature","geometry":{"type":"LineString","coordinates":[[7.4477,9.7679],[7.4479,9.767]]},"properties":{"c":"t","r":"A2"}},{"type":"Feature","geometry":{"type":"LineString","coordinates":[[7.4479,9.767],[7.4524,9.7516],[7.4508,9.7372],[7.4553,9.7165],[7.4515,9.6709],[7.4606,9.6259],[7.4542,9.6113]]},"properties":{"c":"t","r":"A2"}},{"type":"Feature","geometry":{"type":"LineString","coordinates":[[7.4544,9.6111],[7.4609,9.6261],[7.4519,9.6697],[7.4556,9.7164],[7.4512,9.7363],[7.4526,9.7521],[7.4483,9.7671]]},"properties":{"c":"t","r":"A2"}},{"type":"Feature","geometry":{"type":"LineString","coordinates":[[7.4471,9.7804],[7.4568,9.799],[7.4644,9.8292],[7.4472,9.8915],[7.422,9.9457]]},"properties":{"c":"t","r":"A2"}},{"type":"Feature","geometry":{"type":"LineString","coordinates":[[7.1589,9.0064],[7.1637,9.0033]]},"properties":{"c":"t","r":""}},{"type":"Feature","geometry":{"type":"LineString","coordinates":[[9.4485,7.3053],[9.4474,7.3051]]},"properties":{"c":"t","r":"A4"}},{"type":"Feature","geometry":{"type":"LineString","coordinates":[[9.4474,7.3051],[9.438,7.3005],[9.4321,7.2884],[9.3977,7.2538]]},"properties":{"c":"t","r":"A4"}},{"type":"Feature","geometry":{"type":"LineString","coordinates":[[9.3977,7.2538],[9.3478,7.2061],[9.3063,7.1779],[9.2934,7.1618]]},"properties":{"c":"t","r":"A4"}},{"type":"Feature","geometry":{"type":"LineString","coordinates":[[7.3099,8.9398],[7.3094,8.9398]]},"properties":{"c":"t","r":""}},{"type":"Feature","geometry":{"type":"LineString","coordinates":[[7.3094,8.9398],[7.2918,8.9437]]},"properties":{"c":"t","r":""}},{"type":"Feature","geometry":{"type":"LineString","coordinates":[[13.1436,11.8524],[13.1556,11.8584],[13.1642,11.8564],[13.1717,11.8499]]},"properties":{"c":"t","r":"A3"}},{"type":"Feature","geometry":{"type":"LineString","coordinates":[[13.1717,11.8499],[13.1724,11.8493]]},"properties":{"c":"t","r":"A3"}},{"type":"Feature","geometry":{"type":"LineString","coordinates":[[13.1724,11.8493],[13.174,11.8449]]},"properties":{"c":"t","r":"A3"}},{"type":"Feature","geometry":{"type":"LineString","coordinates":[[13.0101,11.8487],[13.0655,11.843],[13.0841,11.8363]]},"properties":{"c":"t","r":"A3"}},{"type":"Feature","geometry":{"type":"LineString","coordinates":[[13.1402,11.8367],[13.1246,11.8331],[13.0966,11.8347]]},"properties":{"c":"t","r":"A3"}},{"type":"Feature","geometry":{"type":"LineString","coordinates":[[13.1411,11.8368],[13.1462,11.8423]]},"properties":{"c":"t","r":"A3"}},{"type":"Feature","geometry":{"type":"LineString","coordinates":[[13.1461,11.8423],[13.1407,11.837]]},"properties":{"c":"t","r":"A3"}},{"type":"Feature","geometry":{"type":"LineString","coordinates":[[13.2025,11.7922],[13.1826,11.8083],[13.1742,11.8484]]},"properties":{"c":"t","r":"A4-7"}},{"type":"Feature","geometry":{"type":"LineString","coordinates":[[9.8345,10.3174],[9.8345,10.3174]]},"properties":{"c":"t","r":"A345"}},{"type":"Feature","geometry":{"type":"LineString","coordinates":[[8.3774,11.61],[8.3459,11.5798],[8.3259,11.5705],[8.3035,11.5504],[8.292,11.5463],[8.2771,11.5459],[8.2539,11.5338],[8.228,11.5061],[8.2077,11.4739],[8.1861,11.4539],[8.1777,11.442],[8.1481,11.4224],[8.105,11.4041],[8.0954,11.3941],[8.0803,11.3875],[8.066,11.3717],[8.0305,11.3619],[7.9678,11.3696]]},"properties":{"c":"t","r":"A2"}},{"type":"Feature","geometry":{"type":"LineString","coordinates":[[8.3789,11.6116],[8.3774,11.61]]},"properties":{"c":"t","r":"A2"}},{"type":"Feature","geometry":{"type":"LineString","coordinates":[[8.4174,11.6656],[8.4173,11.6653]]},"properties":{"c":"t","r":"A2"}},{"type":"Feature","geometry":{"type":"LineString","coordinates":[[8.4175,11.6653],[8.4175,11.6655]]},"properties":{"c":"t","r":"A2"}},{"type":"Feature","geometry":{"type":"LineString","coordinates":[[8.3776,11.6099],[8.379,11.6115]]},"properties":{"c":"t","r":"A2"}},{"type":"Feature","geometry":{"type":"LineString","coordinates":[[8.4173,11.6653],[8.4094,11.637],[8.3789,11.6116]]},"properties":{"c":"t","r":"A2"}},{"type":"Feature","geometry":{"type":"LineString","coordinates":[[8.379,11.6115],[8.4101,11.6377],[8.4175,11.6653]]},"properties":{"c":"t","r":"A2"}},{"type":"Feature","geometry":{"type":"LineString","coordinates":[[8.4175,11.6655],[8.4228,11.6879],[8.4232,11.7543]]},"properties":{"c":"t","r":"A2"}},{"type":"Feature","geometry":{"type":"LineString","coordinates":[[9.8461,10.3148],[9.8461,10.3148]]},"properties":{"c":"t","r":"A345"}},{"type":"Feature","geometry":{"type":"LineString","coordinates":[[9.8852,10.3082],[9.8833,10.3113]]},"properties":{"c":"t","r":"A345"}},{"type":"Feature","geometry":{"type":"LineString","coordinates":[[9.8833,10.3113],[9.8852,10.3082]]},"properties":{"c":"t","r":"A345"}},{"type":"Feature","geometry":{"type":"LineString","coordinates":[[4.5066,7.789],[4.5066,7.789]]},"properties":{"c":"t","r":""}},{"type":"Feature","geometry":{"type":"LineString","coordinates":[[13.1624,10.3124],[13.159,10.318],[13.1651,10.3652]]},"properties":{"c":"t","r":"A13"}},{"type":"Feature","geometry":{"type":"LineString","coordinates":[[12.6554,10.0079],[12.6386,9.9729],[12.6362,9.952],[12.6312,9.9398],[12.6197,9.9279],[12.6097,9.9061],[12.6083,9.8862],[12.6143,9.8592]]},"properties":{"c":"t","r":"A13"}},{"type":"Feature","geometry":{"type":"LineString","coordinates":[[13.2596,10.5188],[13.2878,10.5397],[13.2923,10.5476]]},"properties":{"c":"t","r":"A13"}},{"type":"Feature","geometry":{"type":"LineString","coordinates":[[13.1623,10.3119],[13.1312,10.3101],[13.1274,10.3029],[13.1135,10.3011],[13.1107,10.2941],[13.1013,10.2884],[13.0762,10.285],[13.0634,10.2708],[13.043,10.2572]]},"properties":{"c":"t","r":"A13"}},{"type":"Feature","geometry":{"type":"LineString","coordinates":[[13.6326,10.9006],[13.6327,10.9007]]},"properties":{"c":"t","r":"A13"}},{"type":"Feature","geometry":{"type":"LineString","coordinates":[[13.6327,10.9007],[13.6475,10.9255]]},"properties":{"c":"t","r":"A13"}},{"type":"Feature","geometry":{"type":"LineString","coordinates":[[13.7804,11.2233],[13.7305,11.1514],[13.7134,11.1383],[13.6992,11.1205]]},"properties":{"c":"t","r":"A13"}},{"type":"Feature","geometry":{"type":"LineString","coordinates":[[13.1653,10.3656],[13.1732,10.3727],[13.1843,10.4035],[13.2058,10.4252],[13.2106,10.4425],[13.2283,10.4658],[13.2434,10.512]]},"properties":{"c":"t","r":"A13"}},{"type":"Feature","geometry":{"type":"LineString","coordinates":[[13.2025,11.7922],[13.3213,11.709],[13.4034,11.6585],[13.4896,11.6001],[13.5363,11.5733],[13.6133,11.5343],[13.6592,11.5289],[13.678,11.5387]]},"properties":{"c":"t","r":"A4-7"}},{"type":"Feature","geometry":{"type":"LineString","coordinates":[[12.7525,11.1439],[12.7207,11.1109],[12.6668,11.0729],[12.6351,11.034],[12.6031,11.0137],[12.5832,10.997],[12.5619,10.9726],[12.5458,10.9597],[12.5184,10.9243]]},"properties":{"c":"t","r":"A4"}},{"type":"Feature","geometry":{"type":"LineString","coordinates":[[12.4862,10.8436],[12.4805,10.832],[12.4462,10.8035],[12.4137,10.7956],[12.4056,10.7908],[12.3811,10.7523],[12.3234,10.6975],[12.3156,10.695],[12.2785,10.6972],[12.2524,10.7119]]},"properties":{"c":"t","r":"A4"}},{"type":"Feature","geometry":{"type":"LineString","coordinates":[[13.1208,11.8069],[13.1213,11.7841],[13.1087,11.7603],[13.0914,11.7389],[13.0697,11.6975],[13.0394,11.6647],[13.0152,11.5795],[12.9681,11.4907],[12.9573,11.4621],[12.9117,11.3882],[12.847,11.2947],[12.8435,11.2673],[12.7964,11.1886],[12.7526,11.144]]},"properties":{"c":"t","r":"A4"}},{"type":"Feature","geometry":{"type":"LineString","coordinates":[[9.9778,10.418],[9.9784,10.4184]]},"properties":{"c":"t","r":"A3"}},{"type":"Feature","geometry":{"type":"LineString","coordinates":[[9.8222,10.3208],[9.8005,10.3143]]},"properties":{"c":"t","r":"A3"}},{"type":"Feature","geometry":{"type":"LineString","coordinates":[[9.9784,10.4184],[10.01,10.4409],[10.0223,10.461]]},"properties":{"c":"t","r":"A3"}},{"type":"Feature","geometry":{"type":"LineString","coordinates":[[8.6902,10.4058],[8.6866,10.4147],[8.6544,10.4412]]},"properties":{"c":"t","r":"A236"}},{"type":"Feature","geometry":{"type":"LineString","coordinates":[[6.7602,7.7207],[6.7702,7.7276]]},"properties":{"c":"t","r":"A233"}},{"type":"Feature","geometry":{"type":"LineString","coordinates":[[7.4873,9.0618],[7.4876,9.0613]]},"properties":{"c":"t","r":""}},{"type":"Feature","geometry":{"type":"LineString","coordinates":[[7.4938,9.0516],[7.4944,9.0506]]},"properties":{"c":"t","r":""}},{"type":"Feature","geometry":{"type":"LineString","coordinates":[[7.4876,9.0613],[7.4881,9.0606]]},"properties":{"c":"t","r":""}},{"type":"Feature","geometry":{"type":"LineString","coordinates":[[7.4927,9.0533],[7.4931,9.0528]]},"properties":{"c":"t","r":""}},{"type":"Feature","geometry":{"type":"LineString","coordinates":[[7.4899,9.0617],[7.4897,9.0621]]},"properties":{"c":"t","r":""}},{"type":"Feature","geometry":{"type":"LineString","coordinates":[[7.4897,9.0621],[7.4893,9.0628]]},"properties":{"c":"t","r":""}},{"type":"Feature","geometry":{"type":"LineString","coordinates":[[7.4892,9.0588],[7.4895,9.0583]]},"properties":{"c":"t","r":""}},{"type":"Feature","geometry":{"type":"LineString","coordinates":[[7.4882,9.0604],[7.4892,9.0588]]},"properties":{"c":"t","r":""}},{"type":"Feature","geometry":{"type":"LineString","coordinates":[[11.9597,9.9873],[11.9598,9.9876]]},"properties":{"c":"t","r":"A4"}},{"type":"Feature","geometry":{"type":"LineString","coordinates":[[11.9598,9.9876],[11.9707,10.0289],[11.9686,10.0398]]},"properties":{"c":"t","r":"A4"}},{"type":"Feature","geometry":{"type":"LineString","coordinates":[[7.4949,9.054],[7.4914,9.0595]]},"properties":{"c":"t","r":""}},{"type":"Feature","geometry":{"type":"LineString","coordinates":[[7.4693,9.0696],[7.4704,9.0694]]},"properties":{"c":"m","r":""}},{"type":"Feature","geometry":{"type":"LineString","coordinates":[[7.4704,9.0694],[7.4722,9.0691]]},"properties":{"c":"m","r":""}},{"type":"Feature","geometry":{"type":"LineString","coordinates":[[7.4693,9.0698],[7.4571,9.0777]]},"properties":{"c":"m","r":""}},{"type":"Feature","geometry":{"type":"LineString","coordinates":[[7.4705,9.0696],[7.4693,9.0698]]},"properties":{"c":"m","r":""}},{"type":"Feature","geometry":{"type":"LineString","coordinates":[[8.3145,13.035],[8.3334,13.014],[8.344,12.9633],[8.3666,12.9308],[8.3731,12.9112],[8.384,12.8918],[8.3986,12.8486],[8.3993,12.8325],[8.3936,12.7923],[8.3984,12.7725],[8.4057,12.6852],[8.3985,12.669],[8.399,12.6588],[8.4045,12.6495],[8.4281,12.6293],[8.4482,12.5992],[8.4592,12.5908]]},"properties":{"c":"t","r":"A2"}},{"type":"Feature","geometry":{"type":"LineString","coordinates":[[3.8804,6.4849],[3.8626,6.4851],[3.8436,6.475],[3.8296,6.4715],[3.7919,6.4715],[3.7623,6.4763],[3.7161,6.4721],[3.6837,6.4606],[3.6619,6.4679],[3.6391,6.4708]]},"properties":{"c":"t","r":""}},{"type":"Feature","geometry":{"type":"LineString","coordinates":[[3.9147,7.4715],[3.9147,7.4715]]},"properties":{"c":"t","r":""}},{"type":"Feature","geometry":{"type":"LineString","coordinates":[[3.9147,7.4715],[3.9144,7.4714]]},"properties":{"c":"t","r":""}},{"type":"Feature","geometry":{"type":"LineString","coordinates":[[3.9139,7.4715],[3.9134,7.4717]]},"properties":{"c":"t","r":""}},{"type":"Feature","geometry":{"type":"LineString","coordinates":[[3.9139,7.4714],[3.9144,7.4714]]},"properties":{"c":"t","r":""}},{"type":"Feature","geometry":{"type":"LineString","coordinates":[[3.9144,7.4714],[3.9147,7.4712]]},"properties":{"c":"t","r":""}},{"type":"Feature","geometry":{"type":"LineString","coordinates":[[3.9159,7.4815],[3.9165,7.4891]]},"properties":{"c":"m","r":"E1"}},{"type":"Feature","geometry":{"type":"LineString","coordinates":[[3.9134,7.4714],[3.9139,7.4714]]},"properties":{"c":"t","r":""}},{"type":"Feature","geometry":{"type":"LineString","coordinates":[[3.9144,7.4714],[3.9139,7.4715]]},"properties":{"c":"t","r":""}},{"type":"Feature","geometry":{"type":"LineString","coordinates":[[3.9157,7.4814],[3.9145,7.475]]},"properties":{"c":"m","r":"E1"}},{"type":"Feature","geometry":{"type":"LineString","coordinates":[[5.4922,10.4131],[5.5428,10.3999],[5.5595,10.3871]]},"properties":{"c":"t","r":"A125"}},{"type":"Feature","geometry":{"type":"LineString","coordinates":[[6.2023,10.0957],[6.2023,10.0956]]},"properties":{"c":"t","r":"A125"}},{"type":"Feature","geometry":{"type":"LineString","coordinates":[[4.2592,8.1635],[4.2592,8.1635]]},"properties":{"c":"t","r":""}},{"type":"Feature","geometry":{"type":"LineString","coordinates":[[4.4657,8.398],[4.5135,8.4543]]},"properties":{"c":"t","r":"A1"}},{"type":"Feature","geometry":{"type":"LineString","coordinates":[[4.4652,8.3973],[4.4657,8.398]]},"properties":{"c":"t","r":"A1"}},{"type":"Feature","geometry":{"type":"LineString","coordinates":[[4.4542,8.4092],[4.4376,8.3915],[4.4284,8.3676],[4.4059,8.3308],[4.3602,8.3094],[4.3229,8.284],[4.3011,8.2442]]},"properties":{"c":"m","r":""}},{"type":"Feature","geometry":{"type":"LineString","coordinates":[[4.5147,8.5116],[4.5369,8.5028]]},"properties":{"c":"t","r":"A7"}},{"type":"Feature","geometry":{"type":"LineString","coordinates":[[4.2588,8.1633],[4.2587,8.1624]]},"properties":{"c":"t","r":"A1"}},{"type":"Feature","geometry":{"type":"LineString","coordinates":[[4.4528,8.407],[4.457,8.4158]]},"properties":{"c":"m","r":""}},{"type":"Feature","geometry":{"type":"LineString","coordinates":[[4.4655,8.3984],[4.4655,8.3984]]},"properties":{"c":"t","r":""}},{"type":"Feature","geometry":{"type":"LineString","coordinates":[[4.2597,8.1643],[4.2808,8.2036]]},"properties":{"c":"t","r":"A1"}},{"type":"Feature","geometry":{"type":"LineString","coordinates":[[4.5134,8.4544],[4.4655,8.3984]]},"properties":{"c":"t","r":"A1"}},{"type":"Feature","geometry":{"type":"LineString","coordinates":[[4.5371,8.5028],[4.5147,8.5117]]},"properties":{"c":"t","r":"A7"}},{"type":"Feature","geometry":{"type":"LineString","coordinates":[[4.4653,8.398],[4.4652,8.3973]]},"properties":{"c":"t","r":"A1"}},{"type":"Feature","geometry":{"type":"LineString","coordinates":[[4.5369,8.5028],[4.5369,8.5028]]},"properties":{"c":"t","r":""}},{"type":"Feature","geometry":{"type":"LineString","coordinates":[[4.2597,8.1643],[4.259,8.1636]]},"properties":{"c":"t","r":"A1"}},{"type":"Feature","geometry":{"type":"LineString","coordinates":[[4.2592,8.1633],[4.2597,8.1643]]},"properties":{"c":"t","r":"A1"}},{"type":"Feature","geometry":{"type":"LineString","coordinates":[[4.2587,8.1624],[4.2592,8.1633]]},"properties":{"c":"t","r":"A1"}},{"type":"Feature","geometry":{"type":"LineString","coordinates":[[4.5812,8.4536],[4.5812,8.4536]]},"properties":{"c":"t","r":"A123"}},{"type":"Feature","geometry":{"type":"LineString","coordinates":[[4.5637,8.4852],[4.5642,8.4876]]},"properties":{"c":"t","r":"A123"}},{"type":"Feature","geometry":{"type":"LineString","coordinates":[[4.564,8.4876],[4.5636,8.4853]]},"properties":{"c":"t","r":"A123"}},{"type":"Feature","geometry":{"type":"LineString","coordinates":[[4.5627,8.4801],[4.5708,8.4644]]},"properties":{"c":"t","r":"A123"}},{"type":"Feature","geometry":{"type":"LineString","coordinates":[[4.5638,8.4858],[4.5648,8.4895]]},"properties":{"c":"t","r":"A123"}},{"type":"Feature","geometry":{"type":"LineString","coordinates":[[4.561,8.488],[4.5614,8.488]]},"properties":{"c":"t","r":"A1"}},{"type":"Feature","geometry":{"type":"LineString","coordinates":[[4.5637,8.4852],[4.5637,8.4855]]},"properties":{"c":"t","r":"A123"}},{"type":"Feature","geometry":{"type":"LineString","coordinates":[[4.5642,8.4876],[4.5642,8.4876]]},"properties":{"c":"t","r":"A1"}},{"type":"Feature","geometry":{"type":"LineString","coordinates":[[4.563,8.4805],[4.5637,8.4852]]},"properties":{"c":"t","r":"A123"}},{"type":"Feature","geometry":{"type":"LineString","coordinates":[[4.5465,8.4963],[4.5493,8.4969]]},"properties":{"c":"t","r":"A1"}},{"type":"Feature","geometry":{"type":"LineString","coordinates":[[4.5345,8.4791],[4.5345,8.4791]]},"properties":{"c":"t","r":""}},{"type":"Feature","geometry":{"type":"LineString","coordinates":[[4.5651,8.4898],[4.5653,8.4902]]},"properties":{"c":"t","r":"A123"}},{"type":"Feature","geometry":{"type":"LineString","coordinates":[[4.5637,8.4855],[4.5636,8.4853]]},"properties":{"c":"t","r":"A123"}},{"type":"Feature","geometry":{"type":"LineString","coordinates":[[4.5494,8.497],[4.5464,8.4964]]},"properties":{"c":"t","r":"A1"}},{"type":"Feature","geometry":{"type":"LineString","coordinates":[[4.5652,8.4902],[4.565,8.4898]]},"properties":{"c":"t","r":"A123"}},{"type":"Feature","geometry":{"type":"LineString","coordinates":[[4.5636,8.4853],[4.5628,8.4807]]},"properties":{"c":"t","r":"A123"}},{"type":"Feature","geometry":{"type":"LineString","coordinates":[[4.5614,8.488],[4.564,8.4876]]},"properties":{"c":"t","r":"A1"}},{"type":"Feature","geometry":{"type":"LineString","coordinates":[[4.5879,8.5116],[4.5761,8.5015]]},"properties":{"c":"t","r":"A1"}},{"type":"Feature","geometry":{"type":"LineString","coordinates":[[4.5478,8.4974],[4.5372,8.5028]]},"properties":{"c":"t","r":"A7"}},{"type":"Feature","geometry":{"type":"LineString","coordinates":[[4.5849,8.4458],[4.5941,8.4342]]},"properties":{"c":"t","r":"A123"}},{"type":"Feature","geometry":{"type":"LineString","coordinates":[[4.5208,8.4628],[4.5292,8.4726]]},"properties":{"c":"t","r":"A1"}},{"type":"Feature","geometry":{"type":"LineString","coordinates":[[4.5586,8.4901],[4.5587,8.49]]},"properties":{"c":"t","r":"A1"}},{"type":"Feature","geometry":{"type":"LineString","coordinates":[[4.5587,8.4902],[4.5494,8.497]]},"properties":{"c":"t","r":"A1"}},{"type":"Feature","geometry":{"type":"LineString","coordinates":[[4.5464,8.4964],[4.5464,8.4964]]},"properties":{"c":"t","r":""}},{"type":"Feature","geometry":{"type":"LineString","coordinates":[[4.5812,8.4536],[4.571,8.4642]]},"properties":{"c":"t","r":"A123"}},{"type":"Feature","geometry":{"type":"LineString","coordinates":[[4.5604,8.4882],[4.5588,8.49]]},"properties":{"c":"t","r":"A1"}},{"type":"Feature","geometry":{"type":"LineString","coordinates":[[4.576,8.5014],[4.5641,8.4878]]},"properties":{"c":"t","r":"A1"}},{"type":"Feature","geometry":{"type":"LineString","coordinates":[[4.5587,8.49],[4.5604,8.4881]]},"properties":{"c":"t","r":"A1"}},{"type":"Feature","geometry":{"type":"LineString","coordinates":[[4.5588,8.49],[4.5587,8.4902]]},"properties":{"c":"t","r":"A1"}},{"type":"Feature","geometry":{"type":"LineString","coordinates":[[4.5628,8.4807],[4.5628,8.4807]]},"properties":{"c":"t","r":"A123"}},{"type":"Feature","geometry":{"type":"LineString","coordinates":[[4.5371,8.5025],[4.5477,8.4974]]},"properties":{"c":"t","r":"A7"}},{"type":"Feature","geometry":{"type":"LineString","coordinates":[[4.5637,8.4855],[4.5638,8.4858]]},"properties":{"c":"t","r":"A123"}},{"type":"Feature","geometry":{"type":"LineString","coordinates":[[4.5642,8.4878],[4.5761,8.501]]},"properties":{"c":"t","r":"A1"}},{"type":"Feature","geometry":{"type":"LineString","coordinates":[[4.5942,8.4343],[4.5813,8.4533]]},"properties":{"c":"t","r":"A123"}},{"type":"Feature","geometry":{"type":"LineString","coordinates":[[4.5648,8.4895],[4.5651,8.4898]]},"properties":{"c":"t","r":"A123"}},{"type":"Feature","geometry":{"type":"LineString","coordinates":[[4.564,8.4878],[4.5614,8.488]]},"properties":{"c":"t","r":"A1"}},{"type":"Feature","geometry":{"type":"LineString","coordinates":[[4.5493,8.4969],[4.5586,8.4901]]},"properties":{"c":"t","r":"A1"}},{"type":"Feature","geometry":{"type":"LineString","coordinates":[[4.5527,8.5003],[4.5493,8.4969]]},"properties":{"c":"t","r":"A14"}},{"type":"Feature","geometry":{"type":"LineString","coordinates":[[4.5493,8.4969],[4.5527,8.5002]]},"properties":{"c":"t","r":"A14"}},{"type":"Feature","geometry":{"type":"LineString","coordinates":[[4.5292,8.4727],[4.5208,8.4629]]},"properties":{"c":"t","r":"A1"}},{"type":"Feature","geometry":{"type":"LineString","coordinates":[[4.5614,8.488],[4.561,8.4881]]},"properties":{"c":"t","r":"A1"}},{"type":"Feature","geometry":{"type":"LineString","coordinates":[[4.5388,8.4859],[4.5389,8.4861]]},"properties":{"c":"t","r":"A1"}},{"type":"Feature","geometry":{"type":"LineString","coordinates":[[4.5389,8.4861],[4.5464,8.4962]]},"properties":{"c":"t","r":"A1"}},{"type":"Feature","geometry":{"type":"LineString","coordinates":[[4.5351,8.4791],[4.5388,8.4859]]},"properties":{"c":"t","r":"A1"}},{"type":"Feature","geometry":{"type":"LineString","coordinates":[[4.5463,8.4963],[4.5389,8.4861]]},"properties":{"c":"t","r":"A1"}},{"type":"Feature","geometry":{"type":"LineString","coordinates":[[4.5389,8.4861],[4.5388,8.486]]},"properties":{"c":"t","r":"A1"}},{"type":"Feature","geometry":{"type":"LineString","coordinates":[[4.5388,8.486],[4.5346,8.4792]]},"properties":{"c":"t","r":"A1"}},{"type":"Feature","geometry":{"type":"LineString","coordinates":[[10.2658,10.7453],[10.2729,10.758],[10.3189,10.7936],[10.3535,10.8379],[10.361,10.8629],[10.383,10.8984],[10.3934,10.9377],[10.4073,10.9709],[10.4128,11.0181]]},"properties":{"c":"t","r":"A3"}},{"type":"Feature","geometry":{"type":"LineString","coordinates":[[10.2656,10.745],[10.2658,10.7453]]},"properties":{"c":"t","r":"A3"}},{"type":"Feature","geometry":{"type":"LineString","coordinates":[[10.0223,10.461],[10.0225,10.4614]]},"properties":{"c":"t","r":"A3"}},{"type":"Feature","geometry":{"type":"LineString","coordinates":[[7.3724,5.1158],[7.3805,5.1152]]},"properties":{"c":"t","r":"A342"}},{"type":"Feature","geometry":{"type":"LineString","coordinates":[[7.3966,5.1119],[7.4139,5.1092],[7.4604,5.1154]]},"properties":{"c":"t","r":"A342"}},{"type":"Feature","geometry":{"type":"LineString","coordinates":[[7.3684,5.1085],[7.3497,5.0901]]},"properties":{"c":"t","r":"A3"}},{"type":"Feature","geometry":{"type":"LineString","coordinates":[[7.0287,5.491],[7.0264,5.4909]]},"properties":{"c":"t","r":"A6"}},{"type":"Feature","geometry":{"type":"LineString","coordinates":[[7.3966,5.1119],[7.3914,5.1128]]},"properties":{"c":"t","r":"A342"}},{"type":"Feature","geometry":{"type":"LineString","coordinates":[[7.3497,5.0901],[7.3329,5.0703]]},"properties":{"c":"t","r":"A3"}},{"type":"Feature","geometry":{"type":"LineString","coordinates":[[7.3278,5.2892],[7.3273,5.2889]]},"properties":{"c":"t","r":"A6"}},{"type":"Feature","geometry":{"type":"LineString","coordinates":[[7.3273,5.2889],[7.3278,5.2884]]},"properties":{"c":"t","r":"A6"}},{"type":"Feature","geometry":{"type":"LineString","coordinates":[[7.4312,5.4731],[7.4167,5.4585],[7.4039,5.4208],[7.3773,5.3919],[7.3644,5.3545],[7.3515,5.3342],[7.3318,5.3144],[7.328,5.2946],[7.3271,5.2162]]},"properties":{"c":"t","r":"A3-1"}},{"type":"Feature","geometry":{"type":"LineString","coordinates":[[7.0702,4.857],[7.0676,4.8563]]},"properties":{"c":"t","r":"A3"}},{"type":"Feature","geometry":{"type":"LineString","coordinates":[[7.4606,5.537],[7.4606,5.537]]},"properties":{"c":"t","r":"A3-1"}},{"type":"Feature","geometry":{"type":"LineString","coordinates":[[7.4352,5.6222],[7.4257,5.635],[7.4206,5.6838],[7.3986,5.7039],[7.373,5.7343],[7.3633,5.7614],[7.3441,5.7941],[7.3382,5.8165]]},"properties":{"c":"t","r":"A3-1"}},{"type":"Feature","geometry":{"type":"LineString","coordinates":[[7.9761,7.1555],[7.9668,7.1527]]},"properties":{"c":"t","r":"A3"}},{"type":"Feature","geometry":{"type":"LineString","coordinates":[[7.8227,7.1615],[7.7979,7.1616],[7.785,7.1579],[7.7574,7.1592],[7.7476,7.1512]]},"properties":{"c":"t","r":"A3"}},{"type":"Feature","geometry":{"type":"LineString","coordinates":[[8.4142,9.1614],[8.4056,9.14],[8.4041,9.1127],[8.4129,9.0723],[8.4118,9.0611],[8.4095,9.0513],[8.3994,9.0427],[8.3984,9.0231],[8.3887,9.0048],[8.3983,8.966],[8.4062,8.9486],[8.4038,8.9372],[8.4102,8.9232],[8.4065,8.9149]]},"properties":{"c":"t","r":"A3"}},{"type":"Feature","geometry":{"type":"LineString","coordinates":[[8.549,9.505],[8.5841,9.5064],[8.6209,9.5153],[8.6244,9.5188]]},"properties":{"c":"t","r":"A3"}},{"type":"Feature","geometry":{"type":"LineString","coordinates":[[8.5485,9.5043],[8.5417,9.4877]]},"properties":{"c":"t","r":"A3"}},{"type":"Feature","geometry":{"type":"LineString","coordinates":[[8.4373,9.2022],[8.4375,9.1929],[8.4305,9.1728],[8.4144,9.1617]]},"properties":{"c":"t","r":"A3"}},{"type":"Feature","geometry":{"type":"LineString","coordinates":[[8.549,9.505],[8.5485,9.5051]]},"properties":{"c":"t","r":"A3"}},{"type":"Feature","geometry":{"type":"LineString","coordinates":[[8.4372,9.2024],[8.4373,9.2022]]},"properties":{"c":"t","r":"A3"}},{"type":"Feature","geometry":{"type":"LineString","coordinates":[[8.4144,9.1617],[8.4142,9.1614]]},"properties":{"c":"t","r":"A3"}},{"type":"Feature","geometry":{"type":"LineString","coordinates":[[8.5485,9.5043],[8.5487,9.5047]]},"properties":{"c":"t","r":"A3"}},{"type":"Feature","geometry":{"type":"LineString","coordinates":[[8.5483,9.5047],[8.5485,9.5043]]},"properties":{"c":"t","r":"A3"}},{"type":"Feature","geometry":{"type":"LineString","coordinates":[[8.4907,9.2745],[8.4712,9.2557],[8.455,9.2242],[8.4385,9.213],[8.4372,9.2024]]},"properties":{"c":"t","r":"A3"}},{"type":"Feature","geometry":{"type":"LineString","coordinates":[[8.5567,9.3305],[8.5454,9.3093],[8.5349,9.2975],[8.5131,9.2837],[8.4953,9.2805],[8.4909,9.2748]]},"properties":{"c":"t","r":"A3"}},{"type":"Feature","geometry":{"type":"LineString","coordinates":[[8.5485,9.5051],[8.5485,9.5051]]},"properties":{"c":"t","r":"A3"}},{"type":"Feature","geometry":{"type":"LineString","coordinates":[[8.4909,9.2748],[8.4907,9.2745]]},"properties":{"c":"t","r":"A3"}},{"type":"Feature","geometry":{"type":"LineString","coordinates":[[8.5487,9.5049],[8.549,9.505]]},"properties":{"c":"t","r":"A3"}},{"type":"Feature","geometry":{"type":"LineString","coordinates":[[8.7006,9.6047],[8.6712,9.6024]]},"properties":{"c":"t","r":"A235"}},{"type":"Feature","geometry":{"type":"LineString","coordinates":[[8.6546,9.5586],[8.6839,9.5755],[8.7112,9.5991]]},"properties":{"c":"t","r":"A3"}},{"type":"Feature","geometry":{"type":"LineString","coordinates":[[8.7742,9.6519],[8.7743,9.6522]]},"properties":{"c":"t","r":"A3"}},{"type":"Feature","geometry":{"type":"LineString","coordinates":[[8.7527,9.6333],[8.753,9.6335]]},"properties":{"c":"t","r":"A3"}},{"type":"Feature","geometry":{"type":"LineString","coordinates":[[8.7135,9.6012],[8.7112,9.5991]]},"properties":{"c":"t","r":"A3"}},{"type":"Feature","geometry":{"type":"LineString","coordinates":[[8.7112,9.5991],[8.7135,9.6012]]},"properties":{"c":"t","r":"A3"}},{"type":"Feature","geometry":{"type":"LineString","coordinates":[[8.7135,9.6012],[8.7527,9.6333]]},"properties":{"c":"t","r":"A3"}},{"type":"Feature","geometry":{"type":"LineString","coordinates":[[8.7743,9.6522],[8.7806,9.6725],[8.7952,9.6782]]},"properties":{"c":"t","r":"A3"}},{"type":"Feature","geometry":{"type":"LineString","coordinates":[[8.753,9.6335],[8.7669,9.6403],[8.7742,9.6519]]},"properties":{"c":"t","r":"A3"}},{"type":"Feature","geometry":{"type":"LineString","coordinates":[[8.8375,9.705],[8.8352,9.7029]]},"properties":{"c":"t","r":"A3"}},{"type":"Feature","geometry":{"type":"LineString","coordinates":[[8.7954,9.6783],[8.8216,9.684],[8.8352,9.7029]]},"properties":{"c":"t","r":"A3"}},{"type":"Feature","geometry":{"type":"LineString","coordinates":[[8.7952,9.6782],[8.7954,9.6783]]},"properties":{"c":"t","r":"A3"}},{"type":"Feature","geometry":{"type":"LineString","coordinates":[[8.8352,9.7029],[8.8375,9.705]]},"properties":{"c":"t","r":"A3"}},{"type":"Feature","geometry":{"type":"LineString","coordinates":[[8.8375,9.705],[8.8399,9.7074]]},"properties":{"c":"t","r":"A3"}},{"type":"Feature","geometry":{"type":"LineString","coordinates":[[8.8655,9.7217],[8.8645,9.729],[8.8569,9.7385],[8.8596,9.7608]]},"properties":{"c":"t","r":"A3"}},{"type":"Feature","geometry":{"type":"LineString","coordinates":[[8.8399,9.7074],[8.8467,9.7142],[8.8538,9.7157]]},"properties":{"c":"t","r":"A3"}},{"type":"Feature","geometry":{"type":"LineString","coordinates":[[8.865,9.7219],[8.865,9.7219]]},"properties":{"c":"t","r":"A3"}},{"type":"Feature","geometry":{"type":"LineString","coordinates":[[8.8643,9.7211],[8.865,9.7212]]},"properties":{"c":"t","r":"A3"}},{"type":"Feature","geometry":{"type":"LineString","coordinates":[[8.8906,9.9212],[8.8948,9.9078],[8.8917,9.9018]]},"properties":{"c":"t","r":"A3"}},{"type":"Feature","geometry":{"type":"LineString","coordinates":[[8.8538,9.7157],[8.8643,9.7211]]},"properties":{"c":"t","r":"A3"}},{"type":"Feature","geometry":{"type":"LineString","coordinates":[[8.8649,9.7217],[8.8643,9.7211]]},"properties":{"c":"t","r":"A3"}},{"type":"Feature","geometry":{"type":"LineString","coordinates":[[8.8657,9.8182],[8.8674,9.8494]]},"properties":{"c":"t","r":"A3"}},{"type":"Feature","geometry":{"type":"LineString","coordinates":[[8.8656,9.8182],[8.8656,9.8178]]},"properties":{"c":"t","r":"A3"}},{"type":"Feature","geometry":{"type":"LineString","coordinates":[[8.8657,9.8178],[8.8657,9.8182]]},"properties":{"c":"t","r":"A3"}},{"type":"Feature","geometry":{"type":"LineString","coordinates":[[8.8594,9.7608],[8.8568,9.7385],[8.8644,9.729],[8.8649,9.7218]]},"properties":{"c":"t","r":"A3"}},{"type":"Feature","geometry":{"type":"LineString","coordinates":[[8.8936,9.9366],[8.8933,9.9361]]},"properties":{"c":"t","r":"A3"}},{"type":"Feature","geometry":{"type":"LineString","coordinates":[[8.8829,9.8962],[8.8818,9.9098]]},"properties":{"c":"t","r":"A236"}},{"type":"Feature","geometry":{"type":"LineString","coordinates":[[8.8827,9.8959],[8.8827,9.8959]]},"properties":{"c":"t","r":"A236"}},{"type":"Feature","geometry":{"type":"LineString","coordinates":[[8.8906,9.9214],[8.8906,9.9214]]},"properties":{"c":"t","r":"A3"}},{"type":"Feature","geometry":{"type":"LineString","coordinates":[[8.8827,9.8959],[8.8807,9.8933]]},"properties":{"c":"t","r":"A236"}},{"type":"Feature","geometry":{"type":"LineString","coordinates":[[8.8933,9.9361],[8.8906,9.9214]]},"properties":{"c":"t","r":"A3"}},{"type":"Feature","geometry":{"type":"LineString","coordinates":[[8.8767,9.8888],[8.8785,9.8908]]},"properties":{"c":"t","r":"A236"}},{"type":"Feature","geometry":{"type":"LineString","coordinates":[[8.856,9.9603],[8.8602,9.9573]]},"properties":{"c":"t","r":"A236"}},{"type":"Feature","geometry":{"type":"LineString","coordinates":[[8.8933,9.936],[8.8937,9.9365]]},"properties":{"c":"t","r":"A3"}},{"type":"Feature","geometry":{"type":"LineString","coordinates":[[8.8937,9.9365],[8.8916,9.9471]]},"properties":{"c":"t","r":"A3"}},{"type":"Feature","geometry":{"type":"LineString","coordinates":[[8.8785,9.8908],[8.8795,9.8919]]},"properties":{"c":"t","r":"A236"}},{"type":"Feature","geometry":{"type":"LineString","coordinates":[[8.8908,9.9213],[8.8933,9.936]]},"properties":{"c":"t","r":"A3"}},{"type":"Feature","geometry":{"type":"LineString","coordinates":[[8.8915,9.9471],[8.8936,9.9366]]},"properties":{"c":"t","r":"A3"}},{"type":"Feature","geometry":{"type":"LineString","coordinates":[[8.8889,9.9597],[8.8888,9.9593]]},"properties":{"c":"t","r":"A3"}},{"type":"Feature","geometry":{"type":"LineString","coordinates":[[8.8921,9.9577],[8.8923,9.9571]]},"properties":{"c":"t","r":"A3"}},{"type":"Feature","geometry":{"type":"LineString","coordinates":[[8.8889,9.9593],[8.8889,9.9596]]},"properties":{"c":"t","r":"A3"}},{"type":"Feature","geometry":{"type":"LineString","coordinates":[[8.8888,9.9593],[8.8925,9.9575]]},"properties":{"c":"t","r":"A3"}},{"type":"Feature","geometry":{"type":"LineString","coordinates":[[8.8925,9.9573],[8.8925,9.9575]]},"properties":{"c":"t","r":"A3"}},{"type":"Feature","geometry":{"type":"LineString","coordinates":[[8.8817,9.91],[8.8755,9.9292]]},"properties":{"c":"t","r":"A236"}},{"type":"Feature","geometry":{"type":"LineString","coordinates":[[8.8816,9.9097],[8.8827,9.896]]},"properties":{"c":"t","r":"A236"}},{"type":"Feature","geometry":{"type":"LineString","coordinates":[[8.8817,9.91],[8.8817,9.91]]},"properties":{"c":"t","r":"A236"}},{"type":"Feature","geometry":{"type":"LineString","coordinates":[[4.8168,8.2473],[4.8163,8.2473]]},"properties":{"c":"t","r":"A123"}},{"type":"Feature","geometry":{"type":"LineString","coordinates":[[8.8752,9.9294],[8.8728,9.9294]]},"properties":{"c":"t","r":"A236"}},{"type":"Feature","geometry":{"type":"LineString","coordinates":[[8.8618,9.956],[8.862,9.9558]]},"properties":{"c":"t","r":"A236"}},{"type":"Feature","geometry":{"type":"LineString","coordinates":[[8.8619,9.956],[8.8605,9.9574]]},"properties":{"c":"t","r":"A236"}},{"type":"Feature","geometry":{"type":"LineString","coordinates":[[8.8728,9.9293],[8.8751,9.9291]]},"properties":{"c":"t","r":"A236"}},{"type":"Feature","geometry":{"type":"LineString","coordinates":[[8.8728,9.9294],[8.8726,9.9294]]},"properties":{"c":"t","r":"A236"}},{"type":"Feature","geometry":{"type":"LineString","coordinates":[[8.8703,9.9301],[8.8621,9.9558]]},"properties":{"c":"t","r":"A236"}},{"type":"Feature","geometry":{"type":"LineString","coordinates":[[8.8752,9.9294],[8.8752,9.9294]]},"properties":{"c":"t","r":"A236"}},{"type":"Feature","geometry":{"type":"LineString","coordinates":[[8.8707,9.9297],[8.8726,9.9293]]},"properties":{"c":"t","r":"A236"}},{"type":"Feature","geometry":{"type":"LineString","coordinates":[[8.8703,9.93],[8.8707,9.9297]]},"properties":{"c":"t","r":"A236"}},{"type":"Feature","geometry":{"type":"LineString","coordinates":[[8.8726,9.9294],[8.8707,9.9298]]},"properties":{"c":"t","r":"A236"}},{"type":"Feature","geometry":{"type":"LineString","coordinates":[[8.8726,9.9293],[8.8728,9.9293]]},"properties":{"c":"t","r":"A236"}},{"type":"Feature","geometry":{"type":"LineString","coordinates":[[8.8752,9.929],[8.8816,9.9099]]},"properties":{"c":"t","r":"A236"}},{"type":"Feature","geometry":{"type":"LineString","coordinates":[[8.8707,9.9298],[8.8703,9.9301]]},"properties":{"c":"t","r":"A236"}},{"type":"Feature","geometry":{"type":"LineString","coordinates":[[8.862,9.9558],[8.8703,9.93]]},"properties":{"c":"t","r":"A236"}},{"type":"Feature","geometry":{"type":"LineString","coordinates":[[8.8621,9.9558],[8.8619,9.956]]},"properties":{"c":"t","r":"A236"}},{"type":"Feature","geometry":{"type":"LineString","coordinates":[[8.856,9.9603],[8.8475,9.9665],[8.8494,9.9817],[8.8441,9.9963],[8.8451,10.0119],[8.8525,10.035],[8.8684,10.0326],[8.8797,10.0422],[8.8822,10.0762],[8.8759,10.0933],[8.8809,10.101],[8.8818,10.1174],[8.8871,10.1281],[8.8851,10.1613],[8.8936,10.1738],[8.893,10.1823],[8.9003,10.1898],[8.8868,10.2087],[8.8817,10.2214],[8.8531,10.2255],[8.8466,10.2384],[8.8401,10.2422],[8.8289,10.2594],[8.8196,10.2573],[8.8128,10.2403],[8.8,10.2411],[8.7984,10.2554],[8.788,10.2701],[8.78,10.2966],[8.7629,10.3179],[8.745,10.3308],[8.7334,10.3335],[8.7202,10.347],[8.7057,10.3504],[8.7032,10.3602],[8.7045,10.3813],[8.6906,10.4051]]},"properties":{"c":"t","r":"A236"}},{"type":"Feature","geometry":{"type":"LineString","coordinates":[[8.8603,9.9575],[8.856,9.9603]]},"properties":{"c":"t","r":"A236"}},{"type":"Feature","geometry":{"type":"LineString","coordinates":[[8.8603,9.9575],[8.8603,9.9575]]},"properties":{"c":"t","r":"A236"}},{"type":"Feature","geometry":{"type":"LineString","coordinates":[[8.8603,9.9572],[8.8618,9.956]]},"properties":{"c":"t","r":"A236"}},{"type":"Feature","geometry":{"type":"LineString","coordinates":[[9.0116,10.0497],[9.0042,10.0487],[8.9603,10.0266],[8.9467,10.0238]]},"properties":{"c":"t","r":"A3"}},{"type":"Feature","geometry":{"type":"LineString","coordinates":[[8.9465,10.0238],[8.9273,10.0168],[8.9094,10.003],[8.9085,9.9946],[8.8981,9.9821],[8.8889,9.9597]]},"properties":{"c":"t","r":"A3"}},{"type":"Feature","geometry":{"type":"LineString","coordinates":[[9.012,10.0498],[9.0116,10.0497]]},"properties":{"c":"t","r":"A3"}},{"type":"Feature","geometry":{"type":"LineString","coordinates":[[8.9467,10.0238],[8.9465,10.0238]]},"properties":{"c":"t","r":"A3"}},{"type":"Feature","geometry":{"type":"LineString","coordinates":[[9.2981,10.147],[9.294,10.1419],[9.2405,10.1093],[9.1951,10.0923]]},"properties":{"c":"t","r":"A3"}},{"type":"Feature","geometry":{"type":"LineString","coordinates":[[9.1949,10.0923],[9.1388,10.0702],[9.0999,10.0604],[9.0893,10.0594],[9.0658,10.0643],[9.012,10.0498]]},"properties":{"c":"t","r":"A3"}},{"type":"Feature","geometry":{"type":"LineString","coordinates":[[9.1951,10.0923],[9.1949,10.0923]]},"properties":{"c":"t","r":"A3"}},{"type":"Feature","geometry":{"type":"LineString","coordinates":[[9.8227,10.3208],[9.8229,10.3211]]},"properties":{"c":"t","r":"A3"}},{"type":"Feature","geometry":{"type":"LineString","coordinates":[[9.8225,10.3209],[9.8225,10.3209]]},"properties":{"c":"t","r":"A3"}},{"type":"Feature","geometry":{"type":"LineString","coordinates":[[9.8228,10.3212],[9.8226,10.3209]]},"properties":{"c":"t","r":"A3"}},{"type":"Feature","geometry":{"type":"LineString","coordinates":[[11.9686,10.0398],[11.9678,10.0423]]},"properties":{"c":"t","r":"A4"}},{"type":"Feature","geometry":{"type":"LineString","coordinates":[[11.9678,10.0423],[11.9653,10.0497]]},"properties":{"c":"t","r":"A4"}},{"type":"Feature","geometry":{"type":"LineString","coordinates":[[12.5184,10.9243],[12.5178,10.9235]]},"properties":{"c":"t","r":"A4"}},{"type":"Feature","geometry":{"type":"LineString","coordinates":[[12.2317,10.7269],[12.2312,10.7272]]},"properties":{"c":"t","r":"A4"}},{"type":"Feature","geometry":{"type":"LineString","coordinates":[[12.5178,10.9235],[12.5118,10.9145],[12.4864,10.8441]]},"properties":{"c":"t","r":"A4"}},{"type":"Feature","geometry":{"type":"LineString","coordinates":[[9.8411,10.3461],[9.8405,10.3458]]},"properties":{"c":"t","r":"A3"}},{"type":"Feature","geometry":{"type":"LineString","coordinates":[[9.8416,10.3459],[9.8422,10.3462]]},"properties":{"c":"t","r":"A3"}},{"type":"Feature","geometry":{"type":"LineString","coordinates":[[9.8422,10.3462],[9.8415,10.3461]]},"properties":{"c":"t","r":"A3"}},{"type":"Feature","geometry":{"type":"LineString","coordinates":[[9.8411,10.3461],[9.8411,10.3461]]},"properties":{"c":"t","r":"A3"}},{"type":"Feature","geometry":{"type":"LineString","coordinates":[[9.8406,10.3457],[9.8412,10.3457]]},"properties":{"c":"t","r":"A3"}},{"type":"Feature","geometry":{"type":"LineString","coordinates":[[10.2989,10.2626],[10.2994,10.2623]]},"properties":{"c":"t","r":"A345"}},{"type":"Feature","geometry":{"type":"LineString","coordinates":[[10.2994,10.2623],[10.303,10.261],[10.3103,10.2658],[10.3641,10.2799]]},"properties":{"c":"t","r":"A345"}},{"type":"Feature","geometry":{"type":"LineString","coordinates":[[12.4864,10.8441],[12.4862,10.8436]]},"properties":{"c":"t","r":"A4"}},{"type":"Feature","geometry":{"type":"LineString","coordinates":[[12.0349,9.4699],[12.0348,9.4704]]},"properties":{"c":"t","r":"A4"}},{"type":"Feature","geometry":{"type":"LineString","coordinates":[[11.908,9.5681],[11.9205,9.5533],[11.9339,9.5513],[11.9585,9.5401],[11.9737,9.5422],[11.9881,9.5346],[12.0009,9.5341],[12.0079,9.5288]]},"properties":{"c":"t","r":"A345"}},{"type":"Feature","geometry":{"type":"LineString","coordinates":[[12.0346,9.4708],[12.0338,9.4732]]},"properties":{"c":"t","r":"A4"}},{"type":"Feature","geometry":{"type":"LineString","coordinates":[[12.0368,9.4574],[12.0366,9.4573]]},"properties":{"c":"t","r":"A4"}},{"type":"Feature","geometry":{"type":"LineString","coordinates":[[12.0371,9.4578],[12.0349,9.4699]]},"properties":{"c":"t","r":"A4"}},{"type":"Feature","geometry":{"type":"LineString","coordinates":[[12.0338,9.4732],[12.0337,9.4735]]},"properties":{"c":"t","r":"A4"}},{"type":"Feature","geometry":{"type":"LineString","coordinates":[[12.0366,9.4573],[12.0369,9.4574]]},"properties":{"c":"t","r":"A4"}},{"type":"Feature","geometry":{"type":"LineString","coordinates":[[11.5562,9.1407],[11.5865,9.1619]]},"properties":{"c":"t","r":"A4"}},{"type":"Feature","geometry":{"type":"LineString","coordinates":[[12.0319,9.4785],[12.0336,9.4735]]},"properties":{"c":"t","r":"A4"}},{"type":"Feature","geometry":{"type":"LineString","coordinates":[[12.0347,9.4703],[12.0349,9.4699]]},"properties":{"c":"t","r":"A4"}},{"type":"Feature","geometry":{"type":"LineString","coordinates":[[12.0337,9.4735],[12.032,9.4786]]},"properties":{"c":"t","r":"A4"}},{"type":"Feature","geometry":{"type":"LineString","coordinates":[[12.0371,9.4578],[12.0369,9.4576]]},"properties":{"c":"t","r":"A4"}},{"type":"Feature","geometry":{"type":"LineString","coordinates":[[12.037,9.4575],[12.0371,9.4578]]},"properties":{"c":"t","r":"A4"}},{"type":"Feature","geometry":{"type":"LineString","coordinates":[[12.0318,9.4791],[12.0319,9.4785]]},"properties":{"c":"t","r":"A4"}},{"type":"Feature","geometry":{"type":"LineString","coordinates":[[12.0348,9.4705],[12.0346,9.4708]]},"properties":{"c":"t","r":"A4"}},{"type":"Feature","geometry":{"type":"LineString","coordinates":[[12.0368,9.4576],[12.0368,9.4576]]},"properties":{"c":"t","r":"A4"}},{"type":"Feature","geometry":{"type":"LineString","coordinates":[[12.0346,9.4704],[12.0346,9.4704]]},"properties":{"c":"t","r":""}},{"type":"Feature","geometry":{"type":"LineString","coordinates":[[12.0346,9.4708],[12.0346,9.4705]]},"properties":{"c":"t","r":"A4"}},{"type":"Feature","geometry":{"type":"LineString","coordinates":[[11.9425,9.3943],[11.9531,9.4151],[11.9826,9.4263],[12.015,9.4489],[12.0366,9.4573]]},"properties":{"c":"t","r":"A4"}},{"type":"Feature","geometry":{"type":"LineString","coordinates":[[12.032,9.4786],[12.0318,9.4791]]},"properties":{"c":"t","r":"A4"}},{"type":"Feature","geometry":{"type":"LineString","coordinates":[[12.0336,9.4735],[12.0338,9.4732]]},"properties":{"c":"t","r":"A4"}},{"type":"Feature","geometry":{"type":"LineString","coordinates":[[12.4243,9.2781],[12.4243,9.2781]]},"properties":{"c":"t","r":"A13"}},{"type":"Feature","geometry":{"type":"LineString","coordinates":[[12.2568,9.2844],[12.2576,9.2832]]},"properties":{"c":"t","r":"A13"}},{"type":"Feature","geometry":{"type":"LineString","coordinates":[[12.4246,9.278],[12.4263,9.2814]]},"properties":{"c":"t","r":"A13"}},{"type":"Feature","geometry":{"type":"LineString","coordinates":[[12.4242,9.2777],[12.422,9.2681],[12.4159,9.2665],[12.3614,9.2832]]},"properties":{"c":"t","r":"A13"}},{"type":"Feature","geometry":{"type":"LineString","coordinates":[[12.4263,9.2814],[12.4243,9.2781]]},"properties":{"c":"t","r":"A13"}},{"type":"Feature","geometry":{"type":"LineString","coordinates":[[12.3614,9.2832],[12.4154,9.2665],[12.4221,9.268],[12.4245,9.2777]]},"properties":{"c":"t","r":"A13"}},{"type":"Feature","geometry":{"type":"LineString","coordinates":[[12.2372,9.2898],[12.2568,9.2844]]},"properties":{"c":"t","r":"A13"}},{"type":"Feature","geometry":{"type":"LineString","coordinates":[[12.236,9.2907],[12.2372,9.2898]]},"properties":{"c":"t","r":"A13"}},{"type":"Feature","geometry":{"type":"LineString","coordinates":[[12.2906,9.2776],[12.316,9.2839],[12.3233,9.2942],[12.3614,9.2832]]},"properties":{"c":"t","r":"A13"}},{"type":"Feature","geometry":{"type":"LineString","coordinates":[[12.1027,9.4468],[12.1147,9.4433],[12.2268,9.3279],[12.2268,9.3165],[12.2323,9.3005]]},"properties":{"c":"t","r":"A345"}},{"type":"Feature","geometry":{"type":"LineString","coordinates":[[11.3454,11.6787],[11.3628,11.6759]]},"properties":{"c":"t","r":"A3"}},{"type":"Feature","geometry":{"type":"LineString","coordinates":[[12.4726,9.2978],[12.4722,9.2974]]},"properties":{"c":"t","r":"A13"}},{"type":"Feature","geometry":{"type":"LineString","coordinates":[[12.4636,9.2877],[12.4723,9.2974]]},"properties":{"c":"t","r":"A13"}},{"type":"Feature","geometry":{"type":"LineString","coordinates":[[12.5482,9.3606],[12.5478,9.3603]]},"properties":{"c":"t","r":"A13"}},{"type":"Feature","geometry":{"type":"LineString","coordinates":[[12.4723,9.2974],[12.4726,9.2978]]},"properties":{"c":"t","r":"A13"}},{"type":"Feature","geometry":{"type":"LineString","coordinates":[[12.5698,9.7434],[12.5697,9.7432]]},"properties":{"c":"t","r":"A13"}},{"type":"Feature","geometry":{"type":"LineString","coordinates":[[12.4634,9.2876],[12.4351,9.2871],[12.4263,9.2814]]},"properties":{"c":"t","r":"A13"}},{"type":"Feature","geometry":{"type":"LineString","coordinates":[[12.4636,9.2878],[12.4634,9.2876]]},"properties":{"c":"t","r":"A13"}},{"type":"Feature","geometry":{"type":"LineString","coordinates":[[12.5704,9.5692],[12.5732,9.5638],[12.5707,9.5389],[12.5753,9.5291],[12.5747,9.518],[12.5834,9.4789],[12.5626,9.4251],[12.559,9.4036],[12.5535,9.3908],[12.5528,9.3649],[12.5482,9.3606]]},"properties":{"c":"t","r":"A13"}},{"type":"Feature","geometry":{"type":"LineString","coordinates":[[12.5702,9.5694],[12.5704,9.5692]]},"properties":{"c":"t","r":"A13"}},{"type":"Feature","geometry":{"type":"LineString","coordinates":[[12.4634,9.2876],[12.4636,9.2877]]},"properties":{"c":"t","r":"A13"}},{"type":"Feature","geometry":{"type":"LineString","coordinates":[[12.4722,9.2974],[12.4636,9.2878]]},"properties":{"c":"t","r":"A13"}},{"type":"Feature","geometry":{"type":"LineString","coordinates":[[12.5697,9.7432],[12.5491,9.6887],[12.5542,9.6806],[12.557,9.6663],[12.5561,9.6226],[12.5618,9.6089],[12.56,9.6027],[12.5635,9.5807],[12.5702,9.5694]]},"properties":{"c":"t","r":"A13"}},{"type":"Feature","geometry":{"type":"LineString","coordinates":[[12.0372,9.4571],[12.037,9.4575]]},"properties":{"c":"t","r":"A345"}},{"type":"Feature","geometry":{"type":"LineString","coordinates":[[12.0369,9.4574],[12.0372,9.4571]]},"properties":{"c":"t","r":"A345"}},{"type":"Feature","geometry":{"type":"LineString","coordinates":[[10.5595,11.2445],[10.559,11.244]]},"properties":{"c":"t","r":"A3"}},{"type":"Feature","geometry":{"type":"LineString","coordinates":[[10.5591,11.244],[10.5595,11.2445]]},"properties":{"c":"t","r":"A3"}},{"type":"Feature","geometry":{"type":"LineString","coordinates":[[10.5582,11.2433],[10.5591,11.244]]},"properties":{"c":"t","r":"A3"}},{"type":"Feature","geometry":{"type":"LineString","coordinates":[[10.559,11.244],[10.5582,11.2433]]},"properties":{"c":"t","r":"A3"}},{"type":"Feature","geometry":{"type":"LineString","coordinates":[[3.3626,6.4771],[3.3641,6.4764]]},"properties":{"c":"t","r":"F100"}},{"type":"Feature","geometry":{"type":"LineString","coordinates":[[3.3641,6.4765],[3.3627,6.4772]]},"properties":{"c":"t","r":"F100"}},{"type":"Feature","geometry":{"type":"LineString","coordinates":[[2.8666,6.4223],[2.8736,6.4264],[2.8911,6.427]]},"properties":{"c":"t","r":"F100"}},{"type":"Feature","geometry":{"type":"LineString","coordinates":[[2.8623,6.4182],[2.8666,6.4223]]},"properties":{"c":"t","r":"F100"}},{"type":"Feature","geometry":{"type":"LineString","coordinates":[[2.8913,6.4271],[2.8998,6.4367],[2.9084,6.4397],[2.947,6.4407],[2.9621,6.4597],[2.9862,6.47],[3.0166,6.4747],[3.0289,6.4816],[3.0656,6.487],[3.0922,6.4995],[3.1011,6.4998]]},"properties":{"c":"t","r":"F100"}},{"type":"Feature","geometry":{"type":"LineString","coordinates":[[2.891,6.4272],[2.8736,6.4265],[2.8665,6.4223]]},"properties":{"c":"t","r":"F100"}},{"type":"Feature","geometry":{"type":"LineString","coordinates":[[2.8665,6.4223],[2.8622,6.4183]]},"properties":{"c":"t","r":"F100"}},{"type":"Feature","geometry":{"type":"LineString","coordinates":[[2.8622,6.4183],[2.8487,6.4011],[2.8382,6.3952],[2.8019,6.3951],[2.7602,6.3844],[2.712,6.381]]},"properties":{"c":"t","r":"F100"}},{"type":"Feature","geometry":{"type":"LineString","coordinates":[[2.9174,6.7001],[2.9048,6.706],[2.8978,6.6999],[2.8498,6.6884],[2.8163,6.685],[2.8042,6.6914],[2.7896,6.6914],[2.7619,6.6696],[2.744,6.6363],[2.7319,6.6394]]},"properties":{"c":"t","r":"A5-1"}},{"type":"Feature","geometry":{"type":"LineString","coordinates":[[2.9822,6.6962],[2.9845,6.6953]]},"properties":{"c":"t","r":"A5-1"}},{"type":"Feature","geometry":{"type":"LineString","coordinates":[[2.9845,6.6953],[2.9822,6.6962]]},"properties":{"c":"t","r":"A5-1"}},{"type":"Feature","geometry":{"type":"LineString","coordinates":[[2.9181,6.6998],[2.9174,6.7001]]},"properties":{"c":"t","r":"A5-1"}},{"type":"Feature","geometry":{"type":"LineString","coordinates":[[2.9822,6.6962],[2.9463,6.7024],[2.9318,6.7016],[2.9249,6.6976],[2.9181,6.6998]]},"properties":{"c":"t","r":"A5-1"}},{"type":"Feature","geometry":{"type":"LineString","coordinates":[[4.4737,8.5439],[4.4673,8.551],[4.4623,8.5697]]},"properties":{"c":"t","r":"A7"}},{"type":"Feature","geometry":{"type":"LineString","coordinates":[[4.4405,8.5887],[4.4183,8.6098],[4.3813,8.6307],[4.352,8.6588],[4.3285,8.6689]]},"properties":{"c":"t","r":"A7"}},{"type":"Feature","geometry":{"type":"LineString","coordinates":[[4.4741,8.5436],[4.4739,8.5438]]},"properties":{"c":"t","r":"A7"}},{"type":"Feature","geometry":{"type":"LineString","coordinates":[[4.513,8.5127],[4.4993,8.5204],[4.4869,8.5322]]},"properties":{"c":"t","r":"A7"}},{"type":"Feature","geometry":{"type":"LineString","coordinates":[[4.4405,8.5887],[4.4405,8.5887]]},"properties":{"c":"t","r":"A7"}},{"type":"Feature","geometry":{"type":"LineString","coordinates":[[4.4739,8.5438],[4.4737,8.5439]]},"properties":{"c":"t","r":"A7"}},{"type":"Feature","geometry":{"type":"LineString","coordinates":[[4.1208,8.7563],[4.0825,8.7951],[4.0722,8.8133],[4.0645,8.8411],[4.0519,8.8602],[4.0306,8.8702],[4.0312,8.8791],[4.0226,8.8974],[4.0116,8.9148],[4.0039,8.9163],[3.9924,8.9385],[3.9315,8.9979],[3.9003,9.0105],[3.8907,9.0248]]},"properties":{"c":"t","r":"A7"}},{"type":"Feature","geometry":{"type":"LineString","coordinates":[[4.4743,8.5435],[4.4741,8.5436]]},"properties":{"c":"t","r":"A7"}},{"type":"Feature","geometry":{"type":"LineString","coordinates":[[4.4532,8.5825],[4.4405,8.5887]]},"properties":{"c":"t","r":"A7"}},{"type":"Feature","geometry":{"type":"LineString","coordinates":[[4.4623,8.5698],[4.4585,8.5791],[4.4533,8.5824]]},"properties":{"c":"t","r":"A7"}},{"type":"Feature","geometry":{"type":"LineString","coordinates":[[4.4623,8.5697],[4.4623,8.5698]]},"properties":{"c":"t","r":"A7"}},{"type":"Feature","geometry":{"type":"LineString","coordinates":[[4.4533,8.5824],[4.4532,8.5825]]},"properties":{"c":"t","r":"A7"}},{"type":"Feature","geometry":{"type":"LineString","coordinates":[[4.3736,12.2264],[4.3739,12.2267]]},"properties":{"c":"t","r":"A1"}},{"type":"Feature","geometry":{"type":"LineString","coordinates":[[4.3733,12.2263],[4.3734,12.2258]]},"properties":{"c":"t","r":"A1"}},{"type":"Feature","geometry":{"type":"LineString","coordinates":[[4.3734,12.2258],[4.3719,12.2183]]},"properties":{"c":"t","r":"A1"}},{"type":"Feature","geometry":{"type":"LineString","coordinates":[[4.3733,12.2263],[4.3735,12.2263]]},"properties":{"c":"t","r":""}},{"type":"Feature","geometry":{"type":"LineString","coordinates":[[4.3734,12.2258],[4.3735,12.2263]]},"properties":{"c":"t","r":"A1"}},{"type":"Feature","geometry":{"type":"LineString","coordinates":[[4.3739,12.2267],[4.3735,12.2266]]},"properties":{"c":"t","r":"A1"}},{"type":"Feature","geometry":{"type":"LineString","coordinates":[[4.4164,11.8453],[4.4319,11.8074],[4.4334,11.7916],[4.4389,11.7794]]},"properties":{"c":"t","r":"A1"}},{"type":"Feature","geometry":{"type":"LineString","coordinates":[[4.4929,11.6621],[4.4932,11.6613]]},"properties":{"c":"t","r":"A1"}},{"type":"Feature","geometry":{"type":"LineString","coordinates":[[4.4924,11.6644],[4.4929,11.6621]]},"properties":{"c":"t","r":"A1"}},{"type":"Feature","geometry":{"type":"LineString","coordinates":[[4.5152,11.4285],[4.5155,11.4282]]},"properties":{"c":"t","r":"A1"}},{"type":"Feature","geometry":{"type":"LineString","coordinates":[[4.5156,11.4283],[4.5156,11.4283]]},"properties":{"c":"t","r":""}},{"type":"Feature","geometry":{"type":"LineString","coordinates":[[4.4917,11.6676],[4.492,11.6665]]},"properties":{"c":"t","r":"A1"}},{"type":"Feature","geometry":{"type":"LineString","coordinates":[[4.365,12.1966],[4.3651,12.1961]]},"properties":{"c":"t","r":"A1"}},{"type":"Feature","geometry":{"type":"LineString","coordinates":[[4.3651,12.1961],[4.3676,12.1806]]},"properties":{"c":"t","r":"A1"}},{"type":"Feature","geometry":{"type":"LineString","coordinates":[[4.5156,11.4283],[4.5152,11.4285]]},"properties":{"c":"t","r":"A1"}},{"type":"Feature","geometry":{"type":"LineString","coordinates":[[4.4922,11.6652],[4.4924,11.6644]]},"properties":{"c":"t","r":"A1"}},{"type":"Feature","geometry":{"type":"LineString","coordinates":[[4.4162,11.8456],[4.4164,11.8453]]},"properties":{"c":"t","r":"A1"}},{"type":"Feature","geometry":{"type":"LineString","coordinates":[[4.5159,11.4281],[4.5555,11.3947]]},"properties":{"c":"t","r":"A1"}},{"type":"Feature","geometry":{"type":"LineString","coordinates":[[4.4389,11.7794],[4.4392,11.7787]]},"properties":{"c":"t","r":"A1"}},{"type":"Feature","geometry":{"type":"LineString","coordinates":[[4.492,11.6665],[4.4922,11.6652]]},"properties":{"c":"t","r":"A1"}},{"type":"Feature","geometry":{"type":"LineString","coordinates":[[4.5159,11.4281],[4.5156,11.4283]]},"properties":{"c":"t","r":"A1"}},{"type":"Feature","geometry":{"type":"LineString","coordinates":[[4.4932,11.6613],[4.4961,11.6504],[4.4828,11.6165],[4.4788,11.5685],[4.483,11.5313],[4.4936,11.5069],[4.5152,11.4285]]},"properties":{"c":"t","r":"A1"}},{"type":"Feature","geometry":{"type":"LineString","coordinates":[[4.4392,11.7787],[4.4625,11.7552],[4.4867,11.7073],[4.4886,11.6958]]},"properties":{"c":"t","r":"A1"}},{"type":"Feature","geometry":{"type":"LineString","coordinates":[[4.5156,11.4282],[4.5159,11.4281]]},"properties":{"c":"t","r":"A1"}},{"type":"Feature","geometry":{"type":"LineString","coordinates":[[4.5599,11.3917],[4.5601,11.3914]]},"properties":{"c":"t","r":"A1"}},{"type":"Feature","geometry":{"type":"LineString","coordinates":[[4.5691,11.3728],[4.5692,11.3725]]},"properties":{"c":"t","r":"A1"}},{"type":"Feature","geometry":{"type":"LineString","coordinates":[[4.6368,11.1917],[4.6536,11.1606]]},"properties":{"c":"t","r":"A1"}},{"type":"Feature","geometry":{"type":"LineString","coordinates":[[4.7634,11.039],[4.7635,11.0387]]},"properties":{"c":"t","r":"A1"}},{"type":"Feature","geometry":{"type":"LineString","coordinates":[[4.7161,11.0959],[4.7214,11.0884],[4.7417,11.0757],[4.7513,11.0611]]},"properties":{"c":"t","r":"A1"}},{"type":"Feature","geometry":{"type":"LineString","coordinates":[[4.6536,11.1606],[4.6539,11.1603]]},"properties":{"c":"t","r":"A1"}},{"type":"Feature","geometry":{"type":"LineString","coordinates":[[4.5899,11.3117],[4.59,11.3113]]},"properties":{"c":"t","r":"A1"}},{"type":"Feature","geometry":{"type":"LineString","coordinates":[[4.7515,11.0609],[4.7634,11.039]]},"properties":{"c":"t","r":"A1"}},{"type":"Feature","geometry":{"type":"LineString","coordinates":[[4.5555,11.3947],[4.5558,11.3945]]},"properties":{"c":"t","r":"A1"}},{"type":"Feature","geometry":{"type":"LineString","coordinates":[[4.7513,11.0611],[4.7515,11.0609]]},"properties":{"c":"t","r":"A1"}},{"type":"Feature","geometry":{"type":"LineString","coordinates":[[4.5558,11.3945],[4.5599,11.3917]]},"properties":{"c":"t","r":"A1"}},{"type":"Feature","geometry":{"type":"LineString","coordinates":[[4.7635,11.0387],[4.7681,11.0169],[4.7684,10.9729]]},"properties":{"c":"t","r":"A1"}},{"type":"Feature","geometry":{"type":"LineString","coordinates":[[4.6251,11.2465],[4.6363,11.1926]]},"properties":{"c":"t","r":"A1"}},{"type":"Feature","geometry":{"type":"LineString","coordinates":[[4.5601,11.3914],[4.5691,11.3728]]},"properties":{"c":"t","r":"A1"}},{"type":"Feature","geometry":{"type":"LineString","coordinates":[[4.59,11.3113],[4.604,11.2883],[4.6115,11.2843],[4.6211,11.2714],[4.625,11.2469]]},"properties":{"c":"t","r":"A1"}},{"type":"Feature","geometry":{"type":"LineString","coordinates":[[4.6792,11.1323],[4.7158,11.0966]]},"properties":{"c":"t","r":"A1"}},{"type":"Feature","geometry":{"type":"LineString","coordinates":[[4.625,11.2469],[4.6251,11.2465]]},"properties":{"c":"t","r":"A1"}},{"type":"Feature","geometry":{"type":"LineString","coordinates":[[4.7158,11.0966],[4.7161,11.0959]]},"properties":{"c":"t","r":"A1"}},{"type":"Feature","geometry":{"type":"LineString","coordinates":[[4.6363,11.1926],[4.6368,11.1917]]},"properties":{"c":"t","r":"A1"}},{"type":"Feature","geometry":{"type":"LineString","coordinates":[[11.9447,11.7377],[11.962,11.7427]]},"properties":{"c":"t","r":"A3"}},{"type":"Feature","geometry":{"type":"LineString","coordinates":[[10.557,11.2548],[10.5571,11.2539]]},"properties":{"c":"t","r":"A237"}},{"type":"Feature","geometry":{"type":"LineString","coordinates":[[10.5571,11.2539],[10.5586,11.2441]]},"properties":{"c":"t","r":"A237"}},{"type":"Feature","geometry":{"type":"LineString","coordinates":[[8.4608,6.3792],[8.4612,6.3802]]},"properties":{"c":"t","r":"A343"}},{"type":"Feature","geometry":{"type":"LineString","coordinates":[[8.1171,6.3069],[8.1027,6.3095]]},"properties":{"c":"t","r":"A343"}},{"type":"Feature","geometry":{"type":"LineString","coordinates":[[8.4612,6.3802],[8.4678,6.3858],[8.4766,6.4182],[8.4689,6.4394]]},"properties":{"c":"t","r":"A343"}},{"type":"Feature","geometry":{"type":"LineString","coordinates":[[7.8222,6.4239],[7.7924,6.4626],[7.7726,6.4773],[7.762,6.4774],[7.7151,6.4592],[7.7045,6.4598]]},"properties":{"c":"t","r":"A343"}},{"type":"Feature","geometry":{"type":"LineString","coordinates":[[4.7685,10.9724],[4.7716,10.9543],[4.7697,10.9349],[4.7587,10.9091]]},"properties":{"c":"t","r":"A1"}},{"type":"Feature","geometry":{"type":"LineString","coordinates":[[4.7493,10.877],[4.7436,10.8486]]},"properties":{"c":"t","r":"A1"}},{"type":"Feature","geometry":{"type":"LineString","coordinates":[[4.7684,10.9729],[4.7685,10.9724]]},"properties":{"c":"t","r":"A1"}},{"type":"Feature","geometry":{"type":"LineString","coordinates":[[4.7462,10.8412],[4.7449,10.8202],[4.7585,10.8006],[4.7647,10.7762],[4.7811,10.753],[4.7827,10.7412],[4.7935,10.718],[4.8124,10.701]]},"properties":{"c":"t","r":"A1"}},{"type":"Feature","geometry":{"type":"LineString","coordinates":[[4.7462,10.8416],[4.7462,10.8412]]},"properties":{"c":"t","r":"A1"}},{"type":"Feature","geometry":{"type":"LineString","coordinates":[[4.7495,10.8773],[4.7493,10.877]]},"properties":{"c":"t","r":"A1"}},{"type":"Feature","geometry":{"type":"LineString","coordinates":[[11.1171,10.29],[11.1171,10.29]]},"properties":{"c":"t","r":"A345"}},{"type":"Feature","geometry":{"type":"LineString","coordinates":[[7.8756,8.8562],[7.8849,8.8548]]},"properties":{"c":"t","r":"A234"}},{"type":"Feature","geometry":{"type":"LineString","coordinates":[[5.2632,13.0788],[5.2623,13.0784]]},"properties":{"c":"t","r":"A1"}},{"type":"Feature","geometry":{"type":"LineString","coordinates":[[5.256,13.0754],[5.2471,13.0671]]},"properties":{"c":"t","r":"A1"}},{"type":"Feature","geometry":{"type":"LineString","coordinates":[[5.1892,12.9317],[5.1731,12.8837],[5.1462,12.8485],[5.1237,12.8024],[5.0916,12.7832],[5.081,12.7693],[5.0678,12.7389]]},"properties":{"c":"t","r":"A1"}},{"type":"Feature","geometry":{"type":"LineString","coordinates":[[5.2186,13.0196],[5.2186,13.0196]]},"properties":{"c":"t","r":""}},{"type":"Feature","geometry":{"type":"LineString","coordinates":[[5.2471,13.0671],[5.2397,13.065]]},"properties":{"c":"t","r":"A1"}},{"type":"Feature","geometry":{"type":"LineString","coordinates":[[5.1892,12.9317],[5.1897,12.9322]]},"properties":{"c":"t","r":"A1"}},{"type":"Feature","geometry":{"type":"LineString","coordinates":[[5.2473,13.0671],[5.256,13.0753]]},"properties":{"c":"t","r":"A1"}},{"type":"Feature","geometry":{"type":"LineString","coordinates":[[5.1898,12.9323],[5.1961,12.9408],[5.2016,12.9755],[5.2167,13.0154]]},"properties":{"c":"t","r":"A1"}},{"type":"Feature","geometry":{"type":"LineString","coordinates":[[5.2166,13.0153],[5.2015,12.9755],[5.1958,12.9403],[5.1896,12.9324]]},"properties":{"c":"t","r":"A1"}},{"type":"Feature","geometry":{"type":"LineString","coordinates":[[5.2562,13.0754],[5.2608,13.0776]]},"properties":{"c":"t","r":"A1"}},{"type":"Feature","geometry":{"type":"LineString","coordinates":[[5.1898,12.9323],[5.1898,12.9323]]},"properties":{"c":"t","r":""}},{"type":"Feature","geometry":{"type":"LineString","coordinates":[[5.2175,13.0168],[5.2186,13.0194]]},"properties":{"c":"t","r":"A1"}},{"type":"Feature","geometry":{"type":"LineString","coordinates":[[5.1895,12.9324],[5.1892,12.9317]]},"properties":{"c":"t","r":"A1"}},{"type":"Feature","geometry":{"type":"LineString","coordinates":[[5.2607,13.0777],[5.2562,13.0755]]},"properties":{"c":"t","r":"A1"}},{"type":"Feature","geometry":{"type":"LineString","coordinates":[[5.2185,13.0194],[5.2175,13.0171]]},"properties":{"c":"t","r":"A1"}},{"type":"Feature","geometry":{"type":"LineString","coordinates":[[5.225,13.033],[5.2322,13.046]]},"properties":{"c":"t","r":"A1"}},{"type":"Feature","geometry":{"type":"LineString","coordinates":[[5.2322,13.0463],[5.2322,13.0463]]},"properties":{"c":"t","r":""}},{"type":"Feature","geometry":{"type":"LineString","coordinates":[[5.2575,12.9953],[5.2513,13.0055]]},"properties":{"c":"t","r":"A126"}},{"type":"Feature","geometry":{"type":"LineString","coordinates":[[5.2216,13.0258],[5.2186,13.0196]]},"properties":{"c":"t","r":"A1"}},{"type":"Feature","geometry":{"type":"LineString","coordinates":[[5.2575,12.9953],[5.2669,12.9819],[5.2884,12.9673],[5.2885,12.9508],[5.308,12.933]]},"properties":{"c":"t","r":"A126"}},{"type":"Feature","geometry":{"type":"LineString","coordinates":[[5.2219,13.026],[5.2249,13.0328]]},"properties":{"c":"t","r":"A1"}},{"type":"Feature","geometry":{"type":"LineString","coordinates":[[5.2219,13.026],[5.2219,13.026]]},"properties":{"c":"t","r":""}},{"type":"Feature","geometry":{"type":"LineString","coordinates":[[5.2248,13.0328],[5.2248,13.0328]]},"properties":{"c":"t","r":""}},{"type":"Feature","geometry":{"type":"LineString","coordinates":[[5.2561,13.1143],[5.2562,13.1141]]},"properties":{"c":"t","r":"A1"}},{"type":"Feature","geometry":{"type":"LineString","coordinates":[[5.2322,13.046],[5.2376,13.0337]]},"properties":{"c":"t","r":"A126"}},{"type":"Feature","geometry":{"type":"LineString","coordinates":[[5.2247,13.0329],[5.2217,13.026]]},"properties":{"c":"t","r":"A1"}},{"type":"Feature","geometry":{"type":"LineString","coordinates":[[5.2187,13.0195],[5.2218,13.0257]]},"properties":{"c":"t","r":"A1"}},{"type":"Feature","geometry":{"type":"LineString","coordinates":[[5.2379,13.0334],[5.2376,13.0337]]},"properties":{"c":"t","r":"A126"}},{"type":"Feature","geometry":{"type":"LineString","coordinates":[[5.2319,13.046],[5.2249,13.0331]]},"properties":{"c":"t","r":"A1"}},{"type":"Feature","geometry":{"type":"LineString","coordinates":[[5.2322,13.0466],[5.2324,13.0504]]},"properties":{"c":"t","r":"A1"}},{"type":"Feature","geometry":{"type":"LineString","coordinates":[[5.2324,13.0506],[5.2324,13.0506]]},"properties":{"c":"t","r":""}},{"type":"Feature","geometry":{"type":"LineString","coordinates":[[5.2322,13.0504],[5.2319,13.0467]]},"properties":{"c":"t","r":"A1"}},{"type":"Feature","geometry":{"type":"LineString","coordinates":[[5.2329,13.0614],[5.2395,13.0648]]},"properties":{"c":"t","r":"A1"}},{"type":"Feature","geometry":{"type":"LineString","coordinates":[[5.2328,13.0615],[5.2328,13.0615]]},"properties":{"c":"t","r":""}},{"type":"Feature","geometry":{"type":"LineString","coordinates":[[5.2328,13.0612],[5.2325,13.0543]]},"properties":{"c":"t","r":"A1"}},{"type":"Feature","geometry":{"type":"LineString","coordinates":[[5.2324,13.0506],[5.2326,13.0542]]},"properties":{"c":"t","r":"A1"}},{"type":"Feature","geometry":{"type":"LineString","coordinates":[[5.2325,13.0542],[5.2322,13.0506]]},"properties":{"c":"t","r":"A1"}},{"type":"Feature","geometry":{"type":"LineString","coordinates":[[5.2326,13.0543],[5.2329,13.0612]]},"properties":{"c":"t","r":"A1"}},{"type":"Feature","geometry":{"type":"LineString","coordinates":[[11.214,9.9422],[11.2195,9.9309],[11.216,9.9149],[11.2201,9.8931],[11.2303,9.8711],[11.242,9.8582],[11.2514,9.8592],[11.261,9.8556],[11.2811,9.8377]]},"properties":{"c":"t","r":"A345"}},{"type":"Feature","geometry":{"type":"LineString","coordinates":[[11.2131,9.9432],[11.214,9.9422]]},"properties":{"c":"t","r":"A345"}},{"type":"Feature","geometry":{"type":"LineString","coordinates":[[8.1489,6.3078],[8.1887,6.3225],[8.2027,6.3205],[8.206,6.3232],[8.2555,6.3296],[8.2626,6.3259],[8.2711,6.3328],[8.3017,6.3445],[8.3249,6.3658],[8.33,6.3655]]},"properties":{"c":"t","r":"A343"}},{"type":"Feature","geometry":{"type":"LineString","coordinates":[[8.1483,6.308],[8.1489,6.3078]]},"properties":{"c":"t","r":"A343"}},{"type":"Feature","geometry":{"type":"LineString","coordinates":[[5.2396,13.0651],[5.2396,13.0651]]},"properties":{"c":"t","r":""}},{"type":"Feature","geometry":{"type":"LineString","coordinates":[[5.2397,13.0649],[5.2471,13.0669]]},"properties":{"c":"t","r":"A1"}},{"type":"Feature","geometry":{"type":"LineString","coordinates":[[5.2395,13.065],[5.2328,13.0615]]},"properties":{"c":"t","r":"A1"}},{"type":"Feature","geometry":{"type":"LineString","coordinates":[[5.2471,13.0669],[5.2471,13.0669]]},"properties":{"c":"t","r":""}},{"type":"Feature","geometry":{"type":"LineString","coordinates":[[5.2437,13.019],[5.242,13.0225]]},"properties":{"c":"t","r":"A126"}},{"type":"Feature","geometry":{"type":"LineString","coordinates":[[5.2401,13.0261],[5.2418,13.0225]]},"properties":{"c":"t","r":"A126"}},{"type":"Feature","geometry":{"type":"LineString","coordinates":[[5.2376,13.0333],[5.24,13.0263]]},"properties":{"c":"t","r":"A126"}},{"type":"Feature","geometry":{"type":"LineString","coordinates":[[5.2402,13.0261],[5.2402,13.0261]]},"properties":{"c":"t","r":""}},{"type":"Feature","geometry":{"type":"LineString","coordinates":[[5.2437,13.019],[5.2437,13.019]]},"properties":{"c":"t","r":"A126"}},{"type":"Feature","geometry":{"type":"LineString","coordinates":[[5.2435,13.0187],[5.2511,13.0056]]},"properties":{"c":"t","r":"A126"}},{"type":"Feature","geometry":{"type":"LineString","coordinates":[[5.2379,13.0336],[5.2322,13.0465]]},"properties":{"c":"t","r":"A126"}},{"type":"Feature","geometry":{"type":"LineString","coordinates":[[5.2402,13.0264],[5.2379,13.0331]]},"properties":{"c":"t","r":"A126"}},{"type":"Feature","geometry":{"type":"LineString","coordinates":[[5.3095,12.9049],[5.3248,12.8803],[5.3406,12.8673],[5.3519,12.8399],[5.387,12.799],[5.403,12.7851]]},"properties":{"c":"t","r":"A126"}},{"type":"Feature","geometry":{"type":"LineString","coordinates":[[5.2513,13.0057],[5.2438,13.0188]]},"properties":{"c":"t","r":"A126"}},{"type":"Feature","geometry":{"type":"LineString","coordinates":[[5.2511,13.0055],[5.2575,12.9953]]},"properties":{"c":"t","r":"A126"}},{"type":"Feature","geometry":{"type":"LineString","coordinates":[[5.2512,13.0057],[5.2512,13.0057]]},"properties":{"c":"t","r":"A126"}},{"type":"Feature","geometry":{"type":"LineString","coordinates":[[7.8751,8.8561],[7.8756,8.8562]]},"properties":{"c":"t","r":"A234"}},{"type":"Feature","geometry":{"type":"LineString","coordinates":[[7.8756,8.8562],[7.8751,8.8563]]},"properties":{"c":"t","r":"A234"}},{"type":"Feature","geometry":{"type":"LineString","coordinates":[[7.6517,12.9048],[7.6558,12.8965]]},"properties":{"c":"t","r":"A9"}},{"type":"Feature","geometry":{"type":"LineString","coordinates":[[7.6515,12.9051],[7.6517,12.9048]]},"properties":{"c":"t","r":"A9"}},{"type":"Feature","geometry":{"type":"LineString","coordinates":[[7.6415,12.9338],[7.6515,12.9051]]},"properties":{"c":"t","r":"A9"}},{"type":"Feature","geometry":{"type":"LineString","coordinates":[[7.6415,12.9338],[7.6381,12.9493]]},"properties":{"c":"t","r":"A9"}},{"type":"Feature","geometry":{"type":"LineString","coordinates":[[7.6379,12.9493],[7.6415,12.9338]]},"properties":{"c":"t","r":"A9"}},{"type":"Feature","geometry":{"type":"LineString","coordinates":[[7.638,12.9495],[7.6319,12.9578]]},"properties":{"c":"t","r":"A9"}},{"type":"Feature","geometry":{"type":"LineString","coordinates":[[7.6318,12.9577],[7.6378,12.9494]]},"properties":{"c":"t","r":"A9"}},{"type":"Feature","geometry":{"type":"LineString","coordinates":[[7.6106,12.9772],[7.6117,12.9765]]},"properties":{"c":"t","r":"A9"}},{"type":"Feature","geometry":{"type":"LineString","coordinates":[[7.5633,13.0216],[7.5699,13.0154]]},"properties":{"c":"t","r":"A9"}},{"type":"Feature","geometry":{"type":"LineString","coordinates":[[7.57,13.0155],[7.5633,13.0216]]},"properties":{"c":"t","r":"A9"}},{"type":"Feature","geometry":{"type":"LineString","coordinates":[[7.57,13.0152],[7.5874,12.9963]]},"properties":{"c":"t","r":"A9"}},{"type":"Feature","geometry":{"type":"LineString","coordinates":[[7.5877,12.9964],[7.5702,13.0153]]},"properties":{"c":"t","r":"A9"}},{"type":"Feature","geometry":{"type":"LineString","coordinates":[[7.6105,12.9775],[7.6101,12.9776]]},"properties":{"c":"t","r":"A9"}},{"type":"Feature","geometry":{"type":"LineString","coordinates":[[7.5986,12.9949],[7.597,12.9948]]},"properties":{"c":"t","r":""}},{"type":"Feature","geometry":{"type":"LineString","coordinates":[[7.627,12.9636],[7.612,12.9763]]},"properties":{"c":"t","r":"A9"}},{"type":"Feature","geometry":{"type":"LineString","coordinates":[[7.597,12.9947],[7.599,12.9948]]},"properties":{"c":"t","r":""}},{"type":"Feature","geometry":{"type":"LineString","coordinates":[[4.7881,12.4641],[4.7876,12.4639]]},"properties":{"c":"t","r":"A1"}},{"type":"Feature","geometry":{"type":"LineString","coordinates":[[4.4414,12.2754],[4.4252,12.2647],[4.4088,12.2606],[4.3802,12.2298],[4.3739,12.2267]]},"properties":{"c":"t","r":"A1"}},{"type":"Feature","geometry":{"type":"LineString","coordinates":[[4.9924,12.6429],[4.9859,12.6113],[4.972,12.5936],[4.9596,12.5698],[4.9381,12.5428],[4.8706,12.4947],[4.8492,12.489],[4.8318,12.479],[4.8101,12.475],[4.7881,12.4641]]},"properties":{"c":"t","r":"A1"}},{"type":"Feature","geometry":{"type":"LineString","coordinates":[[5.0358,12.699],[5.0357,12.699]]},"properties":{"c":"t","r":"A1"}},{"type":"Feature","geometry":{"type":"LineString","coordinates":[[5.0583,12.7191],[5.0467,12.7029],[5.0358,12.699]]},"properties":{"c":"t","r":"A1"}},{"type":"Feature","geometry":{"type":"LineString","coordinates":[[5.0586,12.72],[5.0583,12.7191]]},"properties":{"c":"t","r":"A1"}},{"type":"Feature","geometry":{"type":"LineString","coordinates":[[4.5735,12.3555],[4.5732,12.3554]]},"properties":{"c":"t","r":"A1"}},{"type":"Feature","geometry":{"type":"LineString","coordinates":[[4.4418,12.2757],[4.4414,12.2754]]},"properties":{"c":"t","r":"A1"}},{"type":"Feature","geometry":{"type":"LineString","coordinates":[[4.7057,12.4367],[4.6919,12.427],[4.6437,12.4078],[4.614,12.3821],[4.5735,12.3555]]},"properties":{"c":"t","r":"A1"}},{"type":"Feature","geometry":{"type":"LineString","coordinates":[[4.7064,12.4373],[4.7057,12.4367]]},"properties":{"c":"t","r":"A1"}},{"type":"Feature","geometry":{"type":"LineString","coordinates":[[4.9927,12.644],[4.9924,12.6429]]},"properties":{"c":"t","r":"A1"}},{"type":"Feature","geometry":{"type":"LineString","coordinates":[[4.5732,12.3554],[4.5138,12.3244],[4.4715,12.2954],[4.4548,12.2876],[4.4418,12.2757]]},"properties":{"c":"t","r":"A1"}},{"type":"Feature","geometry":{"type":"LineString","coordinates":[[4.7876,12.4639],[4.7632,12.4521],[4.721,12.4465],[4.7064,12.4373]]},"properties":{"c":"t","r":"A1"}},{"type":"Feature","geometry":{"type":"LineString","coordinates":[[5.0357,12.699],[5.0232,12.69],[5.0081,12.6729],[5.0041,12.658],[4.9948,12.6498],[4.9927,12.644]]},"properties":{"c":"t","r":"A1"}},{"type":"Feature","geometry":{"type":"LineString","coordinates":[[7.2182,9.093],[7.2181,9.0907]]},"properties":{"c":"t","r":"A2"}},{"type":"Feature","geometry":{"type":"LineString","coordinates":[[7.066,9.2607],[7.0438,9.2557],[7.0211,9.2435],[7.0095,9.2423],[7.0067,9.2487]]},"properties":{"c":"t","r":"A124"}},{"type":"Feature","geometry":{"type":"LineString","coordinates":[[7.2232,9.1121],[7.2225,9.1116]]},"properties":{"c":"t","r":"A124"}},{"type":"Feature","geometry":{"type":"LineString","coordinates":[[7.0067,9.2487],[7.0066,9.25]]},"properties":{"c":"t","r":"A124"}},{"type":"Feature","geometry":{"type":"LineString","coordinates":[[7.2925,9.1372],[7.2788,9.1336],[7.2496,9.1032],[7.223,9.0942]]},"properties":{"c":"t","r":""}},{"type":"Feature","geometry":{"type":"LineString","coordinates":[[6.9274,8.6751],[6.9341,8.698],[6.9589,8.7464],[7.0056,8.7946],[7.0451,8.8202],[7.0544,8.8555],[7.072,8.8948],[7.0885,8.9164],[7.0925,8.9356]]},"properties":{"c":"t","r":"A2"}},{"type":"Feature","geometry":{"type":"LineString","coordinates":[[7.2508,9.3232],[7.2188,9.2868],[7.2174,9.2507],[7.2052,9.2243],[7.2054,9.2065],[7.2287,9.1262],[7.2185,9.1035],[7.2182,9.093]]},"properties":{"c":"t","r":"A2"}},{"type":"Feature","geometry":{"type":"LineString","coordinates":[[7.2225,9.1116],[7.2227,9.1112]]},"properties":{"c":"t","r":"A124"}},{"type":"Feature","geometry":{"type":"LineString","coordinates":[[7.0977,8.9462],[7.0935,8.9407]]},"properties":{"c":"t","r":"A2"}},{"type":"Feature","geometry":{"type":"LineString","coordinates":[[7.2237,9.094],[7.2249,9.0944]]},"properties":{"c":"m","r":"A234"}},{"type":"Feature","geometry":{"type":"LineString","coordinates":[[7.244,9.1006],[7.2559,9.1087]]},"properties":{"c":"m","r":"A234"}},{"type":"Feature","geometry":{"type":"LineString","coordinates":[[7.2231,9.0936],[7.2446,9.1006]]},"properties":{"c":"t","r":""}},{"type":"Feature","geometry":{"type":"LineString","coordinates":[[7.2181,9.0953],[7.2185,9.1033],[7.2288,9.1267],[7.2055,9.2066],[7.2056,9.2251],[7.2175,9.2501],[7.2189,9.2863],[7.2512,9.3233]]},"properties":{"c":"t","r":"A2"}},{"type":"Feature","geometry":{"type":"LineString","coordinates":[[7.2249,9.0946],[7.2236,9.0942]]},"properties":{"c":"m","r":"A234"}},{"type":"Feature","geometry":{"type":"LineString","coordinates":[[7.3011,9.1382],[7.2959,9.1375]]},"properties":{"c":"m","r":"A234"}},{"type":"Feature","geometry":{"type":"LineString","coordinates":[[7.2225,9.1116],[7.2146,9.1082]]},"properties":{"c":"t","r":"A124"}},{"type":"Feature","geometry":{"type":"LineString","coordinates":[[7.3011,9.138],[7.3022,9.1382]]},"properties":{"c":"m","r":"A234"}},{"type":"Feature","geometry":{"type":"LineString","coordinates":[[7.2559,9.1087],[7.2568,9.1097]]},"properties":{"c":"m","r":"A234"}},{"type":"Feature","geometry":{"type":"LineString","coordinates":[[7.2565,9.1099],[7.2556,9.109]]},"properties":{"c":"m","r":"A234"}},{"type":"Feature","geometry":{"type":"LineString","coordinates":[[7.2706,9.1245],[7.2855,9.1358]]},"properties":{"c":"m","r":"A234"}},{"type":"Feature","geometry":{"type":"LineString","coordinates":[[7.2694,9.1237],[7.2565,9.1099]]},"properties":{"c":"m","r":"A234"}},{"type":"Feature","geometry":{"type":"LineString","coordinates":[[7.2446,9.1006],[7.2528,9.1052],[7.2792,9.1332],[7.295,9.137]]},"properties":{"c":"t","r":""}},{"type":"Feature","geometry":{"type":"LineString","coordinates":[[7.2891,9.1366],[7.2856,9.136]]},"properties":{"c":"m","r":"A234"}},{"type":"Feature","geometry":{"type":"LineString","coordinates":[[7.2697,9.1235],[7.2706,9.1245]]},"properties":{"c":"m","r":"A234"}},{"type":"Feature","geometry":{"type":"LineString","coordinates":[[7.2856,9.136],[7.2703,9.1247]]},"properties":{"c":"m","r":"A234"}},{"type":"Feature","geometry":{"type":"LineString","coordinates":[[7.2958,9.1373],[7.3011,9.138]]},"properties":{"c":"m","r":"A234"}},{"type":"Feature","geometry":{"type":"LineString","coordinates":[[7.2855,9.1358],[7.2895,9.1363]]},"properties":{"c":"m","r":"A234"}},{"type":"Feature","geometry":{"type":"LineString","coordinates":[[7.2556,9.109],[7.2439,9.1008]]},"properties":{"c":"m","r":"A234"}},{"type":"Feature","geometry":{"type":"LineString","coordinates":[[7.2568,9.1097],[7.2697,9.1235]]},"properties":{"c":"m","r":"A234"}},{"type":"Feature","geometry":{"type":"LineString","coordinates":[[7.2703,9.1247],[7.2694,9.1237]]},"properties":{"c":"m","r":"A234"}},{"type":"Feature","geometry":{"type":"LineString","coordinates":[[7.4162,9.0772],[7.4168,9.0775]]},"properties":{"c":"m","r":""}},{"type":"Feature","geometry":{"type":"LineString","coordinates":[[7.4278,9.0789],[7.4284,9.0787]]},"properties":{"c":"m","r":""}},{"type":"Feature","geometry":{"type":"LineString","coordinates":[[7.4162,9.0775],[7.4124,9.0767]]},"properties":{"c":"m","r":""}},{"type":"Feature","geometry":{"type":"LineString","coordinates":[[7.4168,9.0777],[7.4162,9.0775]]},"properties":{"c":"m","r":""}},{"type":"Feature","geometry":{"type":"LineString","coordinates":[[7.4284,9.0787],[7.4371,9.0762]]},"properties":{"c":"m","r":""}},{"type":"Feature","geometry":{"type":"LineString","coordinates":[[7.4168,9.0775],[7.4239,9.0795]]},"properties":{"c":"m","r":""}},{"type":"Feature","geometry":{"type":"LineString","coordinates":[[7.4285,9.0789],[7.4279,9.0791]]},"properties":{"c":"m","r":""}},{"type":"Feature","geometry":{"type":"LineString","coordinates":[[7.4279,9.0791],[7.4254,9.0796]]},"properties":{"c":"m","r":""}},{"type":"Feature","geometry":{"type":"LineString","coordinates":[[7.875,8.8564],[7.875,8.8564]]},"properties":{"c":"t","r":"A234"}},{"type":"Feature","geometry":{"type":"LineString","coordinates":[[3.3991,6.4595],[3.3972,6.4606]]},"properties":{"c":"m","r":"F265"}},{"type":"Feature","geometry":{"type":"LineString","coordinates":[[3.3962,6.4612],[3.3971,6.4605]]},"properties":{"c":"m","r":"F264"}},{"type":"Feature","geometry":{"type":"LineString","coordinates":[[3.4027,6.4416],[3.3842,6.453]]},"properties":{"c":"m","r":"F264"}},{"type":"Feature","geometry":{"type":"LineString","coordinates":[[3.4061,6.458],[3.4041,6.4585]]},"properties":{"c":"m","r":"F264"}},{"type":"Feature","geometry":{"type":"LineString","coordinates":[[3.4081,6.4557],[3.4084,6.4529]]},"properties":{"c":"m","r":"F264"}},{"type":"Feature","geometry":{"type":"LineString","coordinates":[[3.3973,6.5474],[3.3987,6.5441]]},"properties":{"c":"m","r":"F265"}},{"type":"Feature","geometry":{"type":"LineString","coordinates":[[3.3978,6.5467],[3.3958,6.5634]]},"properties":{"c":"m","r":""}},{"type":"Feature","geometry":{"type":"LineString","coordinates":[[3.4028,6.4414],[3.4086,6.4529]]},"properties":{"c":"m","r":"F264"}},{"type":"Feature","geometry":{"type":"LineString","coordinates":[[3.3685,6.5167],[3.3652,6.5168]]},"properties":{"c":"t","r":"A5"}},{"type":"Feature","geometry":{"type":"LineString","coordinates":[[3.3836,6.48],[3.385,6.4823]]},"properties":{"c":"t","r":"F266"}},{"type":"Feature","geometry":{"type":"LineString","coordinates":[[3.3835,6.4801],[3.3829,6.4695]]},"properties":{"c":"t","r":"A5"}},{"type":"Feature","geometry":{"type":"LineString","coordinates":[[3.3687,6.5166],[3.3756,6.5157],[3.3772,6.5021],[3.3822,6.4915]]},"properties":{"c":"t","r":"F266"}},{"type":"Feature","geometry":{"type":"LineString","coordinates":[[3.44,6.4372],[3.4426,6.4356]]},"properties":{"c":"t","r":""}},{"type":"Feature","geometry":{"type":"LineString","coordinates":[[3.4401,6.4373],[3.4398,6.4375]]},"properties":{"c":"t","r":""}},{"type":"Feature","geometry":{"type":"LineString","coordinates":[[3.4397,6.4374],[3.44,6.4372]]},"properties":{"c":"t","r":""}},{"type":"Feature","geometry":{"type":"LineString","coordinates":[[3.436,6.4399],[3.4079,6.4374]]},"properties":{"c":"t","r":""}},{"type":"Feature","geometry":{"type":"LineString","coordinates":[[3.4494,6.4366],[3.4446,6.4354]]},"properties":{"c":"t","r":""}},{"type":"Feature","geometry":{"type":"LineString","coordinates":[[3.4561,6.4354],[3.4553,6.4362]]},"properties":{"c":"t","r":""}},{"type":"Feature","geometry":{"type":"LineString","coordinates":[[3.4561,6.4352],[3.4606,6.4305],[3.4661,6.4305]]},"properties":{"c":"t","r":""}},{"type":"Feature","geometry":{"type":"LineString","coordinates":[[3.4553,6.4362],[3.4546,6.4368]]},"properties":{"c":"t","r":""}},{"type":"Feature","geometry":{"type":"LineString","coordinates":[[3.3802,6.5482],[3.3942,6.5503]]},"properties":{"c":"m","r":"F265"}},{"type":"Feature","geometry":{"type":"LineString","coordinates":[[3.38,6.5484],[3.3741,6.5535]]},"properties":{"c":"m","r":"F265"}},{"type":"Feature","geometry":{"type":"LineString","coordinates":[[3.3799,6.5483],[3.3802,6.5482]]},"properties":{"c":"m","r":"F265"}},{"type":"Feature","geometry":{"type":"LineString","coordinates":[[3.3802,6.5483],[3.38,6.5484]]},"properties":{"c":"m","r":"F265"}},{"type":"Feature","geometry":{"type":"LineString","coordinates":[[4.5091,7.7776],[4.5082,7.7817]]},"properties":{"c":"t","r":""}},{"type":"Feature","geometry":{"type":"LineString","coordinates":[[4.5082,7.7817],[4.5067,7.7889]]},"properties":{"c":"t","r":""}},{"type":"Feature","geometry":{"type":"LineString","coordinates":[[5.7639,5.5185],[5.7501,5.5144]]},"properties":{"c":"t","r":"A2"}},{"type":"Feature","geometry":{"type":"LineString","coordinates":[[3.3961,6.578],[3.3834,6.5932]]},"properties":{"c":"m","r":""}},{"type":"Feature","geometry":{"type":"LineString","coordinates":[[3.3964,6.5772],[3.3971,6.5711]]},"properties":{"c":"m","r":""}},{"type":"Feature","geometry":{"type":"LineString","coordinates":[[3.3959,6.5779],[3.3964,6.5772]]},"properties":{"c":"m","r":""}},{"type":"Feature","geometry":{"type":"LineString","coordinates":[[3.3966,6.5773],[3.3961,6.578]]},"properties":{"c":"m","r":""}},{"type":"Feature","geometry":{"type":"LineString","coordinates":[[3.6676,6.9885],[3.6682,6.9883]]},"properties":{"c":"t","r":"A1"}},{"type":"Feature","geometry":{"type":"LineString","coordinates":[[3.6669,6.989],[3.6657,7.0037],[3.6704,7.0123],[3.6698,7.0174]]},"properties":{"c":"t","r":"A1"}},{"type":"Feature","geometry":{"type":"LineString","coordinates":[[5.6189,6.3546],[5.623,6.3478]]},"properties":{"c":"t","r":"A121"}},{"type":"Feature","geometry":{"type":"LineString","coordinates":[[5.623,6.3478],[5.6253,6.3457]]},"properties":{"c":"t","r":"A121"}},{"type":"Feature","geometry":{"type":"LineString","coordinates":[[5.6255,6.3456],[5.6291,6.3458]]},"properties":{"c":"t","r":"A121"}},{"type":"Feature","geometry":{"type":"LineString","coordinates":[[3.9432,7.4042],[3.9432,7.4042]]},"properties":{"c":"t","r":"A122"}},{"type":"Feature","geometry":{"type":"LineString","coordinates":[[3.9,7.3815],[3.8989,7.3796]]},"properties":{"c":"t","r":"A1"}},{"type":"Feature","geometry":{"type":"LineString","coordinates":[[3.9145,7.5899],[3.9226,7.6446],[3.9183,7.6646],[3.9116,7.6741],[3.9108,7.6865],[3.9154,7.692],[3.9163,7.7065],[3.9155,7.7295],[3.9103,7.739],[3.9195,7.7546],[3.9188,7.7618],[3.9241,7.7714],[3.9144,7.8076],[3.9222,7.8288]]},"properties":{"c":"t","r":"A1"}},{"type":"Feature","geometry":{"type":"LineString","coordinates":[[3.9162,7.4906],[3.9163,7.4894]]},"properties":{"c":"m","r":"E1"}},{"type":"Feature","geometry":{"type":"LineString","coordinates":[[3.9162,7.4911],[3.9162,7.4906]]},"properties":{"c":"m","r":"E1"}},{"type":"Feature","geometry":{"type":"LineString","coordinates":[[3.9176,7.5096],[3.9153,7.5847],[3.9121,7.5941],[3.9151,7.6059],[3.9139,7.6319],[3.9172,7.6445]]},"properties":{"c":"m","r":"E1"}},{"type":"Feature","geometry":{"type":"LineString","coordinates":[[3.9164,7.4906],[3.9164,7.4911]]},"properties":{"c":"m","r":"E1"}},{"type":"Feature","geometry":{"type":"LineString","coordinates":[[3.9137,7.4895],[3.9135,7.4976]]},"properties":{"c":"t","r":"A1"}},{"type":"Feature","geometry":{"type":"LineString","coordinates":[[5.9962,10.0531],[5.9979,10.0531]]},"properties":{"c":"t","r":"A10"}},{"type":"Feature","geometry":{"type":"LineString","coordinates":[[5.9979,10.0531],[6.008,10.0498],[6.0234,10.0503],[6.0496,10.0643],[6.0909,10.0724],[6.1238,10.0734],[6.1747,10.082]]},"properties":{"c":"t","r":"A10"}},{"type":"Feature","geometry":{"type":"LineString","coordinates":[[3.9139,7.589],[3.914,7.5891]]},"properties":{"c":"t","r":"A1"}},{"type":"Feature","geometry":{"type":"LineString","coordinates":[[3.9135,7.5884],[3.9139,7.589]]},"properties":{"c":"t","r":"A1"}},{"type":"Feature","geometry":{"type":"LineString","coordinates":[[3.9145,7.5899],[3.9143,7.5897]]},"properties":{"c":"t","r":"A1"}},{"type":"Feature","geometry":{"type":"LineString","coordinates":[[3.9145,7.5896],[3.9145,7.5899]]},"properties":{"c":"t","r":"A1"}},{"type":"Feature","geometry":{"type":"LineString","coordinates":[[3.9142,7.5892],[3.9142,7.5892]]},"properties":{"c":"t","r":""}},{"type":"Feature","geometry":{"type":"LineString","coordinates":[[3.914,7.5891],[3.9143,7.5892]]},"properties":{"c":"t","r":"A1"}},{"type":"Feature","geometry":{"type":"LineString","coordinates":[[3.914,7.5894],[3.914,7.5891]]},"properties":{"c":"t","r":"A1"}},{"type":"Feature","geometry":{"type":"LineString","coordinates":[[3.9169,7.6446],[3.9119,7.594],[3.9151,7.5847],[3.9174,7.5097]]},"properties":{"c":"m","r":"E1"}},{"type":"Feature","geometry":{"type":"LineString","coordinates":[[3.9132,7.5013],[3.9146,7.5173],[3.9121,7.5207],[3.9095,7.5617],[3.9119,7.5861]]},"properties":{"c":"t","r":"A1"}},{"type":"Feature","geometry":{"type":"LineString","coordinates":[[3.917,7.6448],[3.9169,7.6446]]},"properties":{"c":"m","r":"E1"}},{"type":"Feature","geometry":{"type":"LineString","coordinates":[[3.9132,7.5013],[3.9135,7.4976]]},"properties":{"c":"t","r":"A1"}},{"type":"Feature","geometry":{"type":"LineString","coordinates":[[3.9135,7.4976],[3.9132,7.5013]]},"properties":{"c":"t","r":"A1"}},{"type":"Feature","geometry":{"type":"LineString","coordinates":[[3.9177,7.7655],[3.9157,7.7986],[3.9022,7.8399],[3.9113,7.8717]]},"properties":{"c":"m","r":"E1"}},{"type":"Feature","geometry":{"type":"LineString","coordinates":[[3.9172,7.6445],[3.9173,7.6448]]},"properties":{"c":"m","r":"E1"}},{"type":"Feature","geometry":{"type":"LineString","coordinates":[[3.9121,7.5868],[3.9121,7.5868]]},"properties":{"c":"t","r":""}},{"type":"Feature","geometry":{"type":"LineString","coordinates":[[3.9439,7.8859],[3.9766,7.8973],[4.0079,7.9291],[4.0301,7.9436]]},"properties":{"c":"m","r":""}},{"type":"Feature","geometry":{"type":"LineString","coordinates":[[11.0694,11.6989],[11.0728,11.7003]]},"properties":{"c":"t","r":"A3"}},{"type":"Feature","geometry":{"type":"LineString","coordinates":[[11.0692,11.6988],[11.0694,11.6989]]},"properties":{"c":"t","r":"A3"}},{"type":"Feature","geometry":{"type":"LineString","coordinates":[[4.2375,8.1362],[4.2356,8.1344]]},"properties":{"c":"t","r":"A1"}},{"type":"Feature","geometry":{"type":"LineString","coordinates":[[5.138,10.4897],[5.1384,10.4898]]},"properties":{"c":"t","r":"A1"}},{"type":"Feature","geometry":{"type":"LineString","coordinates":[[5.3409,10.3915],[5.3417,10.3911]]},"properties":{"c":"t","r":"A1"}},{"type":"Feature","geometry":{"type":"LineString","coordinates":[[5.3549,10.3892],[5.3778,10.3928],[5.4122,10.3891],[5.4443,10.3995]]},"properties":{"c":"t","r":"A1"}},{"type":"Feature","geometry":{"type":"LineString","coordinates":[[5.0853,10.5101],[5.0855,10.51]]},"properties":{"c":"t","r":"A1"}},{"type":"Feature","geometry":{"type":"LineString","coordinates":[[5.0855,10.51],[5.1227,10.4898],[5.138,10.4897]]},"properties":{"c":"t","r":"A1"}},{"type":"Feature","geometry":{"type":"LineString","coordinates":[[5.1384,10.4898],[5.157,10.493],[5.178,10.4792],[5.2192,10.4608]]},"properties":{"c":"t","r":"A1"}},{"type":"Feature","geometry":{"type":"LineString","coordinates":[[5.4021,10.1866],[5.3947,10.1375],[5.3976,10.1184],[5.4132,10.0732],[5.3845,9.978],[5.3865,9.9518],[5.3952,9.9104],[5.4132,9.8851],[5.4169,9.8753],[5.4164,9.8596],[5.392,9.8122],[5.3951,9.7936],[5.3914,9.7423],[5.3999,9.6842]]},"properties":{"c":"t","r":"A1"}},{"type":"Feature","geometry":{"type":"LineString","coordinates":[[5.4021,10.1868],[5.4021,10.1866]]},"properties":{"c":"t","r":"A1"}},{"type":"Feature","geometry":{"type":"LineString","coordinates":[[5.3999,9.6842],[5.4215,9.6995]]},"properties":{"c":"t","r":"A10"}},{"type":"Feature","geometry":{"type":"LineString","coordinates":[[5.0064,9.2688],[5.052,9.2953],[5.0572,9.2935],[5.0946,9.3084],[5.1423,9.3208]]},"properties":{"c":"t","r":"A1"}},{"type":"Feature","geometry":{"type":"LineString","coordinates":[[5.1423,9.3208],[5.1471,9.3221],[5.1663,9.3438],[5.1962,9.3699],[5.2068,9.3898],[5.2105,9.4106],[5.2228,9.4303],[5.2199,9.4468],[5.2434,9.4594],[5.2701,9.4857],[5.2797,9.519],[5.3132,9.5507],[5.3437,9.5872],[5.3597,9.6163],[5.3666,9.6484],[5.3901,9.6806],[5.3999,9.6842]]},"properties":{"c":"t","r":"A1"}},{"type":"Feature","geometry":{"type":"LineString","coordinates":[[4.9573,9.2462],[4.9671,9.2454],[4.9803,9.2493],[4.9868,9.2594],[5.0064,9.2688]]},"properties":{"c":"t","r":"A1"}},{"type":"Feature","geometry":{"type":"LineString","coordinates":[[4.9571,9.2462],[4.9573,9.2462]]},"properties":{"c":"t","r":"A1"}},{"type":"Feature","geometry":{"type":"LineString","coordinates":[[4.8807,9.2223],[4.8808,9.2223]]},"properties":{"c":"t","r":"A1"}},{"type":"Feature","geometry":{"type":"LineString","coordinates":[[4.9157,9.2436],[4.9571,9.2462]]},"properties":{"c":"t","r":"A1"}},{"type":"Feature","geometry":{"type":"LineString","coordinates":[[4.8483,9.1834],[4.8672,9.1974],[4.8691,9.2064],[4.8778,9.2131],[4.877,9.2198],[4.8807,9.2223]]},"properties":{"c":"t","r":"A1"}},{"type":"Feature","geometry":{"type":"LineString","coordinates":[[4.2378,8.1363],[4.2501,8.1452],[4.2587,8.1624]]},"properties":{"c":"t","r":"A1"}},{"type":"Feature","geometry":{"type":"LineString","coordinates":[[4.7771,8.9354],[4.7832,8.9431]]},"properties":{"c":"t","r":"A14"}},{"type":"Feature","geometry":{"type":"LineString","coordinates":[[4.5578,8.5782],[4.5579,8.5785]]},"properties":{"c":"t","r":"A14"}},{"type":"Feature","geometry":{"type":"LineString","coordinates":[[4.5579,8.5785],[4.56,8.5883],[4.547,8.6043]]},"properties":{"c":"t","r":"A14"}},{"type":"Feature","geometry":{"type":"LineString","coordinates":[[4.7528,8.9044],[4.7769,8.9352]]},"properties":{"c":"t","r":"A14"}},{"type":"Feature","geometry":{"type":"LineString","coordinates":[[4.5941,8.6668],[4.6111,8.6934],[4.6172,8.7108]]},"properties":{"c":"t","r":"A14"}},{"type":"Feature","geometry":{"type":"LineString","coordinates":[[4.7527,8.9042],[4.7528,8.9044]]},"properties":{"c":"t","r":"A14"}},{"type":"Feature","geometry":{"type":"LineString","coordinates":[[4.2808,8.2036],[4.2869,8.2142]]},"properties":{"c":"t","r":"A1"}},{"type":"Feature","geometry":{"type":"LineString","coordinates":[[4.5775,8.646],[4.5787,8.6471]]},"properties":{"c":"m","r":"A14"}},{"type":"Feature","geometry":{"type":"LineString","coordinates":[[4.2869,8.2142],[4.3144,8.2649],[4.3387,8.293],[4.372,8.3098],[4.3852,8.312],[4.4136,8.3313],[4.4652,8.3973]]},"properties":{"c":"t","r":"A1"}},{"type":"Feature","geometry":{"type":"LineString","coordinates":[[4.7769,8.9352],[4.7771,8.9354]]},"properties":{"c":"t","r":"A14"}},{"type":"Feature","geometry":{"type":"LineString","coordinates":[[4.5532,8.5284],[4.5578,8.5782]]},"properties":{"c":"t","r":"A14"}},{"type":"Feature","geometry":{"type":"LineString","coordinates":[[3.9085,7.4585],[3.9069,7.4399]]},"properties":{"c":"t","r":"A1"}},{"type":"Feature","geometry":{"type":"LineString","coordinates":[[3.9069,7.4399],[3.907,7.4394]]},"properties":{"c":"t","r":"A1"}},{"type":"Feature","geometry":{"type":"LineString","coordinates":[[3.9086,7.4585],[3.9087,7.4587]]},"properties":{"c":"t","r":"A1"}},{"type":"Feature","geometry":{"type":"LineString","coordinates":[[3.9087,7.4587],[3.9126,7.4682]]},"properties":{"c":"t","r":"A1"}},{"type":"Feature","geometry":{"type":"LineString","coordinates":[[3.907,7.4394],[3.9077,7.4391]]},"properties":{"c":"t","r":"A1"}},{"type":"Feature","geometry":{"type":"LineString","coordinates":[[3.907,7.44],[3.9086,7.4585]]},"properties":{"c":"t","r":"A1"}},{"type":"Feature","geometry":{"type":"LineString","coordinates":[[3.9123,7.4683],[3.9086,7.4586]]},"properties":{"c":"t","r":"A1"}},{"type":"Feature","geometry":{"type":"LineString","coordinates":[[3.9077,7.4391],[3.9128,7.4319],[3.9094,7.4256],[3.9111,7.4155]]},"properties":{"c":"t","r":"A1"}},{"type":"Feature","geometry":{"type":"LineString","coordinates":[[3.9086,7.4586],[3.9085,7.4585]]},"properties":{"c":"t","r":"A1"}},{"type":"Feature","geometry":{"type":"LineString","coordinates":[[3.9075,7.4394],[3.907,7.4395]]},"properties":{"c":"t","r":"A1"}},{"type":"Feature","geometry":{"type":"LineString","coordinates":[[3.9112,7.4155],[3.9095,7.4257],[3.9129,7.4318],[3.9075,7.4394]]},"properties":{"c":"t","r":"A1"}},{"type":"Feature","geometry":{"type":"LineString","coordinates":[[3.9051,7.3943],[3.9025,7.3874],[3.8996,7.3874],[3.8993,7.3799]]},"properties":{"c":"t","r":"A1"}},{"type":"Feature","geometry":{"type":"LineString","coordinates":[[3.9091,7.3985],[3.9106,7.4084]]},"properties":{"c":"t","r":"A1"}},{"type":"Feature","geometry":{"type":"LineString","coordinates":[[3.909,7.3985],[3.9087,7.3985]]},"properties":{"c":"t","r":"A5"}},{"type":"Feature","geometry":{"type":"LineString","coordinates":[[3.9087,7.3984],[3.9089,7.3984]]},"properties":{"c":"t","r":"A5"}},{"type":"Feature","geometry":{"type":"LineString","coordinates":[[3.9091,7.3983],[3.9189,7.3954]]},"properties":{"c":"t","r":""}},{"type":"Feature","geometry":{"type":"LineString","coordinates":[[3.8911,7.3611],[3.8955,7.3668],[3.8963,7.376]]},"properties":{"c":"t","r":"A1"}},{"type":"Feature","geometry":{"type":"LineString","coordinates":[[3.8962,7.3761],[3.8955,7.367],[3.8911,7.3612]]},"properties":{"c":"t","r":"A1"}},{"type":"Feature","geometry":{"type":"LineString","coordinates":[[3.9049,7.3859],[3.9262,7.4036]]},"properties":{"c":"t","r":"A122"}},{"type":"Feature","geometry":{"type":"LineString","coordinates":[[3.9047,7.3858],[3.9,7.3815]]},"properties":{"c":"t","r":"A122"}},{"type":"Feature","geometry":{"type":"LineString","coordinates":[[3.8964,7.3761],[3.8989,7.3792]]},"properties":{"c":"t","r":"A1"}},{"type":"Feature","geometry":{"type":"LineString","coordinates":[[3.9048,7.386],[3.9047,7.3858]]},"properties":{"c":"t","r":"A122"}},{"type":"Feature","geometry":{"type":"LineString","coordinates":[[3.9047,7.3858],[3.9049,7.3859]]},"properties":{"c":"t","r":"A122"}},{"type":"Feature","geometry":{"type":"LineString","coordinates":[[3.8988,7.3793],[3.8963,7.3762]]},"properties":{"c":"t","r":"A1"}},{"type":"Feature","geometry":{"type":"LineString","coordinates":[[3.8989,7.3796],[3.8989,7.3796]]},"properties":{"c":"t","r":""}},{"type":"Feature","geometry":{"type":"LineString","coordinates":[[3.8963,7.3762],[3.8963,7.3762]]},"properties":{"c":"t","r":""}},{"type":"Feature","geometry":{"type":"LineString","coordinates":[[3.8848,7.3542],[3.8822,7.3525]]},"properties":{"c":"t","r":"A1"}},{"type":"Feature","geometry":{"type":"LineString","coordinates":[[3.887,7.3564],[3.8849,7.3543]]},"properties":{"c":"t","r":"A1"}},{"type":"Feature","geometry":{"type":"LineString","coordinates":[[3.885,7.3542],[3.8871,7.3562]]},"properties":{"c":"t","r":"A1"}},{"type":"Feature","geometry":{"type":"LineString","coordinates":[[3.8849,7.3543],[3.8849,7.3543]]},"properties":{"c":"t","r":""}},{"type":"Feature","geometry":{"type":"LineString","coordinates":[[3.8793,7.3482],[3.8802,7.3493]]},"properties":{"c":"t","r":"A1"}},{"type":"Feature","geometry":{"type":"LineString","coordinates":[[3.8871,7.3565],[3.8871,7.3565]]},"properties":{"c":"t","r":""}},{"type":"Feature","geometry":{"type":"LineString","coordinates":[[3.8872,7.3563],[3.8885,7.3577]]},"properties":{"c":"t","r":"A1"}},{"type":"Feature","geometry":{"type":"LineString","coordinates":[[3.8822,7.3525],[3.8822,7.3525]]},"properties":{"c":"t","r":""}},{"type":"Feature","geometry":{"type":"LineString","coordinates":[[3.8823,7.3523],[3.8849,7.3541]]},"properties":{"c":"t","r":"A1"}},{"type":"Feature","geometry":{"type":"LineString","coordinates":[[3.8821,7.3524],[3.8801,7.3494]]},"properties":{"c":"t","r":"A1"}},{"type":"Feature","geometry":{"type":"LineString","coordinates":[[3.8802,7.3493],[3.8822,7.3523]]},"properties":{"c":"t","r":"A1"}},{"type":"Feature","geometry":{"type":"LineString","coordinates":[[3.8776,7.3457],[3.8776,7.3457]]},"properties":{"c":"t","r":""}},{"type":"Feature","geometry":{"type":"LineString","coordinates":[[3.8801,7.3494],[3.8792,7.3483]]},"properties":{"c":"t","r":"A1"}},{"type":"Feature","geometry":{"type":"LineString","coordinates":[[3.868,7.3318],[3.868,7.3317]]},"properties":{"c":"t","r":"A1"}},{"type":"Feature","geometry":{"type":"LineString","coordinates":[[3.8682,7.3322],[3.868,7.3318]]},"properties":{"c":"t","r":"A1"}},{"type":"Feature","geometry":{"type":"LineString","coordinates":[[3.868,7.3317],[3.8679,7.3313]]},"properties":{"c":"t","r":"A1"}},{"type":"Feature","geometry":{"type":"LineString","coordinates":[[3.8679,7.3313],[3.8681,7.3316]]},"properties":{"c":"t","r":"A1"}},{"type":"Feature","geometry":{"type":"LineString","coordinates":[[3.8792,7.3483],[3.8774,7.3457]]},"properties":{"c":"t","r":"A1"}},{"type":"Feature","geometry":{"type":"LineString","coordinates":[[3.8767,7.3451],[3.8712,7.3408],[3.8692,7.3333]]},"properties":{"c":"t","r":"A1"}},{"type":"Feature","geometry":{"type":"LineString","coordinates":[[3.8681,7.3318],[3.8684,7.3322]]},"properties":{"c":"t","r":"A1"}},{"type":"Feature","geometry":{"type":"LineString","coordinates":[[3.8739,7.3847],[3.876,7.3874]]},"properties":{"c":"t","r":"A5"}},{"type":"Feature","geometry":{"type":"LineString","coordinates":[[3.8739,7.3847],[3.8731,7.3834]]},"properties":{"c":"t","r":"A5"}},{"type":"Feature","geometry":{"type":"LineString","coordinates":[[3.8731,7.3834],[3.8739,7.3847]]},"properties":{"c":"t","r":"A5"}},{"type":"Feature","geometry":{"type":"LineString","coordinates":[[3.8588,7.3776],[3.8588,7.3776]]},"properties":{"c":"t","r":""}},{"type":"Feature","geometry":{"type":"LineString","coordinates":[[3.8589,7.3776],[3.8594,7.3781]]},"properties":{"c":"t","r":"A5"}},{"type":"Feature","geometry":{"type":"LineString","coordinates":[[3.8867,7.3961],[3.8816,7.3919]]},"properties":{"c":"t","r":"A5"}},{"type":"Feature","geometry":{"type":"LineString","coordinates":[[3.8775,7.3887],[3.8794,7.3903]]},"properties":{"c":"t","r":"A5"}},{"type":"Feature","geometry":{"type":"LineString","coordinates":[[3.8816,7.3919],[3.8814,7.3918]]},"properties":{"c":"t","r":"A5"}},{"type":"Feature","geometry":{"type":"LineString","coordinates":[[3.8815,7.3917],[3.8816,7.3919]]},"properties":{"c":"t","r":"A5"}},{"type":"Feature","geometry":{"type":"LineString","coordinates":[[3.8814,7.3918],[3.8794,7.3904]]},"properties":{"c":"t","r":"A5"}},{"type":"Feature","geometry":{"type":"LineString","coordinates":[[3.8816,7.3919],[3.8868,7.3961]]},"properties":{"c":"t","r":"A5"}},{"type":"Feature","geometry":{"type":"LineString","coordinates":[[3.5102,7.2279],[3.4867,7.2255],[3.4754,7.2054],[3.4587,7.1941],[3.4473,7.1934],[3.4134,7.1801],[3.3709,7.1722]]},"properties":{"c":"t","r":"A5"}},{"type":"Feature","geometry":{"type":"LineString","coordinates":[[3.516,6.7156],[3.5262,6.7282],[3.5302,6.755],[3.5473,6.768]]},"properties":{"c":"t","r":"A1"}},{"type":"Feature","geometry":{"type":"LineString","coordinates":[[3.6554,6.8582],[3.6553,6.8665]]},"properties":{"c":"t","r":"A1"}},{"type":"Feature","geometry":{"type":"LineString","coordinates":[[3.6572,6.8672],[3.6671,6.8937]]},"properties":{"c":"t","r":"A1"}},{"type":"Feature","geometry":{"type":"LineString","coordinates":[[3.6552,6.8665],[3.6552,6.8581]]},"properties":{"c":"t","r":"A1"}},{"type":"Feature","geometry":{"type":"LineString","coordinates":[[3.6258,6.8232],[3.64,6.8318]]},"properties":{"c":"t","r":"A1"}},{"type":"Feature","geometry":{"type":"LineString","coordinates":[[3.6399,6.8319],[3.6258,6.8232]]},"properties":{"c":"t","r":"A1"}},{"type":"Feature","geometry":{"type":"LineString","coordinates":[[3.6554,6.8582],[3.6554,6.8582]]},"properties":{"c":"t","r":""}},{"type":"Feature","geometry":{"type":"LineString","coordinates":[[3.8599,7.2335],[3.8561,7.2303],[3.8387,7.2278],[3.8187,7.1793],[3.8016,7.1594],[3.7607,7.1292]]},"properties":{"c":"t","r":"A1"}},{"type":"Feature","geometry":{"type":"LineString","coordinates":[[3.7601,7.1293],[3.7186,7.107],[3.7093,7.106],[3.7006,7.0946],[3.6913,7.0902],[3.6925,7.0808],[3.6868,7.0703],[3.6879,7.0572],[3.6829,7.046],[3.6724,7.0362],[3.6743,7.0288],[3.6698,7.0174]]},"properties":{"c":"t","r":"A1"}},{"type":"Feature","geometry":{"type":"LineString","coordinates":[[3.7607,7.1292],[3.7601,7.1293]]},"properties":{"c":"t","r":"A1"}},{"type":"Feature","geometry":{"type":"LineString","coordinates":[[3.4066,6.6055],[3.4041,6.6036]]},"properties":{"c":"t","r":"A1"}},{"type":"Feature","geometry":{"type":"LineString","coordinates":[[3.442,6.6126],[3.4422,6.6129]]},"properties":{"c":"t","r":"A1"}},{"type":"Feature","geometry":{"type":"LineString","coordinates":[[3.4422,6.6129],[3.4469,6.6166]]},"properties":{"c":"t","r":"A1"}},{"type":"Feature","geometry":{"type":"LineString","coordinates":[[3.4419,6.6128],[3.4409,6.6112]]},"properties":{"c":"t","r":"A1"}},{"type":"Feature","geometry":{"type":"LineString","coordinates":[[3.4068,6.6056],[3.4167,6.6121],[3.4244,6.6087],[3.4335,6.6092]]},"properties":{"c":"t","r":"A1"}},{"type":"Feature","geometry":{"type":"LineString","coordinates":[[3.4505,6.6204],[3.4503,6.6203]]},"properties":{"c":"t","r":"A1"}},{"type":"Feature","geometry":{"type":"LineString","coordinates":[[3.4503,6.6203],[3.4471,6.6171]]},"properties":{"c":"t","r":"A1"}},{"type":"Feature","geometry":{"type":"LineString","coordinates":[[3.4066,6.6054],[3.4068,6.6056]]},"properties":{"c":"t","r":"A1"}},{"type":"Feature","geometry":{"type":"LineString","coordinates":[[3.4421,6.613],[3.4419,6.6128]]},"properties":{"c":"t","r":"A1"}},{"type":"Feature","geometry":{"type":"LineString","coordinates":[[3.4067,6.6057],[3.4066,6.6055]]},"properties":{"c":"t","r":"A1"}},{"type":"Feature","geometry":{"type":"LineString","coordinates":[[3.4506,6.6203],[3.4688,6.6188]]},"properties":{"c":"t","r":"A1"}},{"type":"Feature","geometry":{"type":"LineString","coordinates":[[3.4504,6.6202],[3.4506,6.6203]]},"properties":{"c":"t","r":"A1"}},{"type":"Feature","geometry":{"type":"LineString","coordinates":[[3.3634,6.4901],[3.3617,6.4964]]},"properties":{"c":"m","r":"A1"}},{"type":"Feature","geometry":{"type":"LineString","coordinates":[[3.3632,6.4901],[3.3633,6.4898]]},"properties":{"c":"m","r":"A1"}},{"type":"Feature","geometry":{"type":"LineString","coordinates":[[3.3633,6.4898],[3.3638,6.4886]]},"properties":{"c":"m","r":"A1"}},{"type":"Feature","geometry":{"type":"LineString","coordinates":[[3.3635,6.4898],[3.3634,6.4901]]},"properties":{"c":"m","r":"A1"}},{"type":"Feature","geometry":{"type":"LineString","coordinates":[[8.3145,13.035],[8.3145,13.0354]]},"properties":{"c":"t","r":"A2"}},{"type":"Feature","geometry":{"type":"LineString","coordinates":[[8.3143,13.0353],[8.3145,13.035]]},"properties":{"c":"t","r":"A2"}},{"type":"Feature","geometry":{"type":"LineString","coordinates":[[8.4592,12.5908],[8.4593,12.5907]]},"properties":{"c":"t","r":"A2"}},{"type":"Feature","geometry":{"type":"LineString","coordinates":[[8.4593,12.5907],[8.4716,12.5826],[8.4694,12.5619],[8.4877,12.5284],[8.5158,12.4533],[8.5152,12.3725],[8.5299,12.2878],[8.5285,12.2649],[8.5196,12.2477]]},"properties":{"c":"t","r":"A2"}},{"type":"Feature","geometry":{"type":"LineString","coordinates":[[8.5134,12.2362],[8.4724,12.1583]]},"properties":{"c":"t","r":"A2"}},{"type":"Feature","geometry":{"type":"LineString","coordinates":[[8.5135,12.2363],[8.5134,12.2362]]},"properties":{"c":"t","r":"A2"}},{"type":"Feature","geometry":{"type":"LineString","coordinates":[[8.5194,12.2475],[8.5135,12.2363]]},"properties":{"c":"t","r":"A2"}},{"type":"Feature","geometry":{"type":"LineString","coordinates":[[8.5196,12.2477],[8.5194,12.2475]]},"properties":{"c":"t","r":"A2"}},{"type":"Feature","geometry":{"type":"LineString","coordinates":[[8.4232,11.7543],[8.4232,11.7545]]},"properties":{"c":"t","r":"A2"}},{"type":"Feature","geometry":{"type":"LineString","coordinates":[[8.4231,11.7543],[8.4227,11.6884],[8.4174,11.6656]]},"properties":{"c":"t","r":"A2"}},{"type":"Feature","geometry":{"type":"LineString","coordinates":[[8.5176,11.8424],[8.5377,11.862],[8.5454,11.9103]]},"properties":{"c":"t","r":"A2"}},{"type":"Feature","geometry":{"type":"LineString","coordinates":[[8.4231,11.7545],[8.4231,11.7543]]},"properties":{"c":"t","r":"A2"}},{"type":"Feature","geometry":{"type":"LineString","coordinates":[[8.5175,11.8425],[8.5159,11.8411]]},"properties":{"c":"t","r":"A2"}},{"type":"Feature","geometry":{"type":"LineString","coordinates":[[8.516,11.841],[8.5176,11.8424]]},"properties":{"c":"t","r":"A2"}},{"type":"Feature","geometry":{"type":"LineString","coordinates":[[8.5159,11.8411],[8.4862,11.8142],[8.4219,11.7773],[8.4231,11.7545]]},"properties":{"c":"t","r":"A2"}},{"type":"Feature","geometry":{"type":"LineString","coordinates":[[8.4232,11.7545],[8.4206,11.7742],[8.4245,11.7788]]},"properties":{"c":"t","r":"A2"}},{"type":"Feature","geometry":{"type":"LineString","coordinates":[[7.7421,11.1509],[7.7419,11.1502]]},"properties":{"c":"t","r":"A2"}},{"type":"Feature","geometry":{"type":"LineString","coordinates":[[7.9675,11.3694],[7.9678,11.3693]]},"properties":{"c":"t","r":"A2"}},{"type":"Feature","geometry":{"type":"LineString","coordinates":[[7.7419,11.1502],[7.738,11.1455],[7.7102,11.1362],[7.7047,11.1308]]},"properties":{"c":"t","r":"A2"}},{"type":"Feature","geometry":{"type":"LineString","coordinates":[[7.7423,11.1509],[7.7463,11.1602],[7.7617,11.1691],[7.7696,11.1784],[7.7871,11.2249],[7.7961,11.2338],[7.8136,11.2402],[7.8284,11.2527]]},"properties":{"c":"t","r":"A2"}},{"type":"Feature","geometry":{"type":"LineString","coordinates":[[7.7419,11.15],[7.7423,11.1509]]},"properties":{"c":"t","r":"A2"}},{"type":"Feature","geometry":{"type":"LineString","coordinates":[[7.9678,11.3696],[7.9675,11.3696]]},"properties":{"c":"t","r":"A2"}},{"type":"Feature","geometry":{"type":"LineString","coordinates":[[7.9678,11.3693],[8.0308,11.3618],[8.0656,11.3713],[8.08,11.3871],[8.0948,11.3935],[8.1052,11.4041],[8.1482,11.4223],[8.1774,11.4415],[8.1862,11.4538],[8.2072,11.4731],[8.228,11.5059],[8.2545,11.5341],[8.2764,11.5454],[8.2932,11.5464],[8.3038,11.5504],[8.3265,11.5707],[8.3455,11.5793],[8.3776,11.6099]]},"properties":{"c":"t","r":"A2"}},{"type":"Feature","geometry":{"type":"LineString","coordinates":[[7.6952,11.1111],[7.6891,11.094]]},"properties":{"c":"t","r":"A2"}},{"type":"Feature","geometry":{"type":"LineString","coordinates":[[7.6954,11.1115],[7.7039,11.1292]]},"properties":{"c":"t","r":"A2"}},{"type":"Feature","geometry":{"type":"LineString","coordinates":[[7.6953,11.111],[7.6954,11.1115]]},"properties":{"c":"t","r":"A2"}},{"type":"Feature","geometry":{"type":"LineString","coordinates":[[7.6953,11.1116],[7.6952,11.1111]]},"properties":{"c":"t","r":"A2"}},{"type":"Feature","geometry":{"type":"LineString","coordinates":[[7.399,10.3957],[7.3995,10.3956]]},"properties":{"c":"t","r":""}},{"type":"Feature","geometry":{"type":"LineString","coordinates":[[7.3995,10.3958],[7.399,10.3959]]},"properties":{"c":"t","r":""}},{"type":"Feature","geometry":{"type":"LineString","coordinates":[[7.4894,10.3961],[7.4738,10.3949],[7.4509,10.4009],[7.419,10.4003],[7.3995,10.3958]]},"properties":{"c":"t","r":""}},{"type":"Feature","geometry":{"type":"LineString","coordinates":[[7.3995,10.3956],[7.419,10.4002],[7.4509,10.4008],[7.4738,10.3948],[7.4894,10.396]]},"properties":{"c":"t","r":""}},{"type":"Feature","geometry":{"type":"LineString","coordinates":[[7.422,9.9457],[7.4218,9.9461]]},"properties":{"c":"t","r":"A2"}},{"type":"Feature","geometry":{"type":"LineString","coordinates":[[7.4217,9.9456],[7.4467,9.8919],[7.464,9.8296],[7.4563,9.7984],[7.4468,9.7806]]},"properties":{"c":"t","r":"A2"}},{"type":"Feature","geometry":{"type":"LineString","coordinates":[[7.4215,9.946],[7.4217,9.9456]]},"properties":{"c":"t","r":"A2"}},{"type":"Feature","geometry":{"type":"LineString","coordinates":[[7.2516,9.3237],[7.3191,9.3949],[7.3328,9.414],[7.3416,9.4453],[7.3814,9.4834]]},"properties":{"c":"t","r":"A2"}},{"type":"Feature","geometry":{"type":"LineString","coordinates":[[7.3812,9.4836],[7.3419,9.4463],[7.3325,9.4141],[7.3186,9.3948],[7.2513,9.3238]]},"properties":{"c":"t","r":"A2"}},{"type":"Feature","geometry":{"type":"LineString","coordinates":[[7.4218,9.9461],[7.4158,9.9614],[7.4106,10.0003],[7.3897,10.0356]]},"properties":{"c":"t","r":"A2"}},{"type":"Feature","geometry":{"type":"LineString","coordinates":[[7.2513,9.3238],[7.2508,9.3232]]},"properties":{"c":"t","r":"A2"}},{"type":"Feature","geometry":{"type":"LineString","coordinates":[[7.2512,9.3233],[7.2516,9.3237]]},"properties":{"c":"t","r":"A2"}},{"type":"Feature","geometry":{"type":"LineString","coordinates":[[6.7203,7.8531],[6.7168,7.8532]]},"properties":{"c":"t","r":"A2"}},{"type":"Feature","geometry":{"type":"LineString","coordinates":[[6.6461,7.8309],[6.6505,7.8322]]},"properties":{"c":"t","r":"A2"}},{"type":"Feature","geometry":{"type":"LineString","coordinates":[[6.6459,7.8308],[6.6461,7.8309]]},"properties":{"c":"t","r":"A2"}},{"type":"Feature","geometry":{"type":"LineString","coordinates":[[6.5856,7.8248],[6.5851,7.8249]]},"properties":{"c":"t","r":"A2"}},{"type":"Feature","geometry":{"type":"LineString","coordinates":[[6.6458,7.8309],[6.6183,7.822],[6.5856,7.8248]]},"properties":{"c":"t","r":"A2"}},{"type":"Feature","geometry":{"type":"LineString","coordinates":[[6.4922,7.7369],[6.4924,7.7371]]},"properties":{"c":"t","r":"A2"}},{"type":"Feature","geometry":{"type":"LineString","coordinates":[[6.5768,7.8263],[6.5768,7.826]]},"properties":{"c":"t","r":"A123"}},{"type":"Feature","geometry":{"type":"LineString","coordinates":[[6.6512,7.8325],[6.6505,7.8323]]},"properties":{"c":"t","r":"A2"}},{"type":"Feature","geometry":{"type":"LineString","coordinates":[[6.7168,7.8532],[6.6965,7.855],[6.6865,7.8528],[6.6649,7.8371],[6.6512,7.8325]]},"properties":{"c":"t","r":"A2"}},{"type":"Feature","geometry":{"type":"LineString","coordinates":[[6.5856,7.8246],[6.6179,7.8218],[6.6459,7.8308]]},"properties":{"c":"t","r":"A2"}},{"type":"Feature","geometry":{"type":"LineString","coordinates":[[6.6512,7.8324],[6.6647,7.8368],[6.6854,7.8521],[6.6962,7.8548],[6.7206,7.853],[6.7443,7.8426],[6.7496,7.8439]]},"properties":{"c":"t","r":"A2"}},{"type":"Feature","geometry":{"type":"LineString","coordinates":[[6.6505,7.8322],[6.6512,7.8324]]},"properties":{"c":"t","r":"A2"}},{"type":"Feature","geometry":{"type":"LineString","coordinates":[[6.6461,7.831],[6.6458,7.8309]]},"properties":{"c":"t","r":"A2"}},{"type":"Feature","geometry":{"type":"LineString","coordinates":[[6.58,7.8256],[6.5851,7.8247]]},"properties":{"c":"t","r":"A2"}},{"type":"Feature","geometry":{"type":"LineString","coordinates":[[6.6505,7.8323],[6.6461,7.831]]},"properties":{"c":"t","r":"A2"}},{"type":"Feature","geometry":{"type":"LineString","coordinates":[[6.5851,7.8247],[6.5856,7.8246]]},"properties":{"c":"t","r":"A2"}},{"type":"Feature","geometry":{"type":"LineString","coordinates":[[6.577,7.826],[6.577,7.8263]]},"properties":{"c":"t","r":"A123"}},{"type":"Feature","geometry":{"type":"LineString","coordinates":[[6.4924,7.7371],[6.5122,7.7659],[6.5255,7.7927],[6.5625,7.8247],[6.5701,7.8271],[6.58,7.8256]]},"properties":{"c":"t","r":"A2"}},{"type":"Feature","geometry":{"type":"LineString","coordinates":[[6.753,7.9001],[6.7539,7.8897],[6.7598,7.877],[6.7602,7.8612],[6.757,7.8498],[6.7498,7.844]]},"properties":{"c":"t","r":"A2"}},{"type":"Feature","geometry":{"type":"LineString","coordinates":[[6.5851,7.8249],[6.58,7.8256]]},"properties":{"c":"t","r":"A2"}},{"type":"Feature","geometry":{"type":"LineString","coordinates":[[6.2391,7.5477],[6.2361,7.5509]]},"properties":{"c":"t","r":"A2"}},{"type":"Feature","geometry":{"type":"LineString","coordinates":[[6.2549,7.5227],[6.2549,7.5225]]},"properties":{"c":"t","r":"A2"}},{"type":"Feature","geometry":{"type":"LineString","coordinates":[[6.265,7.4959],[6.2961,7.4627],[6.3139,7.4524],[6.3223,7.4522],[6.3256,7.448]]},"properties":{"c":"t","r":"A2"}},{"type":"Feature","geometry":{"type":"LineString","coordinates":[[6.4412,7.6983],[6.4532,7.7125],[6.4818,7.7257],[6.4922,7.7369]]},"properties":{"c":"t","r":"A2"}},{"type":"Feature","geometry":{"type":"LineString","coordinates":[[6.2549,7.5225],[6.2592,7.5024],[6.2645,7.4965]]},"properties":{"c":"t","r":"A2"}},{"type":"Feature","geometry":{"type":"LineString","coordinates":[[6.2361,7.5509],[6.2391,7.5477]]},"properties":{"c":"t","r":"A2"}},{"type":"Feature","geometry":{"type":"LineString","coordinates":[[6.2645,7.4965],[6.265,7.4959]]},"properties":{"c":"t","r":"A2"}},{"type":"Feature","geometry":{"type":"LineString","coordinates":[[6.4407,7.6978],[6.4412,7.6983]]},"properties":{"c":"t","r":"A2"}},{"type":"Feature","geometry":{"type":"LineString","coordinates":[[6.3334,7.4295],[6.338,7.4197],[6.3677,7.3936],[6.3734,7.3751],[6.3911,7.3485],[6.3882,7.3404],[6.38,7.3383],[6.3711,7.328],[6.3648,7.3042],[6.3461,7.2667]]},"properties":{"c":"t","r":"A2"}},{"type":"Feature","geometry":{"type":"LineString","coordinates":[[6.2776,7.0177],[6.2737,6.9733]]},"properties":{"c":"t","r":"A2"}},{"type":"Feature","geometry":{"type":"LineString","coordinates":[[6.3257,7.4477],[6.3332,7.4299]]},"properties":{"c":"t","r":"A2"}},{"type":"Feature","geometry":{"type":"LineString","coordinates":[[6.2748,7.0569],[6.2784,7.0615],[6.2772,7.0738]]},"properties":{"c":"t","r":"A2"}},{"type":"Feature","geometry":{"type":"LineString","coordinates":[[6.278,7.0797],[6.2923,7.1002],[6.3011,7.1283],[6.3277,7.1473],[6.3271,7.1573]]},"properties":{"c":"t","r":"A2"}},{"type":"Feature","geometry":{"type":"LineString","coordinates":[[6.3332,7.4299],[6.3334,7.4295]]},"properties":{"c":"t","r":"A2"}},{"type":"Feature","geometry":{"type":"LineString","coordinates":[[6.3461,7.2665],[6.3444,7.2389]]},"properties":{"c":"t","r":"A2"}},{"type":"Feature","geometry":{"type":"LineString","coordinates":[[6.3256,7.448],[6.3257,7.4477]]},"properties":{"c":"t","r":"A2"}},{"type":"Feature","geometry":{"type":"LineString","coordinates":[[6.3271,7.1573],[6.3321,7.1893],[6.3372,7.1995],[6.3344,7.2092]]},"properties":{"c":"t","r":"A2"}},{"type":"Feature","geometry":{"type":"LineString","coordinates":[[6.3461,7.2667],[6.3461,7.2665]]},"properties":{"c":"t","r":"A2"}},{"type":"Feature","geometry":{"type":"LineString","coordinates":[[6.3444,7.2389],[6.3443,7.2387]]},"properties":{"c":"t","r":"A2"}},{"type":"Feature","geometry":{"type":"LineString","coordinates":[[5.7841,5.571],[5.7846,5.5562]]},"properties":{"c":"t","r":"A2"}},{"type":"Feature","geometry":{"type":"LineString","coordinates":[[5.7797,5.5472],[5.7736,5.5281]]},"properties":{"c":"t","r":"A2"}},{"type":"Feature","geometry":{"type":"LineString","coordinates":[[5.7501,5.5144],[5.7497,5.5144]]},"properties":{"c":"t","r":"A2"}},{"type":"Feature","geometry":{"type":"LineString","coordinates":[[5.7497,5.5144],[5.7497,5.5144]]},"properties":{"c":"t","r":""}},{"type":"Feature","geometry":{"type":"LineString","coordinates":[[5.7736,5.5281],[5.7639,5.5185]]},"properties":{"c":"t","r":"A2"}},{"type":"Feature","geometry":{"type":"LineString","coordinates":[[5.7736,5.5281],[5.7801,5.5472]]},"properties":{"c":"t","r":"A2"}},{"type":"Feature","geometry":{"type":"LineString","coordinates":[[5.7327,5.8459],[5.7298,5.8287],[5.7335,5.8146],[5.7316,5.8065],[5.7404,5.7634]]},"properties":{"c":"t","r":"A2"}},{"type":"Feature","geometry":{"type":"LineString","coordinates":[[5.7498,5.5142],[5.7501,5.5144]]},"properties":{"c":"t","r":"A2"}},{"type":"Feature","geometry":{"type":"LineString","coordinates":[[5.7555,5.7234],[5.7513,5.6876],[5.7765,5.6239],[5.7836,5.5752]]},"properties":{"c":"t","r":"A2"}},{"type":"Feature","geometry":{"type":"LineString","coordinates":[[5.7558,5.7235],[5.7535,5.7296]]},"properties":{"c":"t","r":"A2"}},{"type":"Feature","geometry":{"type":"LineString","coordinates":[[5.7535,5.7296],[5.7409,5.7629]]},"properties":{"c":"t","r":"A2"}},{"type":"Feature","geometry":{"type":"LineString","coordinates":[[5.7408,5.7633],[5.7301,5.8266],[5.7334,5.8457]]},"properties":{"c":"t","r":"A2"}},{"type":"Feature","geometry":{"type":"LineString","coordinates":[[5.7409,5.7629],[5.7408,5.7633]]},"properties":{"c":"t","r":"A2"}},{"type":"Feature","geometry":{"type":"LineString","coordinates":[[5.7405,5.7629],[5.7532,5.7295]]},"properties":{"c":"t","r":"A2"}},{"type":"Feature","geometry":{"type":"LineString","coordinates":[[5.7404,5.7634],[5.7405,5.7629]]},"properties":{"c":"t","r":"A2"}},{"type":"Feature","geometry":{"type":"LineString","coordinates":[[5.7532,5.7295],[5.7555,5.7234]]},"properties":{"c":"t","r":"A2"}},{"type":"Feature","geometry":{"type":"LineString","coordinates":[[5.6231,6.332],[5.6276,6.3143]]},"properties":{"c":"t","r":"A2"}},{"type":"Feature","geometry":{"type":"LineString","coordinates":[[5.7296,5.8672],[5.7307,5.8592]]},"properties":{"c":"t","r":"A2"}},{"type":"Feature","geometry":{"type":"LineString","coordinates":[[5.7299,5.8672],[5.7372,5.8893],[5.7356,5.9004],[5.7019,5.9194]]},"properties":{"c":"t","r":"A2"}},{"type":"Feature","geometry":{"type":"LineString","coordinates":[[5.6638,6.0526],[5.664,6.0515]]},"properties":{"c":"t","r":"A2"}},{"type":"Feature","geometry":{"type":"LineString","coordinates":[[5.731,5.8593],[5.7299,5.8672]]},"properties":{"c":"t","r":"A2"}},{"type":"Feature","geometry":{"type":"LineString","coordinates":[[5.6801,6.0202],[5.6643,6.0516]]},"properties":{"c":"t","r":"A2"}},{"type":"Feature","geometry":{"type":"LineString","coordinates":[[5.7307,5.8592],[5.733,5.8467]]},"properties":{"c":"t","r":"A2"}},{"type":"Feature","geometry":{"type":"LineString","coordinates":[[5.6643,6.0516],[5.6641,6.0527]]},"properties":{"c":"t","r":"A2"}},{"type":"Feature","geometry":{"type":"LineString","coordinates":[[5.664,6.0515],[5.6799,6.02]]},"properties":{"c":"t","r":"A2"}},{"type":"Feature","geometry":{"type":"LineString","coordinates":[[13.1739,11.8486],[13.1724,11.8494]]},"properties":{"c":"t","r":"A3"}},{"type":"Feature","geometry":{"type":"LineString","coordinates":[[13.1435,11.8526],[13.1435,11.8526]]},"properties":{"c":"t","r":"A3"}},{"type":"Feature","geometry":{"type":"LineString","coordinates":[[13.1768,11.8496],[13.174,11.8485]]},"properties":{"c":"t","r":"A3"}},{"type":"Feature","geometry":{"type":"LineString","coordinates":[[13.1462,11.8426],[13.1433,11.8523]]},"properties":{"c":"t","r":"A3"}},{"type":"Feature","geometry":{"type":"LineString","coordinates":[[13.9362,12.0529],[13.9584,12.083],[13.9792,12.0965],[13.9879,12.1127],[13.9971,12.122],[14.0199,12.2044],[14.0753,12.2606],[14.1386,12.3085]]},"properties":{"c":"t","r":"A3"}},{"type":"Feature","geometry":{"type":"LineString","coordinates":[[14.1386,12.3085],[14.1393,12.3091]]},"properties":{"c":"t","r":"A3"}},{"type":"Feature","geometry":{"type":"LineString","coordinates":[[13.1734,11.8476],[13.1826,11.8081],[13.2025,11.7922]]},"properties":{"c":"t","r":"A4-7"}},{"type":"Feature","geometry":{"type":"LineString","coordinates":[[14.1393,12.3091],[14.1684,12.3379],[14.1734,12.3562],[14.2028,12.3671]]},"properties":{"c":"t","r":"A3"}},{"type":"Feature","geometry":{"type":"LineString","coordinates":[[13.1433,11.8524],[13.1461,11.8426]]},"properties":{"c":"t","r":"A3"}},{"type":"Feature","geometry":{"type":"LineString","coordinates":[[14.2028,12.3671],[14.2199,12.373]]},"properties":{"c":"t","r":"A3"}},{"type":"Feature","geometry":{"type":"LineString","coordinates":[[13.1167,11.8337],[13.1164,11.8313]]},"properties":{"c":"t","r":"A4"}},{"type":"Feature","geometry":{"type":"LineString","coordinates":[[13.1164,11.8313],[13.1168,11.8337]]},"properties":{"c":"t","r":"A4"}},{"type":"Feature","geometry":{"type":"LineString","coordinates":[[13.0966,11.8346],[13.1247,11.833],[13.1403,11.8362]]},"properties":{"c":"t","r":"A3"}},{"type":"Feature","geometry":{"type":"LineString","coordinates":[[13.0842,11.8364],[13.0668,11.8429],[13.0101,11.8487]]},"properties":{"c":"t","r":"A3"}},{"type":"Feature","geometry":{"type":"LineString","coordinates":[[13.0964,11.8347],[13.0964,11.8347]]},"properties":{"c":"t","r":"A3"}},{"type":"Feature","geometry":{"type":"LineString","coordinates":[[13.1164,11.8313],[13.1207,11.8076]]},"properties":{"c":"t","r":"A4"}},{"type":"Feature","geometry":{"type":"LineString","coordinates":[[13.0842,11.8364],[13.0842,11.8364]]},"properties":{"c":"t","r":"A3"}},{"type":"Feature","geometry":{"type":"LineString","coordinates":[[13.0964,11.8347],[13.0843,11.8364]]},"properties":{"c":"t","r":"A3"}},{"type":"Feature","geometry":{"type":"LineString","coordinates":[[13.0843,11.8363],[13.0917,11.835]]},"properties":{"c":"t","r":"A3"}},{"type":"Feature","geometry":{"type":"LineString","coordinates":[[12.4852,11.8069],[12.5094,11.8119],[12.5375,11.8119],[12.6156,11.8293],[12.6338,11.83],[12.652,11.8265]]},"properties":{"c":"t","r":"A3"}},{"type":"Feature","geometry":{"type":"LineString","coordinates":[[12.485,11.8068],[12.4852,11.8069]]},"properties":{"c":"t","r":"A3"}},{"type":"Feature","geometry":{"type":"LineString","coordinates":[[11.9923,11.7431],[11.9637,11.7437]]},"properties":{"c":"t","r":"A3"}},{"type":"Feature","geometry":{"type":"LineString","coordinates":[[11.9926,11.7431],[11.9926,11.7431]]},"properties":{"c":"t","r":"A3"}},{"type":"Feature","geometry":{"type":"LineString","coordinates":[[11.8709,11.7265],[11.7545,11.7087],[11.6411,11.6841],[11.6197,11.6856]]},"properties":{"c":"t","r":"A3"}},{"type":"Feature","geometry":{"type":"LineString","coordinates":[[11.0734,11.7005],[11.0739,11.7006]]},"properties":{"c":"t","r":"A3"}},{"type":"Feature","geometry":{"type":"LineString","coordinates":[[11.1408,11.6953],[11.1906,11.6859]]},"properties":{"c":"t","r":"A3"}},{"type":"Feature","geometry":{"type":"LineString","coordinates":[[11.1906,11.6859],[11.1909,11.6857]]},"properties":{"c":"t","r":"A3"}},{"type":"Feature","geometry":{"type":"LineString","coordinates":[[11.1909,11.6857],[11.228,11.6707],[11.2675,11.6655],[11.3303,11.678]]},"properties":{"c":"t","r":"A3"}},{"type":"Feature","geometry":{"type":"LineString","coordinates":[[11.0733,11.7006],[11.0728,11.7003]]},"properties":{"c":"t","r":"A3"}},{"type":"Feature","geometry":{"type":"LineString","coordinates":[[11.0739,11.7006],[11.0907,11.6965],[11.1163,11.7027],[11.1375,11.6963]]},"properties":{"c":"t","r":"A3"}},{"type":"Feature","geometry":{"type":"LineString","coordinates":[[11.0728,11.7003],[11.0733,11.7005]]},"properties":{"c":"t","r":"A3"}},{"type":"Feature","geometry":{"type":"LineString","coordinates":[[11.3303,11.678],[11.2675,11.6657],[11.2275,11.671],[11.191,11.6859]]},"properties":{"c":"t","r":"A3"}},{"type":"Feature","geometry":{"type":"LineString","coordinates":[[11.0739,11.7006],[11.0734,11.7006]]},"properties":{"c":"t","r":"A3"}},{"type":"Feature","geometry":{"type":"LineString","coordinates":[[11.0734,11.7006],[11.0733,11.7006]]},"properties":{"c":"t","r":"A3"}},{"type":"Feature","geometry":{"type":"LineString","coordinates":[[11.191,11.6859],[11.1907,11.686]]},"properties":{"c":"t","r":"A3"}},{"type":"Feature","geometry":{"type":"LineString","coordinates":[[11.1907,11.686],[11.1408,11.6956]]},"properties":{"c":"t","r":"A3"}},{"type":"Feature","geometry":{"type":"LineString","coordinates":[[6.8391,10.6699],[6.8253,10.6778],[6.8177,10.6963],[6.8051,10.7042],[6.7866,10.7101],[6.7732,10.7243],[6.7623,10.724]]},"properties":{"c":"t","r":"A125"}},{"type":"Feature","geometry":{"type":"LineString","coordinates":[[10.1487,10.5616],[10.1615,10.5792]]},"properties":{"c":"t","r":"A3"}},{"type":"Feature","geometry":{"type":"LineString","coordinates":[[10.2076,10.667],[10.2077,10.6672]]},"properties":{"c":"t","r":"A3"}},{"type":"Feature","geometry":{"type":"LineString","coordinates":[[10.1284,10.5411],[10.1484,10.5614]]},"properties":{"c":"t","r":"A3"}},{"type":"Feature","geometry":{"type":"LineString","coordinates":[[10.4128,11.0181],[10.4128,11.0181]]},"properties":{"c":"t","r":"A3"}},{"type":"Feature","geometry":{"type":"LineString","coordinates":[[10.4128,11.0181],[10.4268,11.0489],[10.4394,11.1147],[10.507,11.2037],[10.5582,11.2433]]},"properties":{"c":"t","r":"A3"}},{"type":"Feature","geometry":{"type":"LineString","coordinates":[[10.1484,10.5614],[10.1487,10.5616]]},"properties":{"c":"t","r":"A3"}},{"type":"Feature","geometry":{"type":"LineString","coordinates":[[10.1615,10.5792],[10.1615,10.5793]]},"properties":{"c":"t","r":"A3"}},{"type":"Feature","geometry":{"type":"LineString","coordinates":[[10.0352,10.4735],[10.0355,10.4737]]},"properties":{"c":"t","r":"A3"}},{"type":"Feature","geometry":{"type":"LineString","coordinates":[[10.0355,10.4737],[10.0851,10.525],[10.1149,10.5297],[10.1284,10.541]]},"properties":{"c":"t","r":"A3"}},{"type":"Feature","geometry":{"type":"LineString","coordinates":[[10.1284,10.541],[10.1284,10.5411]]},"properties":{"c":"t","r":"A3"}},{"type":"Feature","geometry":{"type":"LineString","coordinates":[[10.2077,10.6672],[10.2293,10.7089],[10.255,10.7273],[10.2656,10.745]]},"properties":{"c":"t","r":"A3"}},{"type":"Feature","geometry":{"type":"LineString","coordinates":[[10.1615,10.5793],[10.1822,10.6339],[10.2076,10.667]]},"properties":{"c":"t","r":"A3"}},{"type":"Feature","geometry":{"type":"LineString","coordinates":[[9.3229,10.1767],[9.2983,10.1473]]},"properties":{"c":"t","r":"A3"}},{"type":"Feature","geometry":{"type":"LineString","coordinates":[[9.2983,10.1473],[9.2981,10.147]]},"properties":{"c":"t","r":"A3"}},{"type":"Feature","geometry":{"type":"LineString","coordinates":[[9.3231,10.1769],[9.3229,10.1767]]},"properties":{"c":"t","r":"A3"}},{"type":"Feature","geometry":{"type":"LineString","coordinates":[[8.1433,7.1918],[8.1455,7.1925]]},"properties":{"c":"t","r":"A3"}},{"type":"Feature","geometry":{"type":"LineString","coordinates":[[8.1455,7.1925],[8.1433,7.1918]]},"properties":{"c":"t","r":"A3"}},{"type":"Feature","geometry":{"type":"LineString","coordinates":[[8.149,7.1978],[8.1461,7.1928]]},"properties":{"c":"t","r":"A3"}},{"type":"Feature","geometry":{"type":"LineString","coordinates":[[8.1254,7.2061],[8.1211,7.2096]]},"properties":{"c":"t","r":"A3"}},{"type":"Feature","geometry":{"type":"LineString","coordinates":[[8.1433,7.1918],[8.1348,7.1904],[8.1254,7.2061]]},"properties":{"c":"t","r":"A3"}},{"type":"Feature","geometry":{"type":"LineString","coordinates":[[7.5674,6.9901],[7.5398,6.9749],[7.533,6.96]]},"properties":{"c":"t","r":"A3"}},{"type":"Feature","geometry":{"type":"LineString","coordinates":[[7.9668,7.1527],[7.9503,7.1488],[7.9364,7.1503],[7.9154,7.1449],[7.8974,7.1526],[7.8227,7.1615]]},"properties":{"c":"t","r":"A3"}},{"type":"Feature","geometry":{"type":"LineString","coordinates":[[7.9934,7.1555],[7.9761,7.1555]]},"properties":{"c":"t","r":"A3"}},{"type":"Feature","geometry":{"type":"LineString","coordinates":[[7.9964,7.1568],[7.9934,7.1555]]},"properties":{"c":"t","r":"A3"}},{"type":"Feature","geometry":{"type":"LineString","coordinates":[[7.9967,7.1569],[7.9964,7.1568]]},"properties":{"c":"t","r":"A3"}},{"type":"Feature","geometry":{"type":"LineString","coordinates":[[8.0491,7.1834],[7.9967,7.1569]]},"properties":{"c":"t","r":"A3"}},{"type":"Feature","geometry":{"type":"LineString","coordinates":[[7.4086,5.9151],[7.4378,5.9624],[7.4503,5.9748],[7.4674,5.98],[7.4766,5.9899],[7.4787,6.0263],[7.4892,6.0429],[7.4978,6.0695],[7.4943,6.088],[7.5006,6.1219],[7.4995,6.1353],[7.513,6.1798],[7.5089,6.2006],[7.5014,6.214],[7.4741,6.2278],[7.46,6.2509],[7.4687,6.2948],[7.4778,6.3158]]},"properties":{"c":"t","r":"A3-1"}},{"type":"Feature","geometry":{"type":"LineString","coordinates":[[7.4084,5.9151],[7.4084,5.915]]},"properties":{"c":"t","r":"A3-1"}},{"type":"Feature","geometry":{"type":"LineString","coordinates":[[7.3379,5.8165],[7.3439,5.7939],[7.3626,5.7622],[7.3737,5.7329],[7.398,5.7042],[7.4202,5.6841],[7.4256,5.6346],[7.435,5.622]]},"properties":{"c":"t","r":"A3-1"}},{"type":"Feature","geometry":{"type":"LineString","coordinates":[[7.4056,6.4264],[7.4053,6.4238]]},"properties":{"c":"t","r":"A3"}},{"type":"Feature","geometry":{"type":"LineString","coordinates":[[7.4085,5.915],[7.4086,5.9151]]},"properties":{"c":"t","r":"A3-1"}},{"type":"Feature","geometry":{"type":"LineString","coordinates":[[8.1383,5.4699],[8.1491,5.4599],[8.1536,5.4443],[8.1524,5.4377],[8.1569,5.431],[8.1775,5.4209],[8.1954,5.4221],[8.2042,5.4113],[8.2106,5.4102],[8.236,5.3916]]},"properties":{"c":"t","r":"A4"}},{"type":"Feature","geometry":{"type":"LineString","coordinates":[[8.1382,5.4703],[8.1383,5.4699]]},"properties":{"c":"t","r":"A4"}},{"type":"Feature","geometry":{"type":"LineString","coordinates":[[8.0767,5.6687],[8.0813,5.6656],[8.0831,5.6553],[8.0891,5.6505],[8.1023,5.6196],[8.1197,5.6022],[8.1118,5.5515],[8.1309,5.5368],[8.1421,5.5328],[8.1544,5.5057],[8.1552,5.4954],[8.1438,5.4852],[8.1382,5.4703]]},"properties":{"c":"t","r":"A4"}},{"type":"Feature","geometry":{"type":"LineString","coordinates":[[8.0733,5.6702],[8.0762,5.6689]]},"properties":{"c":"t","r":"A4"}},{"type":"Feature","geometry":{"type":"LineString","coordinates":[[8.0523,5.7099],[8.0546,5.6988],[8.0669,5.6875],[8.0697,5.6731],[8.0732,5.6703]]},"properties":{"c":"t","r":"A4"}},{"type":"Feature","geometry":{"type":"LineString","coordinates":[[8.0732,5.6703],[8.0733,5.6702]]},"properties":{"c":"t","r":"A4"}},{"type":"Feature","geometry":{"type":"LineString","coordinates":[[8.0762,5.6689],[8.0767,5.6687]]},"properties":{"c":"t","r":"A4"}},{"type":"Feature","geometry":{"type":"LineString","coordinates":[[8.0523,5.7102],[8.0523,5.7099]]},"properties":{"c":"t","r":"A4"}},{"type":"Feature","geometry":{"type":"LineString","coordinates":[[8.0407,5.7318],[8.0533,5.7169],[8.0523,5.7102]]},"properties":{"c":"t","r":"A4"}},{"type":"Feature","geometry":{"type":"LineString","coordinates":[[8.0407,5.732],[8.0407,5.7318]]},"properties":{"c":"t","r":"A4"}},{"type":"Feature","geometry":{"type":"LineString","coordinates":[[8.1418,5.8628],[8.1416,5.8631]]},"properties":{"c":"t","r":"A4"}},{"type":"Feature","geometry":{"type":"LineString","coordinates":[[8.1416,5.8631],[8.128,5.8698],[8.122,5.8695],[8.1005,5.838],[8.0907,5.8333],[8.0821,5.8187],[8.0821,5.8087],[8.0662,5.7781],[8.0451,5.7493],[8.0407,5.732]]},"properties":{"c":"t","r":"A4"}},{"type":"Feature","geometry":{"type":"LineString","coordinates":[[8.6343,5.9433],[8.6248,5.947],[8.6136,5.9453],[8.6055,5.9324],[8.5663,5.9395],[8.5551,5.9478],[8.547,5.9498],[8.509,5.946],[8.504,5.9428]]},"properties":{"c":"t","r":"A4"}},{"type":"Feature","geometry":{"type":"LineString","coordinates":[[8.4438,5.93],[8.4219,5.9316],[8.4009,5.9472],[8.387,5.9483],[8.3743,5.9594]]},"properties":{"c":"t","r":"A4"}},{"type":"Feature","geometry":{"type":"LineString","coordinates":[[8.5038,5.9426],[8.495,5.9353],[8.4639,5.9288],[8.4444,5.93]]},"properties":{"c":"t","r":"A4"}},{"type":"Feature","geometry":{"type":"LineString","coordinates":[[8.6347,5.9432],[8.6343,5.9433]]},"properties":{"c":"t","r":"A4"}},{"type":"Feature","geometry":{"type":"LineString","coordinates":[[8.4444,5.93],[8.4438,5.93]]},"properties":{"c":"t","r":"A4"}},{"type":"Feature","geometry":{"type":"LineString","coordinates":[[8.504,5.9428],[8.5038,5.9426]]},"properties":{"c":"t","r":"A4"}},{"type":"Feature","geometry":{"type":"LineString","coordinates":[[8.7179,6.0023],[8.718,6.002]]},"properties":{"c":"t","r":"A4"}},{"type":"Feature","geometry":{"type":"LineString","coordinates":[[8.718,6.002],[8.7257,5.9739],[8.7259,5.9624]]},"properties":{"c":"t","r":"A4"}},{"type":"Feature","geometry":{"type":"LineString","coordinates":[[8.6562,6.2768],[8.6562,6.2765]]},"properties":{"c":"t","r":"A4"}},{"type":"Feature","geometry":{"type":"LineString","coordinates":[[8.6569,6.2536],[8.6568,6.2534]]},"properties":{"c":"t","r":"A4"}},{"type":"Feature","geometry":{"type":"LineString","coordinates":[[8.6667,6.3538],[8.6641,6.347],[8.6563,6.3407],[8.6535,6.3233],[8.6495,6.3166],[8.6513,6.3107],[8.6465,6.3032],[8.6562,6.2768]]},"properties":{"c":"t","r":"A4"}},{"type":"Feature","geometry":{"type":"LineString","coordinates":[[8.6562,6.2765],[8.6569,6.2536]]},"properties":{"c":"t","r":"A4"}},{"type":"Feature","geometry":{"type":"LineString","coordinates":[[8.6668,6.3542],[8.6667,6.3538]]},"properties":{"c":"t","r":"A4"}},{"type":"Feature","geometry":{"type":"LineString","coordinates":[[10.9721,7.859],[10.9724,7.8612]]},"properties":{"c":"t","r":"A12"}},{"type":"Feature","geometry":{"type":"LineString","coordinates":[[11.2942,9.8259],[11.3362,9.8252]]},"properties":{"c":"t","r":"A345"}},{"type":"Feature","geometry":{"type":"LineString","coordinates":[[12.2323,9.3005],[12.236,9.2907]]},"properties":{"c":"t","r":"A13"}},{"type":"Feature","geometry":{"type":"LineString","coordinates":[[8.6809,6.3936],[8.6803,6.3929]]},"properties":{"c":"t","r":"A4"}},{"type":"Feature","geometry":{"type":"LineString","coordinates":[[8.7164,6.4439],[8.7091,6.4206],[8.698,6.406],[8.6809,6.3936]]},"properties":{"c":"t","r":"A4"}},{"type":"Feature","geometry":{"type":"LineString","coordinates":[[8.5134,6.4727],[8.5214,6.4719],[8.5311,6.4651]]},"properties":{"c":"t","r":"A343"}},{"type":"Feature","geometry":{"type":"LineString","coordinates":[[8.7475,6.501],[8.7473,6.5008]]},"properties":{"c":"t","r":"A4"}},{"type":"Feature","geometry":{"type":"LineString","coordinates":[[8.7473,6.5008],[8.7378,6.49],[8.7344,6.4707],[8.7165,6.4441]]},"properties":{"c":"t","r":"A4"}},{"type":"Feature","geometry":{"type":"LineString","coordinates":[[8.7165,6.4441],[8.7164,6.4439]]},"properties":{"c":"t","r":"A4"}},{"type":"Feature","geometry":{"type":"LineString","coordinates":[[8.6803,6.3929],[8.6773,6.3871],[8.6786,6.37]]},"properties":{"c":"t","r":"A4"}},{"type":"Feature","geometry":{"type":"LineString","coordinates":[[8.8034,6.6179],[8.8009,6.6095],[8.7883,6.5918],[8.7775,6.5818]]},"properties":{"c":"t","r":"A4"}},{"type":"Feature","geometry":{"type":"LineString","coordinates":[[9.1968,6.8943],[9.1789,6.8906]]},"properties":{"c":"t","r":"A4"}},{"type":"Feature","geometry":{"type":"LineString","coordinates":[[8.7666,6.5542],[8.7665,6.5537]]},"properties":{"c":"t","r":"A4"}},{"type":"Feature","geometry":{"type":"LineString","coordinates":[[9.1789,6.8906],[9.1786,6.8906]]},"properties":{"c":"t","r":"A4"}},{"type":"Feature","geometry":{"type":"LineString","coordinates":[[9.2583,7.0302],[9.2566,7.0174],[9.2598,7.005],[9.2574,6.9947],[9.2625,6.975],[9.257,6.9531],[9.2571,6.9282],[9.2341,6.8971],[9.2103,6.8908],[9.1971,6.8944]]},"properties":{"c":"t","r":"A4"}},{"type":"Feature","geometry":{"type":"LineString","coordinates":[[8.7774,6.5816],[8.7684,6.5694],[8.7666,6.5542]]},"properties":{"c":"t","r":"A4"}},{"type":"Feature","geometry":{"type":"LineString","coordinates":[[9.1786,6.8906],[9.1192,6.8632],[9.1087,6.8507],[9.101,6.8486],[9.0888,6.852],[9.0774,6.8466],[9.0673,6.8324],[9.0449,6.8141],[9.037,6.8033],[9.0169,6.7948],[9.0118,6.7859],[8.9967,6.7785],[8.9878,6.7643],[8.937,6.7273],[8.9303,6.7162],[8.9074,6.6963],[8.9033,6.6857],[8.884,6.6833],[8.8424,6.6631],[8.8296,6.6617],[8.8167,6.6462]]},"properties":{"c":"t","r":"A4"}},{"type":"Feature","geometry":{"type":"LineString","coordinates":[[8.7775,6.5818],[8.7774,6.5816]]},"properties":{"c":"t","r":"A4"}},{"type":"Feature","geometry":{"type":"LineString","coordinates":[[9.1971,6.8944],[9.1968,6.8943]]},"properties":{"c":"t","r":"A4"}},{"type":"Feature","geometry":{"type":"LineString","coordinates":[[8.7665,6.5537],[8.7653,6.5425],[8.7563,6.525],[8.7523,6.507],[8.7475,6.501]]},"properties":{"c":"t","r":"A4"}},{"type":"Feature","geometry":{"type":"LineString","coordinates":[[9.4764,7.3468],[9.4763,7.3466]]},"properties":{"c":"t","r":"A4"}},{"type":"Feature","geometry":{"type":"LineString","coordinates":[[9.7066,7.6034],[9.7004,7.5902],[9.6687,7.5497],[9.6404,7.5259],[9.618,7.5188],[9.5864,7.4853],[9.5347,7.4392],[9.4764,7.3468]]},"properties":{"c":"t","r":"A4"}},{"type":"Feature","geometry":{"type":"LineString","coordinates":[[9.7196,7.6241],[9.7067,7.6036]]},"properties":{"c":"t","r":"A4"}},{"type":"Feature","geometry":{"type":"LineString","coordinates":[[9.7067,7.6036],[9.7066,7.6034]]},"properties":{"c":"t","r":"A4"}},{"type":"Feature","geometry":{"type":"LineString","coordinates":[[9.4763,7.3466],[9.4555,7.309],[9.4485,7.3053]]},"properties":{"c":"t","r":"A4"}},{"type":"Feature","geometry":{"type":"LineString","coordinates":[[9.7197,7.6244],[9.7196,7.6241]]},"properties":{"c":"t","r":"A4"}},{"type":"Feature","geometry":{"type":"LineString","coordinates":[[9.7487,7.7188],[9.7486,7.7186]]},"properties":{"c":"t","r":"A4"}},{"type":"Feature","geometry":{"type":"LineString","coordinates":[[9.7643,7.7764],[9.7616,7.7681]]},"properties":{"c":"t","r":"A4"}},{"type":"Feature","geometry":{"type":"LineString","coordinates":[[9.7615,7.7676],[9.7614,7.7674]]},"properties":{"c":"t","r":"A4"}},{"type":"Feature","geometry":{"type":"LineString","coordinates":[[9.7643,7.7765],[9.7643,7.7764]]},"properties":{"c":"t","r":"A4"}},{"type":"Feature","geometry":{"type":"LineString","coordinates":[[9.7378,7.6743],[9.7377,7.6741]]},"properties":{"c":"t","r":"A4"}},{"type":"Feature","geometry":{"type":"LineString","coordinates":[[9.7486,7.7186],[9.7472,7.7055],[9.7396,7.6914],[9.7378,7.6743]]},"properties":{"c":"t","r":"A4"}},{"type":"Feature","geometry":{"type":"LineString","coordinates":[[9.7614,7.7674],[9.7487,7.7188]]},"properties":{"c":"t","r":"A4"}},{"type":"Feature","geometry":{"type":"LineString","coordinates":[[9.7377,7.6741],[9.7331,7.6548],[9.7197,7.6244]]},"properties":{"c":"t","r":"A4"}},{"type":"Feature","geometry":{"type":"LineString","coordinates":[[9.7767,7.8227],[9.7767,7.8226]]},"properties":{"c":"t","r":"A4"}},{"type":"Feature","geometry":{"type":"LineString","coordinates":[[9.7767,7.8226],[9.771,7.7896]]},"properties":{"c":"t","r":"A4"}},{"type":"Feature","geometry":{"type":"LineString","coordinates":[[9.7708,7.7894],[9.7643,7.7765]]},"properties":{"c":"t","r":"A4"}},{"type":"Feature","geometry":{"type":"LineString","coordinates":[[9.771,7.7896],[9.7708,7.7894]]},"properties":{"c":"t","r":"A4"}},{"type":"Feature","geometry":{"type":"LineString","coordinates":[[10.0821,8.1119],[10.0789,8.1095]]},"properties":{"c":"t","r":"A4"}},{"type":"Feature","geometry":{"type":"LineString","coordinates":[[10.4875,8.3736],[10.4142,8.3204],[10.3629,8.2442],[10.3121,8.2247],[10.2185,8.2104],[10.1611,8.1841],[10.1398,8.151],[10.1141,8.1284],[10.0987,8.124],[10.0821,8.1119]]},"properties":{"c":"t","r":"A4"}},{"type":"Feature","geometry":{"type":"LineString","coordinates":[[10.0778,8.1087],[10.0266,8.0768],[9.991,8.0205],[9.9611,7.9839],[9.7989,7.8842],[9.7901,7.8599],[9.7785,7.8446],[9.7767,7.8227]]},"properties":{"c":"t","r":"A4"}},{"type":"Feature","geometry":{"type":"LineString","coordinates":[[10.5071,8.3876],[10.5033,8.3849]]},"properties":{"c":"t","r":"A4"}},{"type":"Feature","geometry":{"type":"LineString","coordinates":[[10.0783,8.1091],[10.0778,8.1087]]},"properties":{"c":"t","r":"A4"}},{"type":"Feature","geometry":{"type":"LineString","coordinates":[[10.5033,8.3849],[10.4879,8.3739]]},"properties":{"c":"t","r":"A4"}},{"type":"Feature","geometry":{"type":"LineString","coordinates":[[10.0789,8.1095],[10.0783,8.1091]]},"properties":{"c":"t","r":"A4"}},{"type":"Feature","geometry":{"type":"LineString","coordinates":[[10.4879,8.3739],[10.4875,8.3736]]},"properties":{"c":"t","r":"A4"}},{"type":"Feature","geometry":{"type":"LineString","coordinates":[[11.1067,8.827],[11.1425,8.8437]]},"properties":{"c":"t","r":"A4"}},{"type":"Feature","geometry":{"type":"LineString","coordinates":[[11.1425,8.8437],[11.1428,8.8439]]},"properties":{"c":"t","r":"A4"}},{"type":"Feature","geometry":{"type":"LineString","coordinates":[[11.0489,8.8071],[11.049,8.8071]]},"properties":{"c":"t","r":"A4"}},{"type":"Feature","geometry":{"type":"LineString","coordinates":[[11.049,8.8071],[11.1066,8.8269]]},"properties":{"c":"t","r":"A4"}},{"type":"Feature","geometry":{"type":"LineString","coordinates":[[10.7677,8.6317],[10.7678,8.6318]]},"properties":{"c":"t","r":"A4"}},{"type":"Feature","geometry":{"type":"LineString","coordinates":[[10.9534,8.7744],[10.9539,8.7751]]},"properties":{"c":"t","r":"A4"}},{"type":"Feature","geometry":{"type":"LineString","coordinates":[[11.1428,8.8439],[11.1769,8.8548],[11.1984,8.8497]]},"properties":{"c":"t","r":"A4"}},{"type":"Feature","geometry":{"type":"LineString","coordinates":[[10.8066,8.6697],[10.8165,8.6778],[10.854,8.6926],[10.8936,8.7303],[10.9417,8.7579],[10.9534,8.7744]]},"properties":{"c":"t","r":"A4"}},{"type":"Feature","geometry":{"type":"LineString","coordinates":[[11.1066,8.8269],[11.1067,8.827]]},"properties":{"c":"t","r":"A4"}},{"type":"Feature","geometry":{"type":"LineString","coordinates":[[10.9539,8.7751],[10.9673,8.7908],[11.0206,8.799],[11.0489,8.8071]]},"properties":{"c":"t","r":"A4"}},{"type":"Feature","geometry":{"type":"LineString","coordinates":[[11.3155,8.9073],[11.3158,8.9075]]},"properties":{"c":"t","r":"A12"}},{"type":"Feature","geometry":{"type":"LineString","coordinates":[[11.3156,8.9076],[11.3155,8.9073]]},"properties":{"c":"t","r":"A12"}},{"type":"Feature","geometry":{"type":"LineString","coordinates":[[11.334,8.9339],[11.3371,8.9357]]},"properties":{"c":"t","r":"A4"}},{"type":"Feature","geometry":{"type":"LineString","coordinates":[[11.3117,8.9052],[11.2558,8.8841]]},"properties":{"c":"t","r":"A4"}},{"type":"Feature","geometry":{"type":"LineString","coordinates":[[11.3157,8.9078],[11.315,8.9085]]},"properties":{"c":"t","r":"A12"}},{"type":"Feature","geometry":{"type":"LineString","coordinates":[[11.3149,8.9083],[11.3156,8.9077]]},"properties":{"c":"t","r":"A12"}},{"type":"Feature","geometry":{"type":"LineString","coordinates":[[11.3141,8.904],[11.3155,8.9073]]},"properties":{"c":"t","r":"A12"}},{"type":"Feature","geometry":{"type":"LineString","coordinates":[[11.1984,8.8497],[11.1989,8.85]]},"properties":{"c":"t","r":"A4"}},{"type":"Feature","geometry":{"type":"LineString","coordinates":[[11.1989,8.85],[11.2351,8.8767]]},"properties":{"c":"t","r":"A4"}},{"type":"Feature","geometry":{"type":"LineString","coordinates":[[8.8322,11.7986],[8.8343,11.7971]]},"properties":{"c":"t","r":"A237"}},{"type":"Feature","geometry":{"type":"LineString","coordinates":[[8.8343,11.7971],[8.8412,11.7876],[8.8429,11.7774],[8.8721,11.7069],[8.895,11.6591]]},"properties":{"c":"t","r":"A237"}},{"type":"Feature","geometry":{"type":"LineString","coordinates":[[8.8197,11.8121],[8.8195,11.8136]]},"properties":{"c":"t","r":"A237"}},{"type":"Feature","geometry":{"type":"LineString","coordinates":[[8.8212,11.8078],[8.8199,11.8108]]},"properties":{"c":"t","r":"A237"}},{"type":"Feature","geometry":{"type":"LineString","coordinates":[[8.8179,11.8128],[8.8199,11.8108]]},"properties":{"c":"t","r":"A237"}},{"type":"Feature","geometry":{"type":"LineString","coordinates":[[8.8195,11.8136],[8.8165,11.8131]]},"properties":{"c":"t","r":"A237"}},{"type":"Feature","geometry":{"type":"LineString","coordinates":[[11.4221,9.0161],[11.4191,9.0392],[11.4419,9.0708],[11.4536,9.0849],[11.4866,9.103]]},"properties":{"c":"t","r":"A4"}},{"type":"Feature","geometry":{"type":"LineString","coordinates":[[11.3369,8.9359],[11.3339,8.934]]},"properties":{"c":"t","r":"A4"}},{"type":"Feature","geometry":{"type":"LineString","coordinates":[[11.39,8.9707],[11.3946,8.9766],[11.3984,8.9941],[11.4083,8.9987]]},"properties":{"c":"t","r":"A4"}},{"type":"Feature","geometry":{"type":"LineString","coordinates":[[11.4866,9.103],[11.4877,9.1036]]},"properties":{"c":"t","r":"A4"}},{"type":"Feature","geometry":{"type":"LineString","coordinates":[[11.3372,8.9361],[11.3372,8.9361]]},"properties":{"c":"t","r":"A4"}},{"type":"Feature","geometry":{"type":"LineString","coordinates":[[11.4083,8.9987],[11.4196,9.0025],[11.4221,9.0159]]},"properties":{"c":"t","r":"A4"}},{"type":"Feature","geometry":{"type":"LineString","coordinates":[[11.4221,9.0159],[11.4221,9.0161]]},"properties":{"c":"t","r":"A4"}},{"type":"Feature","geometry":{"type":"LineString","coordinates":[[11.3399,8.9375],[11.3678,8.9573]]},"properties":{"c":"t","r":"A4"}},{"type":"Feature","geometry":{"type":"LineString","coordinates":[[11.8923,9.352],[11.9298,9.3688],[11.9361,9.3796]]},"properties":{"c":"t","r":"A4"}},{"type":"Feature","geometry":{"type":"LineString","coordinates":[[11.8922,9.3519],[11.8923,9.352]]},"properties":{"c":"t","r":"A4"}},{"type":"Feature","geometry":{"type":"LineString","coordinates":[[11.7833,9.3075],[11.8069,9.3124],[11.8509,9.3323]]},"properties":{"c":"t","r":"A4"}},{"type":"Feature","geometry":{"type":"LineString","coordinates":[[11.8586,9.3344],[11.8922,9.3519]]},"properties":{"c":"t","r":"A4"}},{"type":"Feature","geometry":{"type":"LineString","coordinates":[[11.5981,9.1708],[11.5982,9.1709]]},"properties":{"c":"t","r":"A4"}},{"type":"Feature","geometry":{"type":"LineString","coordinates":[[11.5865,9.1619],[11.5866,9.162]]},"properties":{"c":"t","r":"A4"}},{"type":"Feature","geometry":{"type":"LineString","coordinates":[[11.7564,9.3051],[11.7649,9.3024],[11.7832,9.3075]]},"properties":{"c":"t","r":"A4"}},{"type":"Feature","geometry":{"type":"LineString","coordinates":[[11.5866,9.162],[11.5981,9.1708]]},"properties":{"c":"t","r":"A4"}},{"type":"Feature","geometry":{"type":"LineString","coordinates":[[11.6835,9.2462],[11.6841,9.2467]]},"properties":{"c":"t","r":"A4"}},{"type":"Feature","geometry":{"type":"LineString","coordinates":[[11.9361,9.3796],[11.9368,9.3814]]},"properties":{"c":"t","r":"A4"}},{"type":"Feature","geometry":{"type":"LineString","coordinates":[[11.5982,9.1709],[11.6441,9.2043],[11.6663,9.232],[11.6835,9.2462]]},"properties":{"c":"t","r":"A4"}},{"type":"Feature","geometry":{"type":"LineString","coordinates":[[11.6841,9.2467],[11.7292,9.301],[11.7488,9.3072],[11.756,9.3053]]},"properties":{"c":"t","r":"A4"}},{"type":"Feature","geometry":{"type":"LineString","coordinates":[[11.7832,9.3075],[11.7833,9.3075]]},"properties":{"c":"t","r":"A4"}},{"type":"Feature","geometry":{"type":"LineString","coordinates":[[11.756,9.3053],[11.7564,9.3051]]},"properties":{"c":"t","r":"A4"}},{"type":"Feature","geometry":{"type":"LineString","coordinates":[[11.8509,9.3323],[11.851,9.3323]]},"properties":{"c":"t","r":"A4"}},{"type":"Feature","geometry":{"type":"LineString","coordinates":[[11.851,9.3323],[11.8585,9.3344]]},"properties":{"c":"t","r":"A4"}},{"type":"Feature","geometry":{"type":"LineString","coordinates":[[11.8585,9.3344],[11.8586,9.3344]]},"properties":{"c":"t","r":"A4"}},{"type":"Feature","geometry":{"type":"LineString","coordinates":[[11.9668,9.7583],[11.9669,9.7585]]},"properties":{"c":"t","r":"A4"}},{"type":"Feature","geometry":{"type":"LineString","coordinates":[[11.9558,9.8932],[11.9523,9.9499],[11.9597,9.9873]]},"properties":{"c":"t","r":"A4"}},{"type":"Feature","geometry":{"type":"LineString","coordinates":[[11.9642,9.7467],[11.9643,9.747]]},"properties":{"c":"t","r":"A4"}},{"type":"Feature","geometry":{"type":"LineString","coordinates":[[11.9637,10.0547],[11.9563,10.0952]]},"properties":{"c":"t","r":"A4"}},{"type":"Feature","geometry":{"type":"LineString","coordinates":[[11.9562,10.0956],[11.9493,10.1341]]},"properties":{"c":"t","r":"A4"}},{"type":"Feature","geometry":{"type":"LineString","coordinates":[[11.9644,10.0527],[11.9643,10.0528]]},"properties":{"c":"t","r":"A4"}},{"type":"Feature","geometry":{"type":"LineString","coordinates":[[11.9669,9.7585],[11.9665,9.775]]},"properties":{"c":"t","r":"A4"}},{"type":"Feature","geometry":{"type":"LineString","coordinates":[[11.9641,10.0535],[11.9641,10.0536]]},"properties":{"c":"t","r":"A4"}},{"type":"Feature","geometry":{"type":"LineString","coordinates":[[11.9648,9.7495],[11.9649,9.7496]]},"properties":{"c":"t","r":"A4"}},{"type":"Feature","geometry":{"type":"LineString","coordinates":[[11.9643,10.0528],[11.9643,10.0529]]},"properties":{"c":"t","r":"A4"}},{"type":"Feature","geometry":{"type":"LineString","coordinates":[[11.9641,10.0533],[11.9641,10.0535]]},"properties":{"c":"t","r":"A4"}},{"type":"Feature","geometry":{"type":"LineString","coordinates":[[11.9637,10.0547],[11.9637,10.0547]]},"properties":{"c":"t","r":"A4"}},{"type":"Feature","geometry":{"type":"LineString","coordinates":[[11.9665,9.7753],[11.9571,9.8359]]},"properties":{"c":"t","r":"A4"}},{"type":"Feature","geometry":{"type":"LineString","coordinates":[[11.9653,10.0498],[11.9644,10.0527]]},"properties":{"c":"t","r":"A4"}},{"type":"Feature","geometry":{"type":"LineString","coordinates":[[11.9571,9.8359],[11.9571,9.8364]]},"properties":{"c":"t","r":"A4"}},{"type":"Feature","geometry":{"type":"LineString","coordinates":[[11.9571,9.8364],[11.9598,9.8566],[11.9558,9.8928]]},"properties":{"c":"t","r":"A4"}},{"type":"Feature","geometry":{"type":"LineString","coordinates":[[11.9558,9.8928],[11.9558,9.8932]]},"properties":{"c":"t","r":"A4"}},{"type":"Feature","geometry":{"type":"LineString","coordinates":[[11.9643,9.747],[11.9648,9.7495]]},"properties":{"c":"t","r":"A4"}},{"type":"Feature","geometry":{"type":"LineString","coordinates":[[11.9641,10.0536],[11.9637,10.0547]]},"properties":{"c":"t","r":"A4"}},{"type":"Feature","geometry":{"type":"LineString","coordinates":[[11.9653,10.0497],[11.9653,10.0498]]},"properties":{"c":"t","r":"A4"}},{"type":"Feature","geometry":{"type":"LineString","coordinates":[[11.9643,10.0529],[11.9642,10.0531]]},"properties":{"c":"t","r":"A4"}},{"type":"Feature","geometry":{"type":"LineString","coordinates":[[11.9649,9.7496],[11.9668,9.7583]]},"properties":{"c":"t","r":"A4"}},{"type":"Feature","geometry":{"type":"LineString","coordinates":[[11.9642,10.0532],[11.9641,10.0533]]},"properties":{"c":"t","r":"A4"}},{"type":"Feature","geometry":{"type":"LineString","coordinates":[[11.9665,9.775],[11.9665,9.7753]]},"properties":{"c":"t","r":"A4"}},{"type":"Feature","geometry":{"type":"LineString","coordinates":[[11.9642,10.0531],[11.9642,10.0532]]},"properties":{"c":"t","r":"A4"}},{"type":"Feature","geometry":{"type":"LineString","coordinates":[[11.9563,10.0952],[11.9562,10.0956]]},"properties":{"c":"t","r":"A4"}},{"type":"Feature","geometry":{"type":"LineString","coordinates":[[11.9493,10.1342],[11.9412,10.1641],[11.9603,10.181],[11.9624,10.1903]]},"properties":{"c":"t","r":"A4"}},{"type":"Feature","geometry":{"type":"LineString","coordinates":[[11.9651,10.2756],[11.965,10.2758]]},"properties":{"c":"t","r":"A4"}},{"type":"Feature","geometry":{"type":"LineString","coordinates":[[11.9624,10.1903],[11.9624,10.1908]]},"properties":{"c":"t","r":"A4"}},{"type":"Feature","geometry":{"type":"LineString","coordinates":[[11.965,10.2758],[11.9597,10.3206],[11.9546,10.3343],[11.9565,10.3381]]},"properties":{"c":"t","r":"A4"}},{"type":"Feature","geometry":{"type":"LineString","coordinates":[[11.9624,10.1908],[11.9606,10.2177]]},"properties":{"c":"t","r":"A4"}},{"type":"Feature","geometry":{"type":"LineString","coordinates":[[11.9493,10.1341],[11.9493,10.1342]]},"properties":{"c":"t","r":"A4"}},{"type":"Feature","geometry":{"type":"LineString","coordinates":[[11.9608,10.3459],[11.9609,10.3464]]},"properties":{"c":"t","r":"A4"}},{"type":"Feature","geometry":{"type":"LineString","coordinates":[[11.9609,10.3464],[11.9844,10.3795],[12.0172,10.4019]]},"properties":{"c":"t","r":"A4"}},{"type":"Feature","geometry":{"type":"LineString","coordinates":[[12.0175,10.4021],[12.0411,10.4304],[12.0569,10.4265],[12.0598,10.4218],[12.0694,10.4227],[12.0998,10.4333],[12.121,10.4448],[12.1344,10.4468],[12.1429,10.5154],[12.1518,10.5474],[12.1634,10.5684],[12.1632,10.5868],[12.1659,10.5924]]},"properties":{"c":"t","r":"A4"}},{"type":"Feature","geometry":{"type":"LineString","coordinates":[[12.0172,10.4019],[12.0175,10.4021]]},"properties":{"c":"t","r":"A4"}},{"type":"Feature","geometry":{"type":"LineString","coordinates":[[12.1659,10.5924],[12.166,10.5925]]},"properties":{"c":"t","r":"A4"}},{"type":"Feature","geometry":{"type":"LineString","coordinates":[[13.1207,11.8076],[13.1208,11.8069]]},"properties":{"c":"t","r":"A4"}},{"type":"Feature","geometry":{"type":"LineString","coordinates":[[7.0288,5.4906],[7.0365,5.4724]]},"properties":{"c":"t","r":"A6"}},{"type":"Feature","geometry":{"type":"LineString","coordinates":[[6.8689,5.7792],[6.8813,5.7498]]},"properties":{"c":"t","r":"A6"}},{"type":"Feature","geometry":{"type":"LineString","coordinates":[[7.024,5.4904],[7.0247,5.4905]]},"properties":{"c":"t","r":"A6"}},{"type":"Feature","geometry":{"type":"LineString","coordinates":[[7.0203,5.4896],[7.0203,5.4896]]},"properties":{"c":"t","r":"A6"}},{"type":"Feature","geometry":{"type":"LineString","coordinates":[[7.0289,5.4907],[7.0289,5.491]]},"properties":{"c":"t","r":"A6"}},{"type":"Feature","geometry":{"type":"LineString","coordinates":[[7.0205,5.4892],[7.024,5.4904]]},"properties":{"c":"t","r":"A6"}},{"type":"Feature","geometry":{"type":"LineString","coordinates":[[7.0287,5.491],[7.0288,5.4906]]},"properties":{"c":"t","r":"A6"}},{"type":"Feature","geometry":{"type":"LineString","coordinates":[[7.0203,5.4896],[6.9932,5.515],[6.9811,5.5418],[6.9694,5.5582],[6.9708,5.565],[6.9607,5.5926],[6.9641,5.6011],[6.9573,5.6176],[6.9563,5.6318],[6.9455,5.6498]]},"properties":{"c":"t","r":"A6"}},{"type":"Feature","geometry":{"type":"LineString","coordinates":[[7.024,5.4904],[7.0205,5.4895]]},"properties":{"c":"t","r":"A6"}},{"type":"Feature","geometry":{"type":"LineString","coordinates":[[7.0247,5.4905],[7.0262,5.4907]]},"properties":{"c":"t","r":"A6"}},{"type":"Feature","geometry":{"type":"LineString","coordinates":[[7.0246,5.4906],[7.024,5.4904]]},"properties":{"c":"t","r":"A6"}},{"type":"Feature","geometry":{"type":"LineString","coordinates":[[7.2075,5.3538],[7.2431,5.3321],[7.257,5.3184],[7.2874,5.3081]]},"properties":{"c":"t","r":"A6"}},{"type":"Feature","geometry":{"type":"LineString","coordinates":[[7.0517,5.4537],[7.0365,5.4725]]},"properties":{"c":"t","r":"A6"}},{"type":"Feature","geometry":{"type":"LineString","coordinates":[[3.0157,6.6843],[2.9845,6.6953]]},"properties":{"c":"t","r":"A5-1"}},{"type":"Feature","geometry":{"type":"LineString","coordinates":[[3.0984,6.6642],[3.0899,6.661],[3.0809,6.6624],[3.0157,6.6843]]},"properties":{"c":"t","r":"A5-1"}},{"type":"Feature","geometry":{"type":"LineString","coordinates":[[4.2883,8.6859],[4.2857,8.6868]]},"properties":{"c":"t","r":"A7"}},{"type":"Feature","geometry":{"type":"LineString","coordinates":[[4.2884,8.6859],[4.2883,8.6859]]},"properties":{"c":"t","r":"A7"}},{"type":"Feature","geometry":{"type":"LineString","coordinates":[[4.3285,8.6689],[4.3285,8.6689]]},"properties":{"c":"t","r":"A7"}},{"type":"Feature","geometry":{"type":"LineString","coordinates":[[4.3174,8.6754],[4.2884,8.6859]]},"properties":{"c":"t","r":"A7"}},{"type":"Feature","geometry":{"type":"LineString","coordinates":[[4.3178,8.6753],[4.3174,8.6754]]},"properties":{"c":"t","r":"A7"}},{"type":"Feature","geometry":{"type":"LineString","coordinates":[[4.2857,8.6868],[4.2801,8.6882]]},"properties":{"c":"t","r":"A7"}},{"type":"Feature","geometry":{"type":"LineString","coordinates":[[4.3285,8.6689],[4.3178,8.6753]]},"properties":{"c":"t","r":"A7"}},{"type":"Feature","geometry":{"type":"LineString","coordinates":[[6.9453,5.6498],[6.9562,5.6316],[6.9572,5.6176],[6.964,5.601],[6.9607,5.5922],[6.9707,5.5649],[6.9693,5.5582],[6.9812,5.5413],[6.9925,5.5158],[7.0201,5.4894]]},"properties":{"c":"t","r":"A6"}},{"type":"Feature","geometry":{"type":"LineString","coordinates":[[6.9455,5.6498],[6.945,5.6504]]},"properties":{"c":"t","r":"A6"}},{"type":"Feature","geometry":{"type":"LineString","coordinates":[[6.945,5.6504],[6.9324,5.6581],[6.9117,5.7048],[6.8887,5.7324],[6.8815,5.7497]]},"properties":{"c":"t","r":"A6"}},{"type":"Feature","geometry":{"type":"LineString","coordinates":[[6.9449,5.6503],[6.9453,5.6498]]},"properties":{"c":"t","r":"A6"}},{"type":"Feature","geometry":{"type":"LineString","coordinates":[[6.8579,5.9228],[6.8579,5.923]]},"properties":{"c":"t","r":"A6"}},{"type":"Feature","geometry":{"type":"LineString","coordinates":[[6.8118,6.094],[6.8184,6.0796],[6.8092,6.0515],[6.809,6.0396],[6.8186,6.0201],[6.837,5.9989],[6.8295,5.9717],[6.832,5.9573],[6.8578,5.923]]},"properties":{"c":"t","r":"A6"}},{"type":"Feature","geometry":{"type":"LineString","coordinates":[[6.8578,5.9228],[6.8582,5.9216]]},"properties":{"c":"t","r":"A6"}},{"type":"Feature","geometry":{"type":"LineString","coordinates":[[6.8599,5.918],[6.8583,5.9216]]},"properties":{"c":"t","r":"A6"}},{"type":"Feature","geometry":{"type":"LineString","coordinates":[[6.8583,5.9216],[6.8579,5.9228]]},"properties":{"c":"t","r":"A6"}},{"type":"Feature","geometry":{"type":"LineString","coordinates":[[6.86,5.9178],[6.867,5.9141],[6.8747,5.9009],[6.8674,5.8793],[6.8605,5.8691]]},"properties":{"c":"t","r":"A6"}},{"type":"Feature","geometry":{"type":"LineString","coordinates":[[6.8579,5.923],[6.8323,5.9568],[6.8296,5.9718],[6.837,5.9993],[6.8186,6.0202],[6.809,6.04],[6.8094,6.0518],[6.8185,6.0795],[6.8119,6.0941]]},"properties":{"c":"t","r":"A6"}},{"type":"Feature","geometry":{"type":"LineString","coordinates":[[6.8578,5.923],[6.8578,5.9228]]},"properties":{"c":"t","r":"A6"}},{"type":"Feature","geometry":{"type":"LineString","coordinates":[[6.7925,6.1326],[6.7947,6.13],[6.792,6.1166],[6.794,6.1084]]},"properties":{"c":"t","r":"A6"}},{"type":"Feature","geometry":{"type":"LineString","coordinates":[[6.8104,6.095],[6.8116,6.0942]]},"properties":{"c":"t","r":"A6"}},{"type":"Feature","geometry":{"type":"LineString","coordinates":[[6.794,6.1084],[6.8104,6.095]]},"properties":{"c":"t","r":"A6"}},{"type":"Feature","geometry":{"type":"LineString","coordinates":[[6.8104,6.0951],[6.7941,6.1083],[6.7921,6.1164],[6.7948,6.1299],[6.7926,6.1327]]},"properties":{"c":"t","r":"A6"}},{"type":"Feature","geometry":{"type":"LineString","coordinates":[[6.8117,6.0943],[6.8104,6.0951]]},"properties":{"c":"t","r":"A6"}},{"type":"Feature","geometry":{"type":"LineString","coordinates":[[4.2439,8.6933],[4.2224,8.6963]]},"properties":{"c":"t","r":"A7"}},{"type":"Feature","geometry":{"type":"LineString","coordinates":[[4.2224,8.6963],[4.2221,8.6963]]},"properties":{"c":"t","r":"A7"}},{"type":"Feature","geometry":{"type":"LineString","coordinates":[[4.2801,8.6882],[4.2652,8.6879],[4.2444,8.6932]]},"properties":{"c":"t","r":"A7"}},{"type":"Feature","geometry":{"type":"LineString","coordinates":[[4.2444,8.6932],[4.2439,8.6933]]},"properties":{"c":"t","r":"A7"}},{"type":"Feature","geometry":{"type":"LineString","coordinates":[[4.1437,8.7398],[4.1437,8.7399]]},"properties":{"c":"t","r":"A7"}},{"type":"Feature","geometry":{"type":"LineString","coordinates":[[3.8603,9.2159],[3.8596,9.2159]]},"properties":{"c":"t","r":"A7"}},{"type":"Feature","geometry":{"type":"LineString","coordinates":[[3.8471,9.092],[3.851,9.1137],[3.8484,9.1209],[3.8537,9.1439]]},"properties":{"c":"t","r":"A7"}},{"type":"Feature","geometry":{"type":"LineString","coordinates":[[3.8504,9.0836],[3.8504,9.0836]]},"properties":{"c":"t","r":""}},{"type":"Feature","geometry":{"type":"LineString","coordinates":[[3.8502,9.0837],[3.8503,9.0835]]},"properties":{"c":"t","r":"A7"}},{"type":"Feature","geometry":{"type":"LineString","coordinates":[[3.8504,9.0834],[3.8506,9.0831]]},"properties":{"c":"t","r":"A7"}},{"type":"Feature","geometry":{"type":"LineString","coordinates":[[3.8504,9.0836],[3.8502,9.0837]]},"properties":{"c":"t","r":"A7"}},{"type":"Feature","geometry":{"type":"LineString","coordinates":[[3.8595,9.223],[3.8681,9.2364],[3.8594,9.2574]]},"properties":{"c":"t","r":"A7"}},{"type":"Feature","geometry":{"type":"LineString","coordinates":[[3.8537,9.1439],[3.8541,9.1675],[3.8578,9.172],[3.8675,9.2081],[3.861,9.2158]]},"properties":{"c":"t","r":"A7"}},{"type":"Feature","geometry":{"type":"LineString","coordinates":[[3.861,9.2158],[3.8603,9.2159]]},"properties":{"c":"t","r":"A7"}},{"type":"Feature","geometry":{"type":"LineString","coordinates":[[3.8907,9.0248],[3.8838,9.0365],[3.8755,9.0406],[3.854,9.0766]]},"properties":{"c":"t","r":"A7"}},{"type":"Feature","geometry":{"type":"LineString","coordinates":[[3.8596,9.2159],[3.8595,9.223]]},"properties":{"c":"t","r":"A7"}},{"type":"Feature","geometry":{"type":"LineString","coordinates":[[3.854,9.0766],[3.8506,9.0831]]},"properties":{"c":"t","r":"A7"}},{"type":"Feature","geometry":{"type":"LineString","coordinates":[[3.8506,9.0831],[3.8505,9.0835]]},"properties":{"c":"t","r":"A7"}},{"type":"Feature","geometry":{"type":"LineString","coordinates":[[3.9424,9.6067],[3.9424,9.6063]]},"properties":{"c":"t","r":"A7"}},{"type":"Feature","geometry":{"type":"LineString","coordinates":[[3.9426,9.6064],[3.9424,9.6067]]},"properties":{"c":"t","r":"A7"}},{"type":"Feature","geometry":{"type":"LineString","coordinates":[[3.9422,9.6058],[3.9426,9.6061]]},"properties":{"c":"t","r":"A7"}},{"type":"Feature","geometry":{"type":"LineString","coordinates":[[3.8586,9.3957],[3.8614,9.4007],[3.8686,9.4631],[3.9111,9.5273],[3.9219,9.5537],[3.9252,9.579],[3.9422,9.6058]]},"properties":{"c":"t","r":"A7"}},{"type":"Feature","geometry":{"type":"LineString","coordinates":[[3.9426,9.6064],[3.9426,9.6064]]},"properties":{"c":"t","r":""}},{"type":"Feature","geometry":{"type":"LineString","coordinates":[[3.9424,9.6063],[3.9422,9.6058]]},"properties":{"c":"t","r":"A7"}},{"type":"Feature","geometry":{"type":"LineString","coordinates":[[3.9424,9.6067],[3.9386,9.6093],[3.9344,9.606]]},"properties":{"c":"t","r":"A7"}},{"type":"Feature","geometry":{"type":"LineString","coordinates":[[3.8524,9.3017],[3.8392,9.3297]]},"properties":{"c":"t","r":"A7"}},{"type":"Feature","geometry":{"type":"LineString","coordinates":[[3.8392,9.3297],[3.8391,9.3301]]},"properties":{"c":"t","r":"A7"}},{"type":"Feature","geometry":{"type":"LineString","coordinates":[[3.8391,9.3301],[3.8494,9.3408],[3.852,9.3624]]},"properties":{"c":"t","r":"A7"}},{"type":"Feature","geometry":{"type":"LineString","coordinates":[[3.8594,9.2574],[3.854,9.2673],[3.8524,9.3017]]},"properties":{"c":"t","r":"A7"}},{"type":"Feature","geometry":{"type":"LineString","coordinates":[[3.852,9.3624],[3.8539,9.3886],[3.8586,9.3957]]},"properties":{"c":"t","r":"A7"}},{"type":"Feature","geometry":{"type":"LineString","coordinates":[[3.9344,9.606],[3.9074,9.6133],[3.8962,9.6198],[3.8787,9.6063],[3.8582,9.5985]]},"properties":{"c":"t","r":"A7"}},{"type":"Feature","geometry":{"type":"LineString","coordinates":[[3.3398,9.5243],[3.3397,9.5243]]},"properties":{"c":"t","r":"A7"}},{"type":"Feature","geometry":{"type":"LineString","coordinates":[[3.3881,9.5102],[3.3398,9.5243]]},"properties":{"c":"t","r":"A7"}},{"type":"Feature","geometry":{"type":"LineString","coordinates":[[3.8582,9.5985],[3.8348,9.5893],[3.8303,9.5836],[3.8144,9.5759],[3.8083,9.5652],[3.8003,9.5354],[3.7871,9.5232],[3.7554,9.504],[3.7198,9.498],[3.6937,9.4843],[3.6659,9.4823],[3.6529,9.489],[3.6155,9.4885],[3.6048,9.495],[3.5777,9.4965],[3.5667,9.4911],[3.5454,9.4911],[3.5392,9.4856],[3.5192,9.4797],[3.5055,9.489]]},"properties":{"c":"t","r":"A7"}},{"type":"Feature","geometry":{"type":"LineString","coordinates":[[12.0302,9.0064],[12.0308,9.0064]]},"properties":{"c":"t","r":"A13"}},{"type":"Feature","geometry":{"type":"LineString","coordinates":[[12.0642,9.0292],[12.0642,9.0298]]},"properties":{"c":"t","r":"A13"}},{"type":"Feature","geometry":{"type":"LineString","coordinates":[[12.0308,9.0064],[12.061,9.0136],[12.0642,9.0292]]},"properties":{"c":"t","r":"A13"}},{"type":"Feature","geometry":{"type":"LineString","coordinates":[[12.0642,9.0298],[12.0649,9.0674],[12.0731,9.0835],[12.081,9.1256],[12.0811,9.1438],[12.0972,9.1625],[12.1052,9.1963],[12.1216,9.2191],[12.142,9.2401],[12.1939,9.2592],[12.206,9.2813],[12.2161,9.286]]},"properties":{"c":"t","r":"A13"}},{"type":"Feature","geometry":{"type":"LineString","coordinates":[[4.8272,8.8566],[4.8272,8.8565]]},"properties":{"c":"t","r":"A1"}},{"type":"Feature","geometry":{"type":"LineString","coordinates":[[4.8272,8.8565],[4.8382,8.8369],[4.8566,8.8357]]},"properties":{"c":"t","r":"A1"}},{"type":"Feature","geometry":{"type":"LineString","coordinates":[[4.7949,8.9298],[4.7976,8.9199],[4.8041,8.9152],[4.8105,8.9032]]},"properties":{"c":"t","r":"A1"}},{"type":"Feature","geometry":{"type":"LineString","coordinates":[[4.8566,8.8357],[4.8567,8.8357]]},"properties":{"c":"t","r":"A1"}},{"type":"Feature","geometry":{"type":"LineString","coordinates":[[4.8105,8.9032],[4.8106,8.9031]]},"properties":{"c":"t","r":"A1"}},{"type":"Feature","geometry":{"type":"LineString","coordinates":[[4.8106,8.9031],[4.8156,8.8954],[4.8151,8.8898],[4.8272,8.8566]]},"properties":{"c":"t","r":"A1"}},{"type":"Feature","geometry":{"type":"LineString","coordinates":[[4.8567,8.8357],[4.8755,8.8311],[4.8972,8.8342],[4.9134,8.8259],[4.935,8.8219],[4.9401,8.8137],[4.9296,8.7829],[4.9209,8.7742],[4.9176,8.766],[4.9039,8.7553],[4.9055,8.7454],[4.8843,8.704],[4.8778,8.6812],[4.8591,8.6473],[4.8509,8.6397],[4.8218,8.6354],[4.806,8.6223],[4.7921,8.616],[4.7719,8.616]]},"properties":{"c":"t","r":"A1"}},{"type":"Feature","geometry":{"type":"LineString","coordinates":[[4.5764,8.5012],[4.5879,8.5115]]},"properties":{"c":"t","r":"A1"}},{"type":"Feature","geometry":{"type":"LineString","coordinates":[[4.7949,8.9299],[4.7949,8.9298]]},"properties":{"c":"t","r":"A1"}},{"type":"Feature","geometry":{"type":"LineString","coordinates":[[4.5762,8.5015],[4.5762,8.5015]]},"properties":{"c":"t","r":""}},{"type":"Feature","geometry":{"type":"LineString","coordinates":[[4.7719,8.616],[4.7714,8.6161]]},"properties":{"c":"t","r":"A1"}},{"type":"Feature","geometry":{"type":"LineString","coordinates":[[4.6008,8.5278],[4.6014,8.5282]]},"properties":{"c":"t","r":"A1"}},{"type":"Feature","geometry":{"type":"LineString","coordinates":[[4.5879,8.5115],[4.6008,8.5278]]},"properties":{"c":"t","r":"A1"}},{"type":"Feature","geometry":{"type":"LineString","coordinates":[[8.6906,10.4051],[8.6902,10.4058]]},"properties":{"c":"t","r":"A236"}},{"type":"Feature","geometry":{"type":"LineString","coordinates":[[7.5399,6.4548],[7.5373,6.4232],[7.5261,6.408]]},"properties":{"c":"t","r":"A3-1"}},{"type":"Feature","geometry":{"type":"LineString","coordinates":[[7.5394,6.4612],[7.539,6.46]]},"properties":{"c":"t","r":"A343"}},{"type":"Feature","geometry":{"type":"LineString","coordinates":[[7.5218,6.4647],[7.5218,6.4652]]},"properties":{"c":"t","r":"A343"}},{"type":"Feature","geometry":{"type":"LineString","coordinates":[[7.5216,6.4651],[7.5217,6.4647]]},"properties":{"c":"t","r":"A343"}},{"type":"Feature","geometry":{"type":"LineString","coordinates":[[7.584,6.4625],[7.5665,6.4552],[7.5342,6.4613]]},"properties":{"c":"t","r":"A343"}},{"type":"Feature","geometry":{"type":"LineString","coordinates":[[7.5381,6.461],[7.539,6.46]]},"properties":{"c":"t","r":"A343"}},{"type":"Feature","geometry":{"type":"LineString","coordinates":[[7.5424,6.4601],[7.5423,6.4612]]},"properties":{"c":"t","r":"A343"}},{"type":"Feature","geometry":{"type":"LineString","coordinates":[[7.5424,6.4601],[7.5437,6.4611]]},"properties":{"c":"t","r":"A343"}},{"type":"Feature","geometry":{"type":"LineString","coordinates":[[7.8952,12.361],[7.9509,12.307],[7.9759,12.2976],[7.9879,12.2978],[8.0823,12.3302],[8.1271,12.3522],[8.1515,12.3376],[8.1849,12.2746],[8.1969,12.2709],[8.2118,12.2611],[8.2332,12.2439],[8.2383,12.234],[8.2456,12.2312]]},"properties":{"c":"t","r":"A9"}},{"type":"Feature","geometry":{"type":"LineString","coordinates":[[7.8952,12.361],[7.8952,12.361]]},"properties":{"c":"t","r":"A9"}},{"type":"Feature","geometry":{"type":"LineString","coordinates":[[7.6559,12.8962],[7.6687,12.8457],[7.6876,12.8153]]},"properties":{"c":"t","r":"A9"}},{"type":"Feature","geometry":{"type":"LineString","coordinates":[[7.8592,12.5129],[7.8914,12.4268],[7.8921,12.3653],[7.8952,12.361]]},"properties":{"c":"t","r":"A9"}},{"type":"Feature","geometry":{"type":"LineString","coordinates":[[7.6558,12.8965],[7.6559,12.8962]]},"properties":{"c":"t","r":"A9"}},{"type":"Feature","geometry":{"type":"LineString","coordinates":[[7.7821,12.6102],[7.8015,12.5937],[7.8484,12.541],[7.8592,12.5129]]},"properties":{"c":"t","r":"A9"}},{"type":"Feature","geometry":{"type":"LineString","coordinates":[[5.5037,9.7482],[5.5092,9.7523],[5.517,9.7671],[5.5752,9.7878],[5.6456,9.8224],[5.6828,9.8494],[5.7027,9.8722],[5.7141,9.9058]]},"properties":{"c":"t","r":"A10"}},{"type":"Feature","geometry":{"type":"LineString","coordinates":[[7.6118,12.9765],[7.6107,12.9773]]},"properties":{"c":"t","r":"A9"}},{"type":"Feature","geometry":{"type":"LineString","coordinates":[[7.6117,12.9765],[7.6119,12.9762]]},"properties":{"c":"t","r":"A9"}},{"type":"Feature","geometry":{"type":"LineString","coordinates":[[7.612,12.9763],[7.6118,12.9765]]},"properties":{"c":"t","r":"A9"}},{"type":"Feature","geometry":{"type":"LineString","coordinates":[[7.627,12.9636],[7.627,12.9636]]},"properties":{"c":"t","r":"A9"}},{"type":"Feature","geometry":{"type":"LineString","coordinates":[[7.6381,12.9493],[7.638,12.9495]]},"properties":{"c":"t","r":"A9"}},{"type":"Feature","geometry":{"type":"LineString","coordinates":[[7.6119,12.9762],[7.6268,12.9635]]},"properties":{"c":"t","r":"A9"}},{"type":"Feature","geometry":{"type":"LineString","coordinates":[[7.6101,12.9776],[7.6104,12.9774]]},"properties":{"c":"t","r":"A9"}},{"type":"Feature","geometry":{"type":"LineString","coordinates":[[7.6015,12.9845],[7.6101,12.9776]]},"properties":{"c":"t","r":"A9"}},{"type":"Feature","geometry":{"type":"LineString","coordinates":[[7.6011,12.9848],[7.6015,12.9845]]},"properties":{"c":"t","r":"A9"}},{"type":"Feature","geometry":{"type":"LineString","coordinates":[[7.5883,12.996],[7.5877,12.9963]]},"properties":{"c":"t","r":"A9"}},{"type":"Feature","geometry":{"type":"LineString","coordinates":[[7.597,12.9947],[7.6006,12.9852]]},"properties":{"c":"t","r":"A9"}},{"type":"Feature","geometry":{"type":"LineString","coordinates":[[7.5877,12.9964],[7.5874,12.9963]]},"properties":{"c":"t","r":"A9"}},{"type":"Feature","geometry":{"type":"LineString","coordinates":[[7.6006,12.9852],[7.601,12.9849]]},"properties":{"c":"t","r":"A9"}},{"type":"Feature","geometry":{"type":"LineString","coordinates":[[7.5877,12.9962],[7.5883,12.9959]]},"properties":{"c":"t","r":"A9"}},{"type":"Feature","geometry":{"type":"LineString","coordinates":[[7.601,12.9849],[7.6006,12.9852]]},"properties":{"c":"t","r":"A9"}},{"type":"Feature","geometry":{"type":"LineString","coordinates":[[7.6015,12.9845],[7.6012,12.9848]]},"properties":{"c":"t","r":"A9"}},{"type":"Feature","geometry":{"type":"LineString","coordinates":[[7.3314,9.1427],[7.2959,9.1377]]},"properties":{"c":"t","r":""}},{"type":"Feature","geometry":{"type":"LineString","coordinates":[[7.3322,9.1426],[7.3313,9.1425]]},"properties":{"c":"m","r":"A234"}},{"type":"Feature","geometry":{"type":"LineString","coordinates":[[7.3313,9.1425],[7.3211,9.1411]]},"properties":{"c":"m","r":"A234"}},{"type":"Feature","geometry":{"type":"LineString","coordinates":[[7.332,9.1422],[7.3452,9.1428],[7.3628,9.1315]]},"properties":{"c":"t","r":""}},{"type":"Feature","geometry":{"type":"LineString","coordinates":[[7.3311,9.1421],[7.332,9.1422]]},"properties":{"c":"t","r":""}},{"type":"Feature","geometry":{"type":"LineString","coordinates":[[7.3312,9.1423],[7.3321,9.1424]]},"properties":{"c":"m","r":"A234"}},{"type":"Feature","geometry":{"type":"LineString","coordinates":[[7.3323,9.1428],[7.3314,9.1427]]},"properties":{"c":"t","r":""}},{"type":"Feature","geometry":{"type":"LineString","coordinates":[[7.2916,13.103],[7.2942,13.102]]},"properties":{"c":"t","r":"A9"}},{"type":"Feature","geometry":{"type":"LineString","coordinates":[[7.339,13.0948],[7.3391,13.0948]]},"properties":{"c":"t","r":"A9"}},{"type":"Feature","geometry":{"type":"LineString","coordinates":[[7.2963,13.1011],[7.3124,13.0915],[7.3235,13.095]]},"properties":{"c":"t","r":"A9"}},{"type":"Feature","geometry":{"type":"LineString","coordinates":[[7.3751,13.0926],[7.3825,13.0916]]},"properties":{"c":"t","r":"A9"}},{"type":"Feature","geometry":{"type":"LineString","coordinates":[[7.375,13.0927],[7.3751,13.0926]]},"properties":{"c":"t","r":"A9"}},{"type":"Feature","geometry":{"type":"LineString","coordinates":[[7.3235,13.095],[7.339,13.0948]]},"properties":{"c":"t","r":"A9"}},{"type":"Feature","geometry":{"type":"LineString","coordinates":[[7.4371,13.0732],[7.4372,13.0732]]},"properties":{"c":"t","r":"A9"}},{"type":"Feature","geometry":{"type":"LineString","coordinates":[[7.3235,13.095],[7.3235,13.095]]},"properties":{"c":"t","r":"A9"}},{"type":"Feature","geometry":{"type":"LineString","coordinates":[[7.3412,13.095],[7.3735,13.0929]]},"properties":{"c":"t","r":"A9"}},{"type":"Feature","geometry":{"type":"LineString","coordinates":[[7.3825,13.0916],[7.3826,13.0916]]},"properties":{"c":"t","r":"A9"}},{"type":"Feature","geometry":{"type":"LineString","coordinates":[[7.4376,13.073],[7.4428,13.0714]]},"properties":{"c":"t","r":"A9"}},{"type":"Feature","geometry":{"type":"LineString","coordinates":[[7.4375,13.073],[7.4376,13.073]]},"properties":{"c":"t","r":"A9"}},{"type":"Feature","geometry":{"type":"LineString","coordinates":[[7.2639,13.1182],[7.267,13.1067],[7.2915,13.1031]]},"properties":{"c":"t","r":"A9"}},{"type":"Feature","geometry":{"type":"LineString","coordinates":[[7.3826,13.0916],[7.3863,13.0912]]},"properties":{"c":"t","r":"A9"}},{"type":"Feature","geometry":{"type":"LineString","coordinates":[[7.4429,13.0714],[7.4598,13.0676],[7.4896,13.0539]]},"properties":{"c":"t","r":"A9"}},{"type":"Feature","geometry":{"type":"LineString","coordinates":[[7.3735,13.0929],[7.3737,13.0929]]},"properties":{"c":"t","r":"A9"}},{"type":"Feature","geometry":{"type":"LineString","coordinates":[[7.2942,13.102],[7.2943,13.1019]]},"properties":{"c":"t","r":"A9"}},{"type":"Feature","geometry":{"type":"LineString","coordinates":[[7.4428,13.0714],[7.4429,13.0714]]},"properties":{"c":"t","r":"A9"}},{"type":"Feature","geometry":{"type":"LineString","coordinates":[[7.2943,13.1019],[7.296,13.1012]]},"properties":{"c":"t","r":"A9"}},{"type":"Feature","geometry":{"type":"LineString","coordinates":[[7.3863,13.0912],[7.3865,13.0912]]},"properties":{"c":"t","r":"A9"}},{"type":"Feature","geometry":{"type":"LineString","coordinates":[[7.3865,13.0912],[7.4371,13.0732]]},"properties":{"c":"t","r":"A9"}},{"type":"Feature","geometry":{"type":"LineString","coordinates":[[7.2915,13.1031],[7.2916,13.103]]},"properties":{"c":"t","r":"A9"}},{"type":"Feature","geometry":{"type":"LineString","coordinates":[[7.3737,13.0929],[7.375,13.0927]]},"properties":{"c":"t","r":"A9"}},{"type":"Feature","geometry":{"type":"LineString","coordinates":[[7.296,13.1012],[7.2963,13.1011]]},"properties":{"c":"t","r":"A9"}},{"type":"Feature","geometry":{"type":"LineString","coordinates":[[7.2638,13.1185],[7.2639,13.1182]]},"properties":{"c":"t","r":"A9"}},{"type":"Feature","geometry":{"type":"LineString","coordinates":[[7.4372,13.0732],[7.4375,13.073]]},"properties":{"c":"t","r":"A9"}},{"type":"Feature","geometry":{"type":"LineString","coordinates":[[7.3409,13.095],[7.3412,13.095]]},"properties":{"c":"t","r":"A9"}},{"type":"Feature","geometry":{"type":"LineString","coordinates":[[7.3391,13.0948],[7.3409,13.095]]},"properties":{"c":"t","r":"A9"}},{"type":"Feature","geometry":{"type":"LineString","coordinates":[[7.4896,13.0538],[7.5465,13.0329],[7.5633,13.0216]]},"properties":{"c":"t","r":"A9"}},{"type":"Feature","geometry":{"type":"LineString","coordinates":[[7.4896,13.0539],[7.4896,13.0538]]},"properties":{"c":"t","r":"A9"}},{"type":"Feature","geometry":{"type":"LineString","coordinates":[[5.7581,9.933],[5.7646,9.9362],[5.7748,9.9493],[5.7757,9.9618],[5.7819,9.9728],[5.7975,9.9777]]},"properties":{"c":"t","r":"A10"}},{"type":"Feature","geometry":{"type":"LineString","coordinates":[[5.7975,9.9777],[5.7986,9.9779]]},"properties":{"c":"t","r":"A10"}},{"type":"Feature","geometry":{"type":"LineString","coordinates":[[5.7578,9.933],[5.7581,9.933]]},"properties":{"c":"t","r":"A10"}},{"type":"Feature","geometry":{"type":"LineString","coordinates":[[5.8343,9.9851],[5.8696,10.0132],[5.8932,10.0269],[5.9285,10.0379],[5.9538,10.0377],[5.9654,10.0419]]},"properties":{"c":"t","r":"A10"}},{"type":"Feature","geometry":{"type":"LineString","coordinates":[[5.7141,9.9058],[5.7239,9.9207],[5.7578,9.933]]},"properties":{"c":"t","r":"A10"}},{"type":"Feature","geometry":{"type":"LineString","coordinates":[[5.8342,9.9851],[5.8343,9.9851]]},"properties":{"c":"t","r":"A10"}},{"type":"Feature","geometry":{"type":"LineString","coordinates":[[5.9654,10.0419],[5.9656,10.042]]},"properties":{"c":"t","r":"A10"}},{"type":"Feature","geometry":{"type":"LineString","coordinates":[[5.9656,10.042],[5.9745,10.0457]]},"properties":{"c":"t","r":"A10"}},{"type":"Feature","geometry":{"type":"LineString","coordinates":[[5.9745,10.0457],[5.9814,10.0475]]},"properties":{"c":"t","r":"A10"}},{"type":"Feature","geometry":{"type":"LineString","coordinates":[[5.7986,9.9779],[5.8342,9.9851]]},"properties":{"c":"t","r":"A10"}},{"type":"Feature","geometry":{"type":"LineString","coordinates":[[5.9814,10.0475],[5.9962,10.0531]]},"properties":{"c":"t","r":"A10"}},{"type":"Feature","geometry":{"type":"LineString","coordinates":[[6.1735,10.0829],[6.1736,10.0824]]},"properties":{"c":"t","r":"A10"}},{"type":"Feature","geometry":{"type":"LineString","coordinates":[[7.557,10.7155],[7.5516,10.7103],[7.5113,10.6935]]},"properties":{"c":"t","r":"A11"}},{"type":"Feature","geometry":{"type":"LineString","coordinates":[[7.5571,10.7157],[7.557,10.7155]]},"properties":{"c":"t","r":"A11"}},{"type":"Feature","geometry":{"type":"LineString","coordinates":[[7.7246,10.7288],[7.7138,10.7332]]},"properties":{"c":"t","r":"A11"}},{"type":"Feature","geometry":{"type":"LineString","coordinates":[[7.7138,10.7332],[7.6894,10.7435],[7.6751,10.764],[7.6689,10.7663],[7.6359,10.7514],[7.617,10.7322],[7.5873,10.7225]]},"properties":{"c":"t","r":"A11"}},{"type":"Feature","geometry":{"type":"LineString","coordinates":[[8.195,10.6852],[8.1707,10.6981],[8.1169,10.6869],[8.1036,10.6885],[8.0935,10.6809],[8.0753,10.684],[8.0621,10.6823],[8.0431,10.6707],[8.0204,10.6676],[7.9868,10.687],[7.974,10.7048],[7.9522,10.7256],[7.9257,10.7333],[7.8999,10.7479],[7.8904,10.7432],[7.8814,10.7096],[7.8709,10.7012],[7.8399,10.6964],[7.8237,10.6896],[7.787,10.7017],[7.763,10.6949],[7.7562,10.7001]]},"properties":{"c":"t","r":"A11"}},{"type":"Feature","geometry":{"type":"LineString","coordinates":[[8.2513,10.6786],[8.2238,10.6824],[8.213,10.6802],[8.195,10.6852]]},"properties":{"c":"t","r":"A11"}},{"type":"Feature","geometry":{"type":"LineString","coordinates":[[8.2801,10.6813],[8.2629,10.7054],[8.259,10.7179],[8.2196,10.7577],[8.2164,10.7712],[8.2177,10.799],[8.199,10.8531],[8.129,10.8892],[8.0983,10.9345],[8.0532,10.9855],[8.032,10.9957],[8.0094,10.9953],[8.0004,10.9986],[7.9806,11.016]]},"properties":{"c":"t","r":"A236"}},{"type":"Feature","geometry":{"type":"LineString","coordinates":[[8.2803,10.681],[8.2804,10.6808]]},"properties":{"c":"t","r":"A236"}},{"type":"Feature","geometry":{"type":"LineString","coordinates":[[8.2804,10.6811],[8.2801,10.6813]]},"properties":{"c":"t","r":"A236"}},{"type":"Feature","geometry":{"type":"LineString","coordinates":[[8.2805,10.6808],[8.2804,10.6811]]},"properties":{"c":"t","r":"A236"}},{"type":"Feature","geometry":{"type":"LineString","coordinates":[[8.2801,10.6813],[8.2803,10.681]]},"properties":{"c":"t","r":"A236"}},{"type":"Feature","geometry":{"type":"LineString","coordinates":[[8.2514,10.6785],[8.2513,10.6786]]},"properties":{"c":"t","r":"A11"}},{"type":"Feature","geometry":{"type":"LineString","coordinates":[[4.1321,7.3579],[4.1316,7.358]]},"properties":{"c":"t","r":"A122"}},{"type":"Feature","geometry":{"type":"LineString","coordinates":[[4.1313,7.3579],[4.132,7.3576]]},"properties":{"c":"t","r":"A122"}},{"type":"Feature","geometry":{"type":"LineString","coordinates":[[4.132,7.3576],[4.1484,7.3537],[4.1785,7.377]]},"properties":{"c":"t","r":"A122"}},{"type":"Feature","geometry":{"type":"LineString","coordinates":[[11.2961,8.8488],[11.2962,8.8489]]},"properties":{"c":"t","r":"A12"}},{"type":"Feature","geometry":{"type":"LineString","coordinates":[[11.285,8.8189],[11.2951,8.839],[11.2961,8.8488]]},"properties":{"c":"t","r":"A12"}},{"type":"Feature","geometry":{"type":"LineString","coordinates":[[11.2661,8.7271],[11.2704,8.7624]]},"properties":{"c":"t","r":"A12"}},{"type":"Feature","geometry":{"type":"LineString","coordinates":[[11.257,8.6931],[11.257,8.6932]]},"properties":{"c":"t","r":"A12"}},{"type":"Feature","geometry":{"type":"LineString","coordinates":[[11.2969,8.8517],[11.2969,8.8518]]},"properties":{"c":"t","r":"A12"}},{"type":"Feature","geometry":{"type":"LineString","coordinates":[[11.2701,8.7825],[11.2723,8.7912]]},"properties":{"c":"t","r":"A12"}},{"type":"Feature","geometry":{"type":"LineString","coordinates":[[11.2727,8.7924],[11.2849,8.8188]]},"properties":{"c":"t","r":"A12"}},{"type":"Feature","geometry":{"type":"LineString","coordinates":[[11.2702,8.7824],[11.2701,8.7825]]},"properties":{"c":"t","r":"A12"}},{"type":"Feature","geometry":{"type":"LineString","coordinates":[[11.2709,8.7728],[11.2702,8.7824]]},"properties":{"c":"t","r":"A12"}},{"type":"Feature","geometry":{"type":"LineString","coordinates":[[11.257,8.6932],[11.2563,8.702],[11.2659,8.7268]]},"properties":{"c":"t","r":"A12"}},{"type":"Feature","geometry":{"type":"LineString","coordinates":[[11.2969,8.8518],[11.3002,8.8589],[11.3022,8.8847],[11.3097,8.8928],[11.314,8.9038]]},"properties":{"c":"t","r":"A12"}},{"type":"Feature","geometry":{"type":"LineString","coordinates":[[11.2709,8.7727],[11.2709,8.7728]]},"properties":{"c":"t","r":"A12"}},{"type":"Feature","geometry":{"type":"LineString","coordinates":[[11.2659,8.7268],[11.2661,8.7271]]},"properties":{"c":"t","r":"A12"}},{"type":"Feature","geometry":{"type":"LineString","coordinates":[[11.2849,8.8188],[11.285,8.8189]]},"properties":{"c":"t","r":"A12"}},{"type":"Feature","geometry":{"type":"LineString","coordinates":[[11.2723,8.7912],[11.2727,8.7924]]},"properties":{"c":"t","r":"A12"}},{"type":"Feature","geometry":{"type":"LineString","coordinates":[[11.2704,8.7626],[11.2709,8.7727]]},"properties":{"c":"t","r":"A12"}},{"type":"Feature","geometry":{"type":"LineString","coordinates":[[11.2962,8.8489],[11.2969,8.8517]]},"properties":{"c":"t","r":"A12"}},{"type":"Feature","geometry":{"type":"LineString","coordinates":[[11.2704,8.7624],[11.2704,8.7626]]},"properties":{"c":"t","r":"A12"}},{"type":"Feature","geometry":{"type":"LineString","coordinates":[[11.2382,8.608],[11.2384,8.6116]]},"properties":{"c":"t","r":"A12"}},{"type":"Feature","geometry":{"type":"LineString","coordinates":[[11.2384,8.6116],[11.2382,8.6126]]},"properties":{"c":"t","r":"A12"}},{"type":"Feature","geometry":{"type":"LineString","coordinates":[[11.2533,8.6688],[11.2533,8.6689]]},"properties":{"c":"t","r":"A12"}},{"type":"Feature","geometry":{"type":"LineString","coordinates":[[11.2382,8.6126],[11.249,8.6419],[11.2496,8.6518],[11.2547,8.6577],[11.2533,8.6688]]},"properties":{"c":"t","r":"A12"}},{"type":"Feature","geometry":{"type":"LineString","coordinates":[[11.1547,8.5418],[11.1643,8.5563],[11.1705,8.5587],[11.1958,8.5524],[11.218,8.5712],[11.2193,8.5833]]},"properties":{"c":"t","r":"A12"}},{"type":"Feature","geometry":{"type":"LineString","coordinates":[[11.2533,8.6689],[11.257,8.6931]]},"properties":{"c":"t","r":"A12"}},{"type":"Feature","geometry":{"type":"LineString","coordinates":[[3.8794,7.3903],[3.8815,7.3917]]},"properties":{"c":"t","r":"A5"}},{"type":"Feature","geometry":{"type":"LineString","coordinates":[[3.8794,7.3904],[3.8774,7.3886]]},"properties":{"c":"t","r":"A5"}},{"type":"Feature","geometry":{"type":"LineString","coordinates":[[11.1126,8.444],[11.1108,8.4499],[11.1136,8.4596]]},"properties":{"c":"t","r":"A12"}},{"type":"Feature","geometry":{"type":"LineString","coordinates":[[11.0679,8.398],[11.0681,8.3984]]},"properties":{"c":"t","r":"A12"}},{"type":"Feature","geometry":{"type":"LineString","coordinates":[[11.1126,8.4439],[11.1126,8.444]]},"properties":{"c":"t","r":"A12"}},{"type":"Feature","geometry":{"type":"LineString","coordinates":[[11.0681,8.3984],[11.0708,8.406],[11.1059,8.433],[11.1126,8.4439]]},"properties":{"c":"t","r":"A12"}},{"type":"Feature","geometry":{"type":"LineString","coordinates":[[11.1282,8.4891],[11.1506,8.5111],[11.1553,8.5267],[11.1536,8.54]]},"properties":{"c":"t","r":"A12"}},{"type":"Feature","geometry":{"type":"LineString","coordinates":[[11.1232,8.4794],[11.1236,8.4798]]},"properties":{"c":"t","r":"A12"}},{"type":"Feature","geometry":{"type":"LineString","coordinates":[[10.9843,8.1502],[10.9842,8.1507]]},"properties":{"c":"t","r":"A12"}},{"type":"Feature","geometry":{"type":"LineString","coordinates":[[11.053,8.2512],[11.0536,8.2521]]},"properties":{"c":"t","r":"A12"}},{"type":"Feature","geometry":{"type":"LineString","coordinates":[[11.0536,8.2521],[11.0664,8.2855],[11.0532,8.3054],[11.047,8.3259],[11.0507,8.3429],[11.05,8.3754],[11.0679,8.398]]},"properties":{"c":"t","r":"A12"}},{"type":"Feature","geometry":{"type":"LineString","coordinates":[[10.9842,8.1507],[10.985,8.1568],[11.0021,8.1705],[11.0069,8.1828],[11.0225,8.1942],[11.03,8.2193],[11.0505,8.237],[11.053,8.2512]]},"properties":{"c":"t","r":"A12"}},{"type":"Feature","geometry":{"type":"LineString","coordinates":[[10.9721,7.8586],[10.9721,7.859]]},"properties":{"c":"t","r":"A12"}},{"type":"Feature","geometry":{"type":"LineString","coordinates":[[10.9851,8.1199],[10.9851,8.1207]]},"properties":{"c":"t","r":"A12"}},{"type":"Feature","geometry":{"type":"LineString","coordinates":[[10.9721,7.859],[10.9719,7.8587]]},"properties":{"c":"t","r":"A12"}},{"type":"Feature","geometry":{"type":"LineString","coordinates":[[10.9836,7.9551],[10.9835,7.9556]]},"properties":{"c":"t","r":"A12"}},{"type":"Feature","geometry":{"type":"LineString","coordinates":[[10.9719,7.8587],[10.9704,7.8588]]},"properties":{"c":"t","r":"A12"}},{"type":"Feature","geometry":{"type":"LineString","coordinates":[[10.973,7.8646],[10.973,7.8759],[10.9894,7.9039],[10.9899,7.9321],[10.9836,7.9551]]},"properties":{"c":"t","r":"A12"}},{"type":"Feature","geometry":{"type":"LineString","coordinates":[[10.9704,7.8588],[10.9718,7.8585]]},"properties":{"c":"t","r":"A12"}},{"type":"Feature","geometry":{"type":"LineString","coordinates":[[10.9724,7.8612],[10.973,7.8646]]},"properties":{"c":"t","r":"A12"}},{"type":"Feature","geometry":{"type":"LineString","coordinates":[[10.9851,8.1207],[10.9843,8.1502]]},"properties":{"c":"t","r":"A12"}},{"type":"Feature","geometry":{"type":"LineString","coordinates":[[11.0103,8.0422],[11.0129,8.0562],[10.992,8.0841],[10.9851,8.1199]]},"properties":{"c":"t","r":"A12"}},{"type":"Feature","geometry":{"type":"LineString","coordinates":[[10.8281,7.8675],[10.8273,7.8676]]},"properties":{"c":"t","r":"A12"}},{"type":"Feature","geometry":{"type":"LineString","coordinates":[[9.9731,7.2516],[9.967,7.2508]]},"properties":{"c":"t","r":"A12"}},{"type":"Feature","geometry":{"type":"LineString","coordinates":[[10.8273,7.8676],[10.7474,7.8816],[10.741,7.8857]]},"properties":{"c":"t","r":"A12"}},{"type":"Feature","geometry":{"type":"LineString","coordinates":[[10.8869,7.8514],[10.8669,7.8592],[10.8281,7.8675]]},"properties":{"c":"t","r":"A12"}},{"type":"Feature","geometry":{"type":"LineString","coordinates":[[10.7399,7.886],[10.7395,7.8861]]},"properties":{"c":"t","r":"A12"}},{"type":"Feature","geometry":{"type":"LineString","coordinates":[[10.7395,7.8861],[10.6904,7.8988]]},"properties":{"c":"t","r":"A12"}},{"type":"Feature","geometry":{"type":"LineString","coordinates":[[10.3749,7.5338],[10.3564,7.4934],[10.3267,7.481],[10.3263,7.4701],[10.2978,7.4104]]},"properties":{"c":"t","r":"A12"}},{"type":"Feature","geometry":{"type":"LineString","coordinates":[[10.7409,7.8857],[10.7399,7.886]]},"properties":{"c":"t","r":"A12"}},{"type":"Feature","geometry":{"type":"LineString","coordinates":[[10.8878,7.8513],[10.8869,7.8514]]},"properties":{"c":"t","r":"A12"}},{"type":"Feature","geometry":{"type":"LineString","coordinates":[[10.741,7.8857],[10.7409,7.8857]]},"properties":{"c":"t","r":"A12"}},{"type":"Feature","geometry":{"type":"LineString","coordinates":[[13.2588,10.5187],[13.2596,10.5188]]},"properties":{"c":"t","r":"A13"}},{"type":"Feature","geometry":{"type":"LineString","coordinates":[[9.9004,7.2453],[9.8751,7.2384],[9.8547,7.2432],[9.8364,7.2525],[9.8198,7.2477],[9.7929,7.252],[9.7321,7.2371],[9.6863,7.233],[9.6715,7.2362],[9.6085,7.2284]]},"properties":{"c":"t","r":"A12"}},{"type":"Feature","geometry":{"type":"LineString","coordinates":[[9.9345,7.2439],[9.9344,7.2439]]},"properties":{"c":"t","r":"A12"}},{"type":"Feature","geometry":{"type":"LineString","coordinates":[[9.9669,7.2508],[9.9345,7.2439]]},"properties":{"c":"t","r":"A12"}},{"type":"Feature","geometry":{"type":"LineString","coordinates":[[9.967,7.2508],[9.9669,7.2508]]},"properties":{"c":"t","r":"A12"}},{"type":"Feature","geometry":{"type":"LineString","coordinates":[[9.9344,7.2439],[9.9211,7.2408],[9.9006,7.2454]]},"properties":{"c":"t","r":"A12"}},{"type":"Feature","geometry":{"type":"LineString","coordinates":[[9.9006,7.2454],[9.9004,7.2453]]},"properties":{"c":"t","r":"A12"}},{"type":"Feature","geometry":{"type":"LineString","coordinates":[[9.3978,7.1663],[9.3311,7.1606],[9.2932,7.1618]]},"properties":{"c":"t","r":"A12"}},{"type":"Feature","geometry":{"type":"LineString","coordinates":[[11.5488,9.0727],[11.5757,9.0553]]},"properties":{"c":"t","r":"A13"}},{"type":"Feature","geometry":{"type":"LineString","coordinates":[[11.5759,9.0552],[11.6074,9.0257],[11.613,9.0236]]},"properties":{"c":"t","r":"A13"}},{"type":"Feature","geometry":{"type":"LineString","coordinates":[[11.5485,9.0728],[11.5488,9.0727]]},"properties":{"c":"t","r":"A13"}},{"type":"Feature","geometry":{"type":"LineString","coordinates":[[11.5757,9.0553],[11.5759,9.0552]]},"properties":{"c":"t","r":"A13"}},{"type":"Feature","geometry":{"type":"LineString","coordinates":[[11.613,9.0236],[11.6132,9.0235]]},"properties":{"c":"t","r":"A13"}},{"type":"Feature","geometry":{"type":"LineString","coordinates":[[11.9155,8.9713],[11.9166,8.972]]},"properties":{"c":"t","r":"A13"}},{"type":"Feature","geometry":{"type":"LineString","coordinates":[[11.9834,8.9856],[11.984,8.9854]]},"properties":{"c":"t","r":"A13"}},{"type":"Feature","geometry":{"type":"LineString","coordinates":[[11.984,8.9854],[11.9927,8.9833],[12.0059,8.9874],[12.0231,9.0053],[12.0302,9.0064]]},"properties":{"c":"t","r":"A13"}},{"type":"Feature","geometry":{"type":"LineString","coordinates":[[11.9166,8.972],[11.9333,8.9809],[11.9553,8.9787],[11.9768,8.987],[11.9834,8.9856]]},"properties":{"c":"t","r":"A13"}},{"type":"Feature","geometry":{"type":"LineString","coordinates":[[11.7526,8.9905],[11.7878,8.9898],[11.8086,8.981],[11.8348,8.9806],[11.8585,8.973],[11.8835,8.9591],[11.8992,8.9595],[11.9155,8.9713]]},"properties":{"c":"t","r":"A13"}},{"type":"Feature","geometry":{"type":"LineString","coordinates":[[8.8808,9.8932],[8.883,9.8958]]},"properties":{"c":"t","r":"A236"}},{"type":"Feature","geometry":{"type":"LineString","coordinates":[[8.8794,9.8919],[8.8784,9.8908]]},"properties":{"c":"t","r":"A236"}},{"type":"Feature","geometry":{"type":"LineString","coordinates":[[8.8807,9.8933],[8.8806,9.8932]]},"properties":{"c":"t","r":"A236"}},{"type":"Feature","geometry":{"type":"LineString","coordinates":[[8.8807,9.8931],[8.8808,9.8932]]},"properties":{"c":"t","r":"A236"}},{"type":"Feature","geometry":{"type":"LineString","coordinates":[[8.8918,9.9017],[8.8949,9.9074],[8.8908,9.9213]]},"properties":{"c":"t","r":"A3"}},{"type":"Feature","geometry":{"type":"LineString","coordinates":[[8.8672,9.8495],[8.8656,9.8182]]},"properties":{"c":"t","r":"A3"}},{"type":"Feature","geometry":{"type":"LineString","coordinates":[[8.8804,9.891],[8.8806,9.8911]]},"properties":{"c":"t","r":"A3"}},{"type":"Feature","geometry":{"type":"LineString","coordinates":[[8.8806,9.8912],[8.8804,9.8911]]},"properties":{"c":"t","r":"A3"}},{"type":"Feature","geometry":{"type":"LineString","coordinates":[[12.2161,9.286],[12.2163,9.2863]]},"properties":{"c":"t","r":"A13"}},{"type":"Feature","geometry":{"type":"LineString","coordinates":[[12.2163,9.2863],[12.2323,9.3005]]},"properties":{"c":"t","r":"A13"}},{"type":"Feature","geometry":{"type":"LineString","coordinates":[[12.6143,9.8592],[12.6143,9.8587]]},"properties":{"c":"t","r":"A13"}},{"type":"Feature","geometry":{"type":"LineString","coordinates":[[12.587,9.7736],[12.5866,9.7731]]},"properties":{"c":"t","r":"A13"}},{"type":"Feature","geometry":{"type":"LineString","coordinates":[[12.6143,9.8587],[12.6129,9.8401],[12.6186,9.8193],[12.607,9.7961],[12.597,9.7818],[12.587,9.7736]]},"properties":{"c":"t","r":"A13"}},{"type":"Feature","geometry":{"type":"LineString","coordinates":[[12.5866,9.7731],[12.578,9.7622],[12.5698,9.7434]]},"properties":{"c":"t","r":"A13"}},{"type":"Feature","geometry":{"type":"LineString","coordinates":[[12.6555,10.0081],[12.6554,10.0079]]},"properties":{"c":"t","r":"A13"}},{"type":"Feature","geometry":{"type":"LineString","coordinates":[[12.7373,10.1508],[12.7369,10.1508]]},"properties":{"c":"t","r":"A13"}},{"type":"Feature","geometry":{"type":"LineString","coordinates":[[12.7368,10.1504],[12.7369,10.1508]]},"properties":{"c":"t","r":"A13"}},{"type":"Feature","geometry":{"type":"LineString","coordinates":[[12.7368,10.1508],[12.7368,10.1504]]},"properties":{"c":"t","r":"A13"}},{"type":"Feature","geometry":{"type":"LineString","coordinates":[[12.7368,10.1504],[12.7358,10.1421],[12.7271,10.1304],[12.7077,10.1219],[12.6954,10.1095],[12.6756,10.0984],[12.6729,10.0835],[12.6753,10.0707],[12.6555,10.0081]]},"properties":{"c":"t","r":"A13"}},{"type":"Feature","geometry":{"type":"LineString","coordinates":[[12.7369,10.1508],[12.7373,10.1508]]},"properties":{"c":"t","r":"A13"}},{"type":"Feature","geometry":{"type":"LineString","coordinates":[[13.0068,10.2403],[13.0066,10.2402]]},"properties":{"c":"t","r":"A13"}},{"type":"Feature","geometry":{"type":"LineString","coordinates":[[6.4288,10.5092],[6.4287,10.5087]]},"properties":{"c":"t","r":"A125"}},{"type":"Feature","geometry":{"type":"LineString","coordinates":[[6.4287,10.5087],[6.4151,10.4423],[6.4086,10.4345]]},"properties":{"c":"t","r":"A125"}},{"type":"Feature","geometry":{"type":"LineString","coordinates":[[13.0066,10.2402],[12.9814,10.2284],[12.9724,10.2299],[12.9652,10.2437],[12.9562,10.2369],[12.9484,10.2378],[12.9282,10.2306],[12.9186,10.2253],[12.9144,10.2191],[12.911,10.2062],[12.9114,10.1875],[12.8735,10.1713],[12.858,10.1777],[12.8398,10.1739],[12.8165,10.1769],[12.8052,10.1696],[12.7983,10.1547],[12.7904,10.1469],[12.7679,10.1462],[12.7373,10.1508]]},"properties":{"c":"t","r":"A13"}},{"type":"Feature","geometry":{"type":"LineString","coordinates":[[6.5803,12.2656],[6.5801,12.2658]]},"properties":{"c":"t","r":"A126"}},{"type":"Feature","geometry":{"type":"LineString","coordinates":[[6.5801,12.2658],[6.5726,12.2781],[6.5692,12.2789],[6.5573,12.2598]]},"properties":{"c":"t","r":"A126"}},{"type":"Feature","geometry":{"type":"LineString","coordinates":[[6.6602,12.1925],[6.6518,12.1996]]},"properties":{"c":"t","r":"A126"}},{"type":"Feature","geometry":{"type":"LineString","coordinates":[[6.6518,12.1996],[6.6601,12.1924]]},"properties":{"c":"t","r":"A126"}},{"type":"Feature","geometry":{"type":"LineString","coordinates":[[13.2923,10.5476],[13.2928,10.5483]]},"properties":{"c":"t","r":"A13"}},{"type":"Feature","geometry":{"type":"LineString","coordinates":[[13.2434,10.5123],[13.2588,10.5187]]},"properties":{"c":"t","r":"A13"}},{"type":"Feature","geometry":{"type":"LineString","coordinates":[[13.2434,10.512],[13.2434,10.5123]]},"properties":{"c":"t","r":"A13"}},{"type":"Feature","geometry":{"type":"LineString","coordinates":[[13.2928,10.5483],[13.3328,10.5741],[13.3571,10.5988],[13.3863,10.6141],[13.3944,10.6251],[13.3958,10.6386],[13.3879,10.6605],[13.3831,10.7009],[13.3848,10.7077]]},"properties":{"c":"t","r":"A13"}},{"type":"Feature","geometry":{"type":"LineString","coordinates":[[13.1651,10.3652],[13.1653,10.3656]]},"properties":{"c":"t","r":"A13"}},{"type":"Feature","geometry":{"type":"LineString","coordinates":[[6.6948,12.1824],[6.7007,12.1774],[6.7115,12.1497]]},"properties":{"c":"t","r":"A126"}},{"type":"Feature","geometry":{"type":"LineString","coordinates":[[6.7155,12.149],[6.7118,12.1497]]},"properties":{"c":"t","r":"A126"}},{"type":"Feature","geometry":{"type":"LineString","coordinates":[[7.446,9.0342],[7.4316,9.0235]]},"properties":{"c":"m","r":""}},{"type":"Feature","geometry":{"type":"LineString","coordinates":[[7.2911,8.9439],[7.2752,8.9491]]},"properties":{"c":"t","r":""}},{"type":"Feature","geometry":{"type":"LineString","coordinates":[[7.2545,8.9564],[7.2554,8.9561]]},"properties":{"c":"t","r":""}},{"type":"Feature","geometry":{"type":"LineString","coordinates":[[7.3094,8.9392],[7.3099,8.9392]]},"properties":{"c":"t","r":""}},{"type":"Feature","geometry":{"type":"LineString","coordinates":[[7.2918,8.9437],[7.2911,8.9439]]},"properties":{"c":"t","r":""}},{"type":"Feature","geometry":{"type":"LineString","coordinates":[[7.291,8.9434],[7.2916,8.9432]]},"properties":{"c":"t","r":""}},{"type":"Feature","geometry":{"type":"LineString","coordinates":[[7.2556,8.9566],[7.2547,8.9569]]},"properties":{"c":"t","r":""}},{"type":"Feature","geometry":{"type":"LineString","coordinates":[[7.4192,9.0099],[7.4217,9.0126]]},"properties":{"c":"t","r":""}},{"type":"Feature","geometry":{"type":"LineString","coordinates":[[7.2547,8.9569],[7.2473,8.9601]]},"properties":{"c":"t","r":""}},{"type":"Feature","geometry":{"type":"LineString","coordinates":[[7.2916,8.9432],[7.3094,8.9392]]},"properties":{"c":"t","r":""}},{"type":"Feature","geometry":{"type":"LineString","coordinates":[[7.2554,8.9561],[7.2599,8.9544]]},"properties":{"c":"t","r":""}},{"type":"Feature","geometry":{"type":"LineString","coordinates":[[13.3848,10.7077],[13.385,10.7081]]},"properties":{"c":"t","r":"A13"}},{"type":"Feature","geometry":{"type":"LineString","coordinates":[[13.4201,10.7503],[13.4295,10.7583],[13.4272,10.7724],[13.432,10.7838]]},"properties":{"c":"t","r":"A13"}},{"type":"Feature","geometry":{"type":"LineString","coordinates":[[13.4194,10.7499],[13.4201,10.7503]]},"properties":{"c":"t","r":"A13"}},{"type":"Feature","geometry":{"type":"LineString","coordinates":[[13.385,10.7081],[13.4059,10.7281],[13.4132,10.744],[13.4194,10.7499]]},"properties":{"c":"t","r":"A13"}},{"type":"Feature","geometry":{"type":"LineString","coordinates":[[13.4321,10.7839],[13.4527,10.8023],[13.4587,10.8111],[13.463,10.8267],[13.4867,10.8453],[13.4893,10.8507]]},"properties":{"c":"t","r":"A13"}},{"type":"Feature","geometry":{"type":"LineString","coordinates":[[13.4893,10.8508],[13.4941,10.8586],[13.5141,10.8654]]},"properties":{"c":"t","r":"A13"}},{"type":"Feature","geometry":{"type":"LineString","coordinates":[[13.432,10.7838],[13.4321,10.7839]]},"properties":{"c":"t","r":"A13"}},{"type":"Feature","geometry":{"type":"LineString","coordinates":[[13.4893,10.8507],[13.4893,10.8508]]},"properties":{"c":"t","r":"A13"}},{"type":"Feature","geometry":{"type":"LineString","coordinates":[[13.5424,10.8727],[13.5425,10.8727]]},"properties":{"c":"t","r":"A13"}},{"type":"Feature","geometry":{"type":"LineString","coordinates":[[13.5338,10.8717],[13.5339,10.8718]]},"properties":{"c":"t","r":"A13"}},{"type":"Feature","geometry":{"type":"LineString","coordinates":[[13.5552,10.873],[13.5554,10.8731]]},"properties":{"c":"t","r":"A13"}},{"type":"Feature","geometry":{"type":"LineString","coordinates":[[13.5339,10.8718],[13.5424,10.8727]]},"properties":{"c":"t","r":"A13"}},{"type":"Feature","geometry":{"type":"LineString","coordinates":[[13.5425,10.8727],[13.5552,10.873]]},"properties":{"c":"t","r":"A13"}},{"type":"Feature","geometry":{"type":"LineString","coordinates":[[13.5141,10.8654],[13.5143,10.8654]]},"properties":{"c":"t","r":"A13"}},{"type":"Feature","geometry":{"type":"LineString","coordinates":[[13.6475,10.9255],[13.6476,10.9257]]},"properties":{"c":"t","r":"A13"}},{"type":"Feature","geometry":{"type":"LineString","coordinates":[[13.6673,10.9721],[13.6675,10.9723]]},"properties":{"c":"t","r":"A13"}},{"type":"Feature","geometry":{"type":"LineString","coordinates":[[13.5554,10.8731],[13.6224,10.8938],[13.6326,10.9006]]},"properties":{"c":"t","r":"A13"}},{"type":"Feature","geometry":{"type":"LineString","coordinates":[[13.5143,10.8654],[13.5338,10.8717]]},"properties":{"c":"t","r":"A13"}},{"type":"Feature","geometry":{"type":"LineString","coordinates":[[13.6476,10.9257],[13.6673,10.9721]]},"properties":{"c":"t","r":"A13"}},{"type":"Feature","geometry":{"type":"LineString","coordinates":[[13.6992,11.1205],[13.6991,11.1204]]},"properties":{"c":"t","r":"A13"}},{"type":"Feature","geometry":{"type":"LineString","coordinates":[[13.6917,11.0847],[13.6917,11.0845]]},"properties":{"c":"t","r":"A13"}},{"type":"Feature","geometry":{"type":"LineString","coordinates":[[13.6991,11.1204],[13.6933,11.1132],[13.6917,11.0847]]},"properties":{"c":"t","r":"A13"}},{"type":"Feature","geometry":{"type":"LineString","coordinates":[[13.6917,11.0845],[13.6904,11.0656],[13.6675,10.9723]]},"properties":{"c":"t","r":"A13"}},{"type":"Feature","geometry":{"type":"LineString","coordinates":[[13.7611,11.4175],[13.7646,11.4032],[13.7624,11.3271],[13.7813,11.2841],[13.7852,11.2658],[13.7804,11.2233]]},"properties":{"c":"t","r":"A13"}},{"type":"Feature","geometry":{"type":"LineString","coordinates":[[13.761,11.4176],[13.7611,11.4175]]},"properties":{"c":"t","r":"A13"}},{"type":"Feature","geometry":{"type":"LineString","coordinates":[[3.939,7.4032],[3.9389,7.4032]]},"properties":{"c":"t","r":"A122"}},{"type":"Feature","geometry":{"type":"LineString","coordinates":[[3.9389,7.4032],[3.9263,7.4036]]},"properties":{"c":"t","r":"A122"}},{"type":"Feature","geometry":{"type":"LineString","coordinates":[[3.939,7.4031],[3.9429,7.4036]]},"properties":{"c":"t","r":"A122"}},{"type":"Feature","geometry":{"type":"LineString","coordinates":[[3.9263,7.4036],[3.9048,7.386]]},"properties":{"c":"t","r":"A122"}},{"type":"Feature","geometry":{"type":"LineString","coordinates":[[3.9262,7.4036],[3.9389,7.4032]]},"properties":{"c":"t","r":"A122"}},{"type":"Feature","geometry":{"type":"LineString","coordinates":[[3.9389,7.4032],[3.939,7.4031]]},"properties":{"c":"t","r":"A122"}},{"type":"Feature","geometry":{"type":"LineString","coordinates":[[4.0096,7.3826],[4.0094,7.3825]]},"properties":{"c":"t","r":"A122"}},{"type":"Feature","geometry":{"type":"LineString","coordinates":[[4.0094,7.3825],[3.995,7.3817],[3.9688,7.3938],[3.955,7.3947],[3.9447,7.4033]]},"properties":{"c":"t","r":"A122"}},{"type":"Feature","geometry":{"type":"LineString","coordinates":[[4.0094,7.3823],[4.0097,7.3823]]},"properties":{"c":"t","r":"A122"}},{"type":"Feature","geometry":{"type":"LineString","coordinates":[[4.0344,7.3768],[4.0096,7.3826]]},"properties":{"c":"t","r":"A122"}},{"type":"Feature","geometry":{"type":"LineString","coordinates":[[4.0097,7.3823],[4.0344,7.3766]]},"properties":{"c":"t","r":"A122"}},{"type":"Feature","geometry":{"type":"LineString","coordinates":[[4.1785,7.377],[4.1898,7.3827],[4.2136,7.387],[4.23,7.4035]]},"properties":{"c":"t","r":"A122"}},{"type":"Feature","geometry":{"type":"LineString","coordinates":[[4.1785,7.3771],[4.1487,7.3541],[4.1321,7.3579]]},"properties":{"c":"t","r":"A122"}},{"type":"Feature","geometry":{"type":"LineString","coordinates":[[5.3793,7.2599],[5.4184,7.272],[5.4357,7.272],[5.4789,7.2605],[5.5072,7.2402],[5.5327,7.2317],[5.5505,7.2213],[5.5963,7.2209],[5.6078,7.2157],[5.6217,7.1956],[5.6248,7.1684],[5.6354,7.1525],[5.6367,7.1407],[5.6547,7.1275],[5.6641,7.0796],[5.6831,7.058],[5.6969,7.0325],[5.7097,7.021],[5.7631,6.9359],[5.7663,6.9253]]},"properties":{"c":"t","r":"A122"}},{"type":"Feature","geometry":{"type":"LineString","coordinates":[[4.8212,7.6191],[4.8347,7.6183],[4.866,7.6036],[4.8672,7.5801],[4.8765,7.5704],[4.8908,7.5244],[4.889,7.4968],[4.9061,7.47],[4.9119,7.4502],[4.9169,7.4443]]},"properties":{"c":"t","r":"A122"}},{"type":"Feature","geometry":{"type":"LineString","coordinates":[[4.6625,8.3975],[4.6621,8.3976]]},"properties":{"c":"t","r":"A123"}},{"type":"Feature","geometry":{"type":"LineString","coordinates":[[4.571,8.4642],[4.571,8.4643]]},"properties":{"c":"t","r":"A123"}},{"type":"Feature","geometry":{"type":"LineString","coordinates":[[4.571,8.4643],[4.5629,8.4803]]},"properties":{"c":"t","r":"A123"}},{"type":"Feature","geometry":{"type":"LineString","coordinates":[[4.6907,8.3898],[4.6625,8.3975]]},"properties":{"c":"t","r":"A123"}},{"type":"Feature","geometry":{"type":"LineString","coordinates":[[4.5709,8.4643],[4.581,8.4534]]},"properties":{"c":"t","r":"A123"}},{"type":"Feature","geometry":{"type":"LineString","coordinates":[[4.5708,8.4644],[4.5709,8.4643]]},"properties":{"c":"t","r":"A123"}},{"type":"Feature","geometry":{"type":"LineString","coordinates":[[4.5941,8.4342],[4.597,8.4278]]},"properties":{"c":"t","r":"A123"}},{"type":"Feature","geometry":{"type":"LineString","coordinates":[[4.8163,8.2473],[4.808,8.2491]]},"properties":{"c":"t","r":"A123"}},{"type":"Feature","geometry":{"type":"LineString","coordinates":[[4.808,8.2491],[4.799,8.2734],[4.775,8.2909],[4.7668,8.3148],[4.7514,8.3308],[4.7405,8.3372],[4.7109,8.377],[4.6907,8.3898]]},"properties":{"c":"t","r":"A123"}},{"type":"Feature","geometry":{"type":"LineString","coordinates":[[5.041,8.1777],[5.0354,8.1954],[5.0103,8.2062],[4.9899,8.2282],[4.975,8.232],[4.9476,8.2311],[4.919,8.2363],[4.905,8.2318],[4.8864,8.2316],[4.8547,8.2414],[4.8373,8.2413],[4.8168,8.2473]]},"properties":{"c":"t","r":"A123"}},{"type":"Feature","geometry":{"type":"LineString","coordinates":[[6.4118,7.9264],[6.4004,7.9266],[6.3756,7.9377],[6.3094,7.9227],[6.2852,7.9224],[6.2462,7.9149],[6.1994,7.894],[6.1647,7.8604]]},"properties":{"c":"t","r":"A123"}},{"type":"Feature","geometry":{"type":"LineString","coordinates":[[6.412,7.9263],[6.4118,7.9264]]},"properties":{"c":"t","r":"A123"}},{"type":"Feature","geometry":{"type":"LineString","coordinates":[[6.1647,7.8604],[6.1589,7.8543],[6.144,7.8475],[6.0927,7.8403]]},"properties":{"c":"t","r":"A123"}},{"type":"Feature","geometry":{"type":"LineString","coordinates":[[6.5286,7.8645],[6.508,7.8722],[6.4816,7.8736],[6.4594,7.8838],[6.4349,7.9183],[6.425,7.9239],[6.412,7.9263]]},"properties":{"c":"t","r":"A123"}},{"type":"Feature","geometry":{"type":"LineString","coordinates":[[6.529,7.8644],[6.5286,7.8645]]},"properties":{"c":"t","r":"A123"}},{"type":"Feature","geometry":{"type":"LineString","coordinates":[[5.8953,8.1524],[5.8943,8.1589]]},"properties":{"c":"t","r":"A123"}},{"type":"Feature","geometry":{"type":"LineString","coordinates":[[5.8953,8.1522],[5.8953,8.1524]]},"properties":{"c":"t","r":"A123"}},{"type":"Feature","geometry":{"type":"LineString","coordinates":[[5.6692,8.2848],[5.6688,8.2853]]},"properties":{"c":"t","r":"A123"}},{"type":"Feature","geometry":{"type":"LineString","coordinates":[[5.7139,9.2117],[5.7247,9.2086],[5.7427,9.1963],[5.7781,9.1587],[5.8217,9.1437],[5.8337,9.1453]]},"properties":{"c":"t","r":"A124"}},{"type":"Feature","geometry":{"type":"LineString","coordinates":[[6.0213,9.0951],[6.0304,9.0855],[6.0547,9.0758],[6.0887,9.069],[6.1079,9.0714]]},"properties":{"c":"t","r":"A124"}},{"type":"Feature","geometry":{"type":"LineString","coordinates":[[6.9524,9.2585],[6.9934,9.2787],[6.9978,9.2702]]},"properties":{"c":"t","r":"A124"}},{"type":"Feature","geometry":{"type":"LineString","coordinates":[[6.8552,9.2104],[6.886,9.2274],[6.8942,9.2354],[6.9367,9.2492],[6.9522,9.2584]]},"properties":{"c":"t","r":"A124"}},{"type":"Feature","geometry":{"type":"LineString","coordinates":[[6.4005,9.0287],[6.412,9.0309],[6.4303,9.0286],[6.4692,9.0338],[6.5092,9.0473],[6.5621,9.0436],[6.582,9.0484],[6.5947,9.048],[6.6238,9.0577],[6.6404,9.0592],[6.6509,9.0562],[6.676,9.061],[6.708,9.0605]]},"properties":{"c":"t","r":"A124"}},{"type":"Feature","geometry":{"type":"LineString","coordinates":[[6.2536,9.044],[6.28,9.0342],[6.3105,9.0133],[6.4005,9.0287]]},"properties":{"c":"t","r":"A124"}},{"type":"Feature","geometry":{"type":"LineString","coordinates":[[6.9522,9.2584],[6.9524,9.2585]]},"properties":{"c":"t","r":"A124"}},{"type":"Feature","geometry":{"type":"LineString","coordinates":[[7.1589,9.2477],[7.1537,9.2579],[7.1331,9.2727],[7.1148,9.2757],[7.1051,9.2706],[7.088,9.2722],[7.0808,9.2688]]},"properties":{"c":"t","r":"A124"}},{"type":"Feature","geometry":{"type":"LineString","coordinates":[[7.0806,9.2685],[7.0662,9.2608]]},"properties":{"c":"t","r":"A124"}},{"type":"Feature","geometry":{"type":"LineString","coordinates":[[7.0808,9.2688],[7.0806,9.2685]]},"properties":{"c":"t","r":"A124"}},{"type":"Feature","geometry":{"type":"LineString","coordinates":[[7.0662,9.2608],[7.066,9.2607]]},"properties":{"c":"t","r":"A124"}},{"type":"Feature","geometry":{"type":"LineString","coordinates":[[7.1832,9.1718],[7.1835,9.1713]]},"properties":{"c":"t","r":"A124"}},{"type":"Feature","geometry":{"type":"LineString","coordinates":[[7.1835,9.1713],[7.202,9.1421],[7.2074,9.1257],[7.213,9.1187],[7.2143,9.1085]]},"properties":{"c":"t","r":"A124"}},{"type":"Feature","geometry":{"type":"LineString","coordinates":[[7.4934,9.0523],[7.4938,9.0516]]},"properties":{"c":"t","r":""}},{"type":"Feature","geometry":{"type":"LineString","coordinates":[[7.4931,9.0528],[7.4934,9.0523]]},"properties":{"c":"t","r":""}},{"type":"Feature","geometry":{"type":"LineString","coordinates":[[7.4914,9.0595],[7.4911,9.06]]},"properties":{"c":"t","r":""}},{"type":"Feature","geometry":{"type":"LineString","coordinates":[[7.4911,9.06],[7.49,9.0616]]},"properties":{"c":"t","r":""}},{"type":"Feature","geometry":{"type":"LineString","coordinates":[[7.4895,9.0583],[7.4927,9.0533]]},"properties":{"c":"t","r":""}},{"type":"Feature","geometry":{"type":"LineString","coordinates":[[5.4915,10.4132],[5.4915,10.4132]]},"properties":{"c":"t","r":"A125"}},{"type":"Feature","geometry":{"type":"LineString","coordinates":[[5.469,10.4018],[5.469,10.4018]]},"properties":{"c":"t","r":"A125"}},{"type":"Feature","geometry":{"type":"LineString","coordinates":[[5.4913,10.4131],[5.4778,10.4038],[5.4693,10.4017]]},"properties":{"c":"t","r":"A125"}},{"type":"Feature","geometry":{"type":"LineString","coordinates":[[5.446,10.3998],[5.4689,10.4016]]},"properties":{"c":"t","r":"A125"}},{"type":"Feature","geometry":{"type":"LineString","coordinates":[[5.4915,10.413],[5.4922,10.4131]]},"properties":{"c":"t","r":"A125"}},{"type":"Feature","geometry":{"type":"LineString","coordinates":[[5.4693,10.4016],[5.478,10.4038],[5.4914,10.413]]},"properties":{"c":"t","r":"A125"}},{"type":"Feature","geometry":{"type":"LineString","coordinates":[[5.469,10.4018],[5.446,10.3999]]},"properties":{"c":"t","r":"A125"}},{"type":"Feature","geometry":{"type":"LineString","coordinates":[[5.4922,10.4131],[5.4915,10.4132]]},"properties":{"c":"t","r":"A125"}},{"type":"Feature","geometry":{"type":"LineString","coordinates":[[5.5597,10.387],[5.5755,10.372]]},"properties":{"c":"t","r":"A125"}},{"type":"Feature","geometry":{"type":"LineString","coordinates":[[5.5595,10.3871],[5.5597,10.387]]},"properties":{"c":"t","r":"A125"}},{"type":"Feature","geometry":{"type":"LineString","coordinates":[[5.6712,10.2918],[5.6715,10.2918]]},"properties":{"c":"t","r":"A125"}},{"type":"Feature","geometry":{"type":"LineString","coordinates":[[5.6715,10.2918],[5.6867,10.2921],[5.7144,10.2829],[5.7256,10.2843]]},"properties":{"c":"t","r":"A125"}},{"type":"Feature","geometry":{"type":"LineString","coordinates":[[7.4962,6.3767],[7.494,6.3672]]},"properties":{"c":"t","r":"A3-1"}},{"type":"Feature","geometry":{"type":"LineString","coordinates":[[5.7256,10.2843],[5.7257,10.2842]]},"properties":{"c":"t","r":"A125"}},{"type":"Feature","geometry":{"type":"LineString","coordinates":[[5.7257,10.2842],[5.738,10.2827],[5.7729,10.2863],[5.7867,10.2811],[5.79,10.2751],[5.8081,10.2616],[5.8182,10.2663],[5.8277,10.2662],[5.8324,10.2626],[5.836,10.2525],[5.8485,10.2431],[5.8523,10.2318],[5.8599,10.226],[5.8772,10.2001],[5.8883,10.1904],[5.9007,10.1867],[5.9306,10.1904],[5.943,10.1766],[5.9479,10.1619],[5.9547,10.1587],[5.9556,10.1548],[5.964,10.1537],[5.9745,10.1472]]},"properties":{"c":"t","r":"A125"}},{"type":"Feature","geometry":{"type":"LineString","coordinates":[[6.0307,10.1322],[5.9974,10.1431],[5.9817,10.1417]]},"properties":{"c":"t","r":"A125"}},{"type":"Feature","geometry":{"type":"LineString","coordinates":[[5.9817,10.1417],[5.9745,10.1472]]},"properties":{"c":"t","r":"A125"}},{"type":"Feature","geometry":{"type":"LineString","coordinates":[[6.032,10.1323],[6.0307,10.1322]]},"properties":{"c":"t","r":"A125"}},{"type":"Feature","geometry":{"type":"LineString","coordinates":[[6.2538,10.1844],[6.2538,10.1844]]},"properties":{"c":"t","r":"A125"}},{"type":"Feature","geometry":{"type":"LineString","coordinates":[[6.2538,10.1844],[6.2511,10.1801],[6.2336,10.1746],[6.2214,10.1584],[6.2097,10.1108],[6.2023,10.0957]]},"properties":{"c":"t","r":"A125"}},{"type":"Feature","geometry":{"type":"LineString","coordinates":[[6.2023,10.0956],[6.1871,10.0677],[6.1836,10.0678],[6.1747,10.082]]},"properties":{"c":"t","r":"A125"}},{"type":"Feature","geometry":{"type":"LineString","coordinates":[[7.5437,6.4611],[7.5671,6.4551],[7.584,6.4625]]},"properties":{"c":"t","r":"A343"}},{"type":"Feature","geometry":{"type":"LineString","coordinates":[[6.2564,10.1907],[6.2563,10.1905]]},"properties":{"c":"t","r":"A125"}},{"type":"Feature","geometry":{"type":"LineString","coordinates":[[6.29,10.2693],[6.2689,10.2378],[6.2678,10.2138],[6.2595,10.2035],[6.2564,10.1907]]},"properties":{"c":"t","r":"A125"}},{"type":"Feature","geometry":{"type":"LineString","coordinates":[[6.2563,10.1905],[6.2538,10.1844]]},"properties":{"c":"t","r":"A125"}},{"type":"Feature","geometry":{"type":"LineString","coordinates":[[7.0116,10.6321],[7.0041,10.6323],[6.9933,10.6368],[6.9884,10.6423],[6.9728,10.647],[6.9416,10.6358],[6.924,10.633]]},"properties":{"c":"t","r":"A125"}},{"type":"Feature","geometry":{"type":"LineString","coordinates":[[7.073,10.637],[7.0729,10.637]]},"properties":{"c":"t","r":"A125"}},{"type":"Feature","geometry":{"type":"LineString","coordinates":[[6.2901,10.2694],[6.29,10.2693]]},"properties":{"c":"t","r":"A125"}},{"type":"Feature","geometry":{"type":"LineString","coordinates":[[6.3113,10.3049],[6.3075,10.2936],[6.2929,10.2801],[6.2901,10.2694]]},"properties":{"c":"t","r":"A125"}},{"type":"Feature","geometry":{"type":"LineString","coordinates":[[6.3557,10.3577],[6.3477,10.3408],[6.3333,10.3277]]},"properties":{"c":"t","r":"A125"}},{"type":"Feature","geometry":{"type":"LineString","coordinates":[[6.4084,10.4343],[6.4048,10.4322],[6.4006,10.4148],[6.3558,10.358]]},"properties":{"c":"t","r":"A125"}},{"type":"Feature","geometry":{"type":"LineString","coordinates":[[6.3309,10.3259],[6.315,10.3132],[6.3113,10.3049]]},"properties":{"c":"t","r":"A125"}},{"type":"Feature","geometry":{"type":"LineString","coordinates":[[6.3558,10.358],[6.3557,10.3577]]},"properties":{"c":"t","r":"A125"}},{"type":"Feature","geometry":{"type":"LineString","coordinates":[[6.4086,10.4345],[6.4084,10.4343]]},"properties":{"c":"t","r":"A125"}},{"type":"Feature","geometry":{"type":"LineString","coordinates":[[6.4423,10.5476],[6.437,10.5324]]},"properties":{"c":"t","r":"A125"}},{"type":"Feature","geometry":{"type":"LineString","coordinates":[[6.4361,10.5248],[6.4288,10.5092]]},"properties":{"c":"t","r":"A125"}},{"type":"Feature","geometry":{"type":"LineString","coordinates":[[6.4689,10.5818],[6.4423,10.5476]]},"properties":{"c":"t","r":"A125"}},{"type":"Feature","geometry":{"type":"LineString","coordinates":[[6.924,10.633],[6.924,10.6331]]},"properties":{"c":"t","r":"A125"}},{"type":"Feature","geometry":{"type":"LineString","coordinates":[[6.924,10.6331],[6.9105,10.6381],[6.9067,10.6489],[6.8924,10.6624],[6.8782,10.6643],[6.8678,10.6547]]},"properties":{"c":"t","r":"A125"}},{"type":"Feature","geometry":{"type":"LineString","coordinates":[[6.5252,10.6443],[6.5094,10.625],[6.5018,10.6221],[6.483,10.6052]]},"properties":{"c":"t","r":"A125"}},{"type":"Feature","geometry":{"type":"LineString","coordinates":[[6.7436,10.7276],[6.7337,10.7313],[6.7101,10.7222],[6.6925,10.7116],[6.6749,10.6955],[6.632,10.7136],[6.6012,10.6996],[6.5912,10.6862],[6.5689,10.68],[6.5408,10.6643],[6.5269,10.6465]]},"properties":{"c":"t","r":"A125"}},{"type":"Feature","geometry":{"type":"LineString","coordinates":[[6.3663,12.3538],[6.3664,12.3537]]},"properties":{"c":"t","r":"A126"}},{"type":"Feature","geometry":{"type":"LineString","coordinates":[[6.5029,12.2488],[6.5163,12.2481]]},"properties":{"c":"t","r":"A126"}},{"type":"Feature","geometry":{"type":"LineString","coordinates":[[6.3437,12.3495],[6.3565,12.3511]]},"properties":{"c":"t","r":"A126"}},{"type":"Feature","geometry":{"type":"LineString","coordinates":[[6.3611,12.3531],[6.3612,12.3531]]},"properties":{"c":"t","r":"A126"}},{"type":"Feature","geometry":{"type":"LineString","coordinates":[[6.4227,12.3063],[6.4344,12.2975]]},"properties":{"c":"t","r":"A126"}},{"type":"Feature","geometry":{"type":"LineString","coordinates":[[6.3889,12.3347],[6.3995,12.3295]]},"properties":{"c":"t","r":"A126"}},{"type":"Feature","geometry":{"type":"LineString","coordinates":[[6.4931,12.2498],[6.4932,12.2498]]},"properties":{"c":"t","r":"A126"}},{"type":"Feature","geometry":{"type":"LineString","coordinates":[[6.3404,12.3483],[6.3376,12.3468]]},"properties":{"c":"t","r":"A126"}},{"type":"Feature","geometry":{"type":"LineString","coordinates":[[6.5163,12.2481],[6.5168,12.248]]},"properties":{"c":"t","r":"A126"}},{"type":"Feature","geometry":{"type":"LineString","coordinates":[[6.4345,12.2975],[6.4407,12.2922],[6.4437,12.278],[6.4405,12.2721],[6.4452,12.2644]]},"properties":{"c":"t","r":"A126"}},{"type":"Feature","geometry":{"type":"LineString","coordinates":[[6.3756,12.3433],[6.3779,12.3409]]},"properties":{"c":"t","r":"A126"}},{"type":"Feature","geometry":{"type":"LineString","coordinates":[[6.3405,12.3481],[6.3408,12.3483]]},"properties":{"c":"t","r":"A126"}},{"type":"Feature","geometry":{"type":"LineString","coordinates":[[5.9854,12.5766],[6.0182,12.5779]]},"properties":{"c":"t","r":"A126"}},{"type":"Feature","geometry":{"type":"LineString","coordinates":[[6.3408,12.3483],[6.3437,12.3495]]},"properties":{"c":"t","r":"A126"}},{"type":"Feature","geometry":{"type":"LineString","coordinates":[[6.3755,12.3434],[6.3756,12.3433]]},"properties":{"c":"t","r":"A126"}},{"type":"Feature","geometry":{"type":"LineString","coordinates":[[6.3627,12.3537],[6.3663,12.3538]]},"properties":{"c":"t","r":"A126"}},{"type":"Feature","geometry":{"type":"LineString","coordinates":[[6.3626,12.3537],[6.3627,12.3537]]},"properties":{"c":"t","r":"A126"}},{"type":"Feature","geometry":{"type":"LineString","coordinates":[[6.3779,12.3409],[6.378,12.3408]]},"properties":{"c":"t","r":"A126"}},{"type":"Feature","geometry":{"type":"LineString","coordinates":[[6.3376,12.3468],[6.3405,12.3481]]},"properties":{"c":"t","r":"A126"}},{"type":"Feature","geometry":{"type":"LineString","coordinates":[[6.3664,12.3537],[6.3755,12.3434]]},"properties":{"c":"t","r":"A126"}},{"type":"Feature","geometry":{"type":"LineString","coordinates":[[6.3999,12.3293],[6.405,12.3269],[6.4092,12.315],[6.4226,12.3064]]},"properties":{"c":"t","r":"A126"}},{"type":"Feature","geometry":{"type":"LineString","coordinates":[[6.4226,12.3064],[6.4227,12.3063]]},"properties":{"c":"t","r":"A126"}},{"type":"Feature","geometry":{"type":"LineString","coordinates":[[6.5027,12.2489],[6.5029,12.2488]]},"properties":{"c":"t","r":"A126"}},{"type":"Feature","geometry":{"type":"LineString","coordinates":[[6.4502,12.2628],[6.4507,12.2626]]},"properties":{"c":"t","r":"A126"}},{"type":"Feature","geometry":{"type":"LineString","coordinates":[[5.403,12.7851],[5.4442,12.7397],[5.4762,12.7213],[5.4818,12.7109],[5.4969,12.6995],[5.513,12.6753],[5.5244,12.6746],[5.6729,12.6345],[5.7175,12.6451],[5.8587,12.6073]]},"properties":{"c":"t","r":"A126"}},{"type":"Feature","geometry":{"type":"LineString","coordinates":[[6.3805,12.3383],[6.3806,12.3382]]},"properties":{"c":"t","r":"A126"}},{"type":"Feature","geometry":{"type":"LineString","coordinates":[[6.3407,12.3485],[6.3404,12.3483]]},"properties":{"c":"t","r":"A126"}},{"type":"Feature","geometry":{"type":"LineString","coordinates":[[6.378,12.3408],[6.3787,12.3401]]},"properties":{"c":"t","r":"A126"}},{"type":"Feature","geometry":{"type":"LineString","coordinates":[[5.9849,12.5763],[5.9854,12.5766]]},"properties":{"c":"t","r":"A126"}},{"type":"Feature","geometry":{"type":"LineString","coordinates":[[6.2503,12.3646],[6.2634,12.3519],[6.2957,12.3522]]},"properties":{"c":"t","r":"A126"}},{"type":"Feature","geometry":{"type":"LineString","coordinates":[[6.3787,12.3401],[6.3788,12.34]]},"properties":{"c":"t","r":"A126"}},{"type":"Feature","geometry":{"type":"LineString","coordinates":[[6.5502,12.2541],[6.5505,12.2542]]},"properties":{"c":"t","r":"A126"}},{"type":"Feature","geometry":{"type":"LineString","coordinates":[[6.3437,12.3495],[6.3407,12.3485]]},"properties":{"c":"t","r":"A126"}},{"type":"Feature","geometry":{"type":"LineString","coordinates":[[6.296,12.3523],[6.3159,12.3444],[6.3376,12.3468]]},"properties":{"c":"t","r":"A126"}},{"type":"Feature","geometry":{"type":"LineString","coordinates":[[6.1308,12.5356],[6.1365,12.5301],[6.1584,12.4902],[6.181,12.4706],[6.1904,12.4307],[6.1979,12.4253],[6.2039,12.4149],[6.2061,12.4016],[6.2147,12.3953],[6.2194,12.3839],[6.2503,12.3646]]},"properties":{"c":"t","r":"A126"}},{"type":"Feature","geometry":{"type":"LineString","coordinates":[[6.3806,12.3382],[6.3836,12.3362]]},"properties":{"c":"t","r":"A126"}},{"type":"Feature","geometry":{"type":"LineString","coordinates":[[6.3612,12.3531],[6.3626,12.3537]]},"properties":{"c":"t","r":"A126"}},{"type":"Feature","geometry":{"type":"LineString","coordinates":[[6.3788,12.34],[6.3805,12.3383]]},"properties":{"c":"t","r":"A126"}},{"type":"Feature","geometry":{"type":"LineString","coordinates":[[6.4507,12.2626],[6.4623,12.2558],[6.4931,12.2498]]},"properties":{"c":"t","r":"A126"}},{"type":"Feature","geometry":{"type":"LineString","coordinates":[[6.0182,12.5779],[6.0604,12.5647],[6.0741,12.5651]]},"properties":{"c":"t","r":"A126"}},{"type":"Feature","geometry":{"type":"LineString","coordinates":[[6.5505,12.2542],[6.5568,12.2594]]},"properties":{"c":"t","r":"A126"}},{"type":"Feature","geometry":{"type":"LineString","coordinates":[[6.3888,12.3348],[6.3889,12.3347]]},"properties":{"c":"t","r":"A126"}},{"type":"Feature","geometry":{"type":"LineString","coordinates":[[6.3836,12.3362],[6.3838,12.3362]]},"properties":{"c":"t","r":"A126"}},{"type":"Feature","geometry":{"type":"LineString","coordinates":[[6.5168,12.248],[6.5502,12.2541]]},"properties":{"c":"t","r":"A126"}},{"type":"Feature","geometry":{"type":"LineString","coordinates":[[6.4932,12.2498],[6.5027,12.2489]]},"properties":{"c":"t","r":"A126"}},{"type":"Feature","geometry":{"type":"LineString","coordinates":[[6.2957,12.3522],[6.296,12.3523]]},"properties":{"c":"t","r":"A126"}},{"type":"Feature","geometry":{"type":"LineString","coordinates":[[6.3995,12.3295],[6.3999,12.3293]]},"properties":{"c":"t","r":"A126"}},{"type":"Feature","geometry":{"type":"LineString","coordinates":[[6.3838,12.3362],[6.3888,12.3348]]},"properties":{"c":"t","r":"A126"}},{"type":"Feature","geometry":{"type":"LineString","coordinates":[[6.4344,12.2975],[6.4345,12.2975]]},"properties":{"c":"t","r":"A126"}},{"type":"Feature","geometry":{"type":"LineString","coordinates":[[6.6122,12.2358],[6.6122,12.236]]},"properties":{"c":"t","r":"A126"}},{"type":"Feature","geometry":{"type":"LineString","coordinates":[[6.6122,12.236],[6.5851,12.2571],[6.5803,12.2656]]},"properties":{"c":"t","r":"A126"}},{"type":"Feature","geometry":{"type":"LineString","coordinates":[[6.6381,12.2053],[6.6315,12.2128]]},"properties":{"c":"t","r":"A126"}},{"type":"Feature","geometry":{"type":"LineString","coordinates":[[6.6382,12.2052],[6.6381,12.2053]]},"properties":{"c":"t","r":"A126"}},{"type":"Feature","geometry":{"type":"LineString","coordinates":[[6.6314,12.213],[6.6122,12.2358]]},"properties":{"c":"t","r":"A126"}},{"type":"Feature","geometry":{"type":"LineString","coordinates":[[6.6315,12.2128],[6.6314,12.213]]},"properties":{"c":"t","r":"A126"}},{"type":"Feature","geometry":{"type":"LineString","coordinates":[[6.6392,12.2044],[6.6382,12.2052]]},"properties":{"c":"t","r":"A126"}},{"type":"Feature","geometry":{"type":"LineString","coordinates":[[6.6396,12.204],[6.6392,12.2044]]},"properties":{"c":"t","r":"A126"}},{"type":"Feature","geometry":{"type":"LineString","coordinates":[[6.6392,12.2044],[6.6395,12.2039]]},"properties":{"c":"t","r":"A126"}},{"type":"Feature","geometry":{"type":"LineString","coordinates":[[6.6396,12.204],[6.6396,12.204]]},"properties":{"c":"t","r":"A126"}},{"type":"Feature","geometry":{"type":"LineString","coordinates":[[6.6948,12.1826],[6.6948,12.1826]]},"properties":{"c":"t","r":"A126"}},{"type":"Feature","geometry":{"type":"LineString","coordinates":[[6.7117,12.1497],[6.7007,12.1776],[6.6948,12.1826]]},"properties":{"c":"t","r":"A126"}},{"type":"Feature","geometry":{"type":"LineString","coordinates":[[6.7117,12.1495],[6.7155,12.149]]},"properties":{"c":"t","r":"A126"}},{"type":"Feature","geometry":{"type":"LineString","coordinates":[[6.7117,12.1497],[6.7117,12.1497]]},"properties":{"c":"t","r":"A126"}},{"type":"Feature","geometry":{"type":"LineString","coordinates":[[6.7787,12.1356],[6.7786,12.1356]]},"properties":{"c":"t","r":"A126"}},{"type":"Feature","geometry":{"type":"LineString","coordinates":[[6.7786,12.1356],[6.7595,12.1432]]},"properties":{"c":"t","r":"A126"}},{"type":"Feature","geometry":{"type":"LineString","coordinates":[[6.7945,12.1328],[6.7787,12.1356]]},"properties":{"c":"t","r":"A126"}},{"type":"Feature","geometry":{"type":"LineString","coordinates":[[6.7593,12.1433],[6.7458,12.1497],[6.7302,12.1468],[6.7155,12.149]]},"properties":{"c":"t","r":"A126"}},{"type":"Feature","geometry":{"type":"LineString","coordinates":[[6.8439,12.1159],[6.8188,12.1369],[6.801,12.1325]]},"properties":{"c":"t","r":"A126"}},{"type":"Feature","geometry":{"type":"LineString","coordinates":[[6.7595,12.1432],[6.7593,12.1433]]},"properties":{"c":"t","r":"A126"}},{"type":"Feature","geometry":{"type":"LineString","coordinates":[[6.8441,12.1158],[6.8439,12.1159]]},"properties":{"c":"t","r":"A126"}},{"type":"Feature","geometry":{"type":"LineString","coordinates":[[6.7946,12.1328],[6.7945,12.1328]]},"properties":{"c":"t","r":"A126"}},{"type":"Feature","geometry":{"type":"LineString","coordinates":[[6.8947,12.0153],[6.8854,12.0392]]},"properties":{"c":"t","r":"A126"}},{"type":"Feature","geometry":{"type":"LineString","coordinates":[[6.8692,12.0779],[6.8617,12.0953],[6.8441,12.1158]]},"properties":{"c":"t","r":"A126"}},{"type":"Feature","geometry":{"type":"LineString","coordinates":[[6.8947,12.0152],[6.8947,12.0153]]},"properties":{"c":"t","r":"A126"}},{"type":"Feature","geometry":{"type":"LineString","coordinates":[[6.8854,12.0392],[6.8853,12.0394]]},"properties":{"c":"t","r":"A126"}},{"type":"Feature","geometry":{"type":"LineString","coordinates":[[6.9082,11.9753],[6.8998,11.993]]},"properties":{"c":"t","r":"A126"}},{"type":"Feature","geometry":{"type":"LineString","coordinates":[[6.8998,11.993],[6.8992,11.9961]]},"properties":{"c":"t","r":"A126"}},{"type":"Feature","geometry":{"type":"LineString","coordinates":[[6.899,11.9969],[6.899,11.997]]},"properties":{"c":"t","r":"A126"}},{"type":"Feature","geometry":{"type":"LineString","coordinates":[[6.8992,11.9961],[6.8998,11.993]]},"properties":{"c":"t","r":"A126"}},{"type":"Feature","geometry":{"type":"LineString","coordinates":[[6.899,11.997],[6.8947,12.0152]]},"properties":{"c":"t","r":"A126"}},{"type":"Feature","geometry":{"type":"LineString","coordinates":[[6.9411,11.9165],[6.9411,11.9166]]},"properties":{"c":"t","r":"A126"}},{"type":"Feature","geometry":{"type":"LineString","coordinates":[[6.9082,11.9752],[6.9082,11.9753]]},"properties":{"c":"t","r":"A126"}},{"type":"Feature","geometry":{"type":"LineString","coordinates":[[6.9411,11.9166],[6.9297,11.9446],[6.9082,11.9752]]},"properties":{"c":"t","r":"A126"}},{"type":"Feature","geometry":{"type":"LineString","coordinates":[[6.8992,11.9961],[6.899,11.9969]]},"properties":{"c":"t","r":"A126"}},{"type":"Feature","geometry":{"type":"LineString","coordinates":[[7.0142,11.832],[6.9829,11.8496],[6.9733,11.8635]]},"properties":{"c":"t","r":"A126"}},{"type":"Feature","geometry":{"type":"LineString","coordinates":[[6.9531,11.8941],[6.9508,11.8994]]},"properties":{"c":"t","r":"A126"}},{"type":"Feature","geometry":{"type":"LineString","coordinates":[[6.9726,11.8644],[6.9568,11.8841],[6.9531,11.8941]]},"properties":{"c":"t","r":"A126"}},{"type":"Feature","geometry":{"type":"LineString","coordinates":[[6.9733,11.8635],[6.9732,11.8636]]},"properties":{"c":"t","r":"A126"}},{"type":"Feature","geometry":{"type":"LineString","coordinates":[[7.0331,11.8206],[7.033,11.8206]]},"properties":{"c":"t","r":"A126"}},{"type":"Feature","geometry":{"type":"LineString","coordinates":[[6.9508,11.8994],[6.9428,11.9116]]},"properties":{"c":"t","r":"A126"}},{"type":"Feature","geometry":{"type":"LineString","coordinates":[[6.9428,11.9116],[6.9411,11.9165]]},"properties":{"c":"t","r":"A126"}},{"type":"Feature","geometry":{"type":"LineString","coordinates":[[6.9732,11.8636],[6.9726,11.8644]]},"properties":{"c":"t","r":"A126"}},{"type":"Feature","geometry":{"type":"LineString","coordinates":[[7.0467,11.8014],[7.0467,11.8015]]},"properties":{"c":"t","r":"A126"}},{"type":"Feature","geometry":{"type":"LineString","coordinates":[[7.1121,11.7546],[7.112,11.7547]]},"properties":{"c":"t","r":"A126"}},{"type":"Feature","geometry":{"type":"LineString","coordinates":[[7.0467,11.8015],[7.0422,11.8129],[7.0331,11.8206]]},"properties":{"c":"t","r":"A126"}},{"type":"Feature","geometry":{"type":"LineString","coordinates":[[7.112,11.7547],[7.1069,11.7631],[7.0911,11.7763],[7.0467,11.8014]]},"properties":{"c":"t","r":"A126"}},{"type":"Feature","geometry":{"type":"LineString","coordinates":[[9.5228,11.3827],[9.5236,11.3833]]},"properties":{"c":"t","r":"A237"}},{"type":"Feature","geometry":{"type":"LineString","coordinates":[[9.5236,11.3833],[9.5288,11.3844],[9.6025,11.351],[9.6416,11.3459]]},"properties":{"c":"t","r":"A237"}},{"type":"Feature","geometry":{"type":"LineString","coordinates":[[7.2008,11.6407],[7.1987,11.6449]]},"properties":{"c":"t","r":"A126"}},{"type":"Feature","geometry":{"type":"LineString","coordinates":[[7.1885,11.6647],[7.1884,11.6649]]},"properties":{"c":"t","r":"A126"}},{"type":"Feature","geometry":{"type":"LineString","coordinates":[[7.1884,11.6649],[7.175,11.6898],[7.1585,11.7051],[7.144,11.7248]]},"properties":{"c":"t","r":"A126"}},{"type":"Feature","geometry":{"type":"LineString","coordinates":[[7.2318,11.5889],[7.221,11.5996],[7.2158,11.6116]]},"properties":{"c":"t","r":"A126"}},{"type":"Feature","geometry":{"type":"LineString","coordinates":[[7.1959,11.6502],[7.1918,11.6582]]},"properties":{"c":"t","r":"A126"}},{"type":"Feature","geometry":{"type":"LineString","coordinates":[[7.1918,11.6582],[7.1885,11.6647]]},"properties":{"c":"t","r":"A126"}},{"type":"Feature","geometry":{"type":"LineString","coordinates":[[7.2051,11.6324],[7.2008,11.6407]]},"properties":{"c":"t","r":"A126"}},{"type":"Feature","geometry":{"type":"LineString","coordinates":[[7.1438,11.725],[7.1121,11.7546]]},"properties":{"c":"t","r":"A126"}},{"type":"Feature","geometry":{"type":"LineString","coordinates":[[7.1987,11.6449],[7.1959,11.6502]]},"properties":{"c":"t","r":"A126"}},{"type":"Feature","geometry":{"type":"LineString","coordinates":[[7.232,11.5886],[7.2318,11.5889]]},"properties":{"c":"t","r":"A126"}},{"type":"Feature","geometry":{"type":"LineString","coordinates":[[7.2133,11.6164],[7.2092,11.6242]]},"properties":{"c":"t","r":"A126"}},{"type":"Feature","geometry":{"type":"LineString","coordinates":[[7.144,11.7248],[7.1438,11.725]]},"properties":{"c":"t","r":"A126"}},{"type":"Feature","geometry":{"type":"LineString","coordinates":[[7.2158,11.6116],[7.2133,11.6164]]},"properties":{"c":"t","r":"A126"}},{"type":"Feature","geometry":{"type":"LineString","coordinates":[[7.2092,11.6242],[7.2051,11.6324]]},"properties":{"c":"t","r":"A126"}},{"type":"Feature","geometry":{"type":"LineString","coordinates":[[14.2199,12.373],[14.2028,12.3671]]},"properties":{"c":"t","r":"A3"}},{"type":"Feature","geometry":{"type":"LineString","coordinates":[[14.2199,12.373],[14.2216,12.3739]]},"properties":{"c":"t","r":"A3"}},{"type":"Feature","geometry":{"type":"LineString","coordinates":[[8.5518,11.968],[8.5576,11.9688],[8.5654,11.9765],[8.588,11.9634]]},"properties":{"c":"t","r":"A237"}},{"type":"Feature","geometry":{"type":"LineString","coordinates":[[8.5336,12.0041],[8.5336,12.0044]]},"properties":{"c":"t","r":"A2"}},{"type":"Feature","geometry":{"type":"LineString","coordinates":[[11.0733,11.7005],[11.0734,11.7005]]},"properties":{"c":"t","r":"A3"}},{"type":"Feature","geometry":{"type":"LineString","coordinates":[[7.6268,12.9635],[7.6268,12.9634]]},"properties":{"c":"t","r":"A9"}},{"type":"Feature","geometry":{"type":"LineString","coordinates":[[8.5154,12.0278],[8.5154,12.0278]]},"properties":{"c":"t","r":"A2"}},{"type":"Feature","geometry":{"type":"LineString","coordinates":[[11.0733,11.7005],[11.0733,11.7005]]},"properties":{"c":"t","r":"A3"}},{"type":"Feature","geometry":{"type":"LineString","coordinates":[[8.5334,12.0042],[8.5335,12.0042]]},"properties":{"c":"t","r":"A2"}},{"type":"Feature","geometry":{"type":"LineString","coordinates":[[7.6269,12.9633],[7.6269,12.9633]]},"properties":{"c":"t","r":"A9"}},{"type":"Feature","geometry":{"type":"LineString","coordinates":[[8.5315,12.0102],[8.5315,12.0102]]},"properties":{"c":"t","r":"A2"}},{"type":"Feature","geometry":{"type":"LineString","coordinates":[[7.5874,12.9963],[7.5875,12.9963]]},"properties":{"c":"t","r":"A9"}},{"type":"Feature","geometry":{"type":"LineString","coordinates":[[8.4503,12.0793],[8.4505,12.0791]]},"properties":{"c":"t","r":"A2"}},{"type":"Feature","geometry":{"type":"LineString","coordinates":[[7.6105,12.9773],[7.6105,12.9773]]},"properties":{"c":"t","r":"A9"}},{"type":"Feature","geometry":{"type":"LineString","coordinates":[[7.5877,12.9963],[7.5877,12.9964]]},"properties":{"c":"t","r":"A9"}},{"type":"Feature","geometry":{"type":"LineString","coordinates":[[11.0733,11.7006],[11.0733,11.7006]]},"properties":{"c":"t","r":"A3"}},{"type":"Feature","geometry":{"type":"LineString","coordinates":[[7.6378,12.9494],[7.6379,12.9493]]},"properties":{"c":"t","r":"A9"}},{"type":"Feature","geometry":{"type":"LineString","coordinates":[[7.5701,13.0155],[7.5701,13.0155]]},"properties":{"c":"t","r":""}},{"type":"Feature","geometry":{"type":"LineString","coordinates":[[11.0733,11.7006],[11.0733,11.7005]]},"properties":{"c":"t","r":"A3"}},{"type":"Feature","geometry":{"type":"LineString","coordinates":[[7.6012,12.9849],[7.6012,12.9849]]},"properties":{"c":"t","r":"A9"}},{"type":"Feature","geometry":{"type":"LineString","coordinates":[[8.5504,11.9679],[8.5504,11.9679]]},"properties":{"c":"t","r":""}},{"type":"Feature","geometry":{"type":"LineString","coordinates":[[11.0734,11.7005],[11.0734,11.7006]]},"properties":{"c":"t","r":"A3"}},{"type":"Feature","geometry":{"type":"LineString","coordinates":[[8.5154,12.0278],[8.5154,12.0281]]},"properties":{"c":"t","r":"A2"}},{"type":"Feature","geometry":{"type":"LineString","coordinates":[[7.5877,12.9962],[7.5877,12.9963]]},"properties":{"c":"t","r":"A9"}},{"type":"Feature","geometry":{"type":"LineString","coordinates":[[13.146,11.8425],[13.146,11.8425]]},"properties":{"c":"t","r":"A3"}},{"type":"Feature","geometry":{"type":"LineString","coordinates":[[8.5265,12.0125],[8.5265,12.0125]]},"properties":{"c":"t","r":"A2"}},{"type":"Feature","geometry":{"type":"LineString","coordinates":[[8.5151,12.0277],[8.5154,12.0278]]},"properties":{"c":"t","r":"A2"}},{"type":"Feature","geometry":{"type":"LineString","coordinates":[[8.5927,11.9631],[8.5927,11.9631]]},"properties":{"c":"t","r":"A237"}},{"type":"Feature","geometry":{"type":"LineString","coordinates":[[7.6268,12.9634],[7.6269,12.9633]]},"properties":{"c":"t","r":"A9"}},{"type":"Feature","geometry":{"type":"LineString","coordinates":[[7.6271,12.9634],[7.627,12.9636]]},"properties":{"c":"t","r":"A9"}},{"type":"Feature","geometry":{"type":"LineString","coordinates":[[8.5321,11.9906],[8.5321,11.9906]]},"properties":{"c":"t","r":"A2"}},{"type":"Feature","geometry":{"type":"LineString","coordinates":[[8.5151,12.0281],[8.5151,12.0277]]},"properties":{"c":"t","r":"A2"}},{"type":"Feature","geometry":{"type":"LineString","coordinates":[[7.638,12.9495],[7.6378,12.9494]]},"properties":{"c":"t","r":"A9"}},{"type":"Feature","geometry":{"type":"LineString","coordinates":[[7.627,12.9636],[7.6268,12.9635]]},"properties":{"c":"t","r":"A9"}},{"type":"Feature","geometry":{"type":"LineString","coordinates":[[7.6269,12.9633],[7.6271,12.9634]]},"properties":{"c":"t","r":"A9"}},{"type":"Feature","geometry":{"type":"LineString","coordinates":[[8.4509,12.0794],[8.4505,12.0797]]},"properties":{"c":"t","r":"A2"}},{"type":"Feature","geometry":{"type":"LineString","coordinates":[[7.5875,12.9963],[7.5877,12.9962]]},"properties":{"c":"t","r":"A9"}},{"type":"Feature","geometry":{"type":"LineString","coordinates":[[8.5312,12.0107],[8.531,12.0103]]},"properties":{"c":"t","r":"A2"}},{"type":"Feature","geometry":{"type":"LineString","coordinates":[[8.531,12.0103],[8.5315,12.0102]]},"properties":{"c":"t","r":"A2"}},{"type":"Feature","geometry":{"type":"LineString","coordinates":[[13.1407,11.837],[13.1407,11.837]]},"properties":{"c":"t","r":"A3"}},{"type":"Feature","geometry":{"type":"LineString","coordinates":[[8.5336,12.0044],[8.5334,12.0042]]},"properties":{"c":"t","r":"A2"}},{"type":"Feature","geometry":{"type":"LineString","coordinates":[[7.6379,12.9493],[7.6381,12.9493]]},"properties":{"c":"t","r":"A9"}},{"type":"Feature","geometry":{"type":"LineString","coordinates":[[8.4505,12.0791],[8.4509,12.0794]]},"properties":{"c":"t","r":"A2"}},{"type":"Feature","geometry":{"type":"LineString","coordinates":[[7.283,11.5546],[7.2661,11.5722],[7.2444,11.5799],[7.232,11.5886]]},"properties":{"c":"t","r":"A126"}},{"type":"Feature","geometry":{"type":"LineString","coordinates":[[7.2831,11.5544],[7.283,11.5546]]},"properties":{"c":"t","r":"A126"}},{"type":"Feature","geometry":{"type":"LineString","coordinates":[[7.3133,11.5199],[7.3103,11.5263]]},"properties":{"c":"t","r":"A126"}},{"type":"Feature","geometry":{"type":"LineString","coordinates":[[7.3101,11.5266],[7.3103,11.5263]]},"properties":{"c":"t","r":"A126"}},{"type":"Feature","geometry":{"type":"LineString","coordinates":[[7.3103,11.5263],[7.3103,11.5266]]},"properties":{"c":"t","r":"A126"}},{"type":"Feature","geometry":{"type":"LineString","coordinates":[[7.31,11.527],[7.31,11.5267]]},"properties":{"c":"t","r":"A126"}},{"type":"Feature","geometry":{"type":"LineString","coordinates":[[7.3102,11.5268],[7.31,11.527]]},"properties":{"c":"t","r":"A126"}},{"type":"Feature","geometry":{"type":"LineString","coordinates":[[7.3102,11.5268],[7.3102,11.5268]]},"properties":{"c":"t","r":"A126"}},{"type":"Feature","geometry":{"type":"LineString","coordinates":[[3.364,6.466],[3.3634,6.4696]]},"properties":{"c":"m","r":"A1"}},{"type":"Feature","geometry":{"type":"LineString","coordinates":[[3.3634,6.4696],[3.3632,6.4707]]},"properties":{"c":"m","r":"A1"}},{"type":"Feature","geometry":{"type":"LineString","coordinates":[[3.3633,6.4737],[3.3657,6.4786]]},"properties":{"c":"m","r":"A1"}},{"type":"Feature","geometry":{"type":"LineString","coordinates":[[3.3643,6.4623],[3.364,6.466]]},"properties":{"c":"m","r":"A1"}},{"type":"Feature","geometry":{"type":"LineString","coordinates":[[3.3629,6.4725],[3.363,6.4706]]},"properties":{"c":"m","r":"A1"}},{"type":"Feature","geometry":{"type":"LineString","coordinates":[[3.3641,6.4764],[3.3646,6.4762]]},"properties":{"c":"t","r":"F100"}},{"type":"Feature","geometry":{"type":"LineString","coordinates":[[7.317,11.5015],[7.3169,11.5021]]},"properties":{"c":"t","r":"A126"}},{"type":"Feature","geometry":{"type":"LineString","coordinates":[[7.3172,11.5006],[7.3172,11.5012]]},"properties":{"c":"t","r":"A126"}},{"type":"Feature","geometry":{"type":"LineString","coordinates":[[7.3169,11.5021],[7.3133,11.5199]]},"properties":{"c":"t","r":"A126"}},{"type":"Feature","geometry":{"type":"LineString","coordinates":[[7.3171,11.5015],[7.3167,11.5015]]},"properties":{"c":"t","r":"A126"}},{"type":"Feature","geometry":{"type":"LineString","coordinates":[[7.3168,11.5012],[7.3172,11.5006]]},"properties":{"c":"t","r":"A126"}},{"type":"Feature","geometry":{"type":"LineString","coordinates":[[7.3169,11.5021],[7.3167,11.5015]]},"properties":{"c":"t","r":"A126"}},{"type":"Feature","geometry":{"type":"LineString","coordinates":[[6.7704,8.0527],[6.7817,8.064]]},"properties":{"c":"t","r":"A2"}},{"type":"Feature","geometry":{"type":"LineString","coordinates":[[11.4233,9.7054],[11.4234,9.7052]]},"properties":{"c":"t","r":"A345"}},{"type":"Feature","geometry":{"type":"LineString","coordinates":[[11.4234,9.7052],[11.4301,9.7035],[11.4356,9.709],[11.4536,9.7156],[11.458,9.7127],[11.4629,9.6999]]},"properties":{"c":"t","r":"A345"}},{"type":"Feature","geometry":{"type":"LineString","coordinates":[[11.4629,9.6999],[11.463,9.6998]]},"properties":{"c":"t","r":"A345"}},{"type":"Feature","geometry":{"type":"LineString","coordinates":[[11.4862,9.6936],[11.4863,9.6936]]},"properties":{"c":"t","r":"A345"}},{"type":"Feature","geometry":{"type":"LineString","coordinates":[[11.463,9.6998],[11.4752,9.6922],[11.4862,9.6936]]},"properties":{"c":"t","r":"A345"}},{"type":"Feature","geometry":{"type":"LineString","coordinates":[[11.4863,9.6936],[11.4968,9.695]]},"properties":{"c":"t","r":"A345"}},{"type":"Feature","geometry":{"type":"LineString","coordinates":[[7.4589,11.2602],[7.4586,11.2605]]},"properties":{"c":"t","r":"A126"}},{"type":"Feature","geometry":{"type":"LineString","coordinates":[[7.5985,11.1821],[7.6091,11.175],[7.6242,11.1725]]},"properties":{"c":"t","r":"A126"}},{"type":"Feature","geometry":{"type":"LineString","coordinates":[[7.6468,11.1607],[7.7008,11.1313]]},"properties":{"c":"t","r":"A126"}},{"type":"Feature","geometry":{"type":"LineString","coordinates":[[7.4586,11.2605],[7.4465,11.2624]]},"properties":{"c":"t","r":"A126"}},{"type":"Feature","geometry":{"type":"LineString","coordinates":[[7.4465,11.2624],[7.4462,11.2625]]},"properties":{"c":"t","r":"A126"}},{"type":"Feature","geometry":{"type":"LineString","coordinates":[[7.7011,11.1312],[7.6468,11.1607]]},"properties":{"c":"t","r":"A126"}},{"type":"Feature","geometry":{"type":"LineString","coordinates":[[7.3274,11.4374],[7.3274,11.4376]]},"properties":{"c":"t","r":"A126"}},{"type":"Feature","geometry":{"type":"LineString","coordinates":[[7.7008,11.1313],[7.7041,11.1294]]},"properties":{"c":"t","r":"A126"}},{"type":"Feature","geometry":{"type":"LineString","coordinates":[[7.5737,11.1964],[7.4589,11.2602]]},"properties":{"c":"t","r":"A126"}},{"type":"Feature","geometry":{"type":"LineString","coordinates":[[7.3274,11.4376],[7.3178,11.495]]},"properties":{"c":"t","r":"A126"}},{"type":"Feature","geometry":{"type":"LineString","coordinates":[[7.5738,11.1963],[7.5737,11.1964]]},"properties":{"c":"t","r":"A126"}},{"type":"Feature","geometry":{"type":"LineString","coordinates":[[7.4462,11.2625],[7.4172,11.2768],[7.4014,11.3052],[7.3968,11.3199]]},"properties":{"c":"t","r":"A126"}},{"type":"Feature","geometry":{"type":"LineString","coordinates":[[7.5137,6.4754],[7.5145,6.475]]},"properties":{"c":"t","r":"A343"}},{"type":"Feature","geometry":{"type":"LineString","coordinates":[[7.5146,6.4751],[7.5138,6.4755]]},"properties":{"c":"t","r":"A343"}},{"type":"Feature","geometry":{"type":"LineString","coordinates":[[7.5145,6.475],[7.5216,6.4651]]},"properties":{"c":"t","r":"A343"}},{"type":"Feature","geometry":{"type":"LineString","coordinates":[[7.5218,6.4652],[7.5146,6.4751]]},"properties":{"c":"t","r":"A343"}},{"type":"Feature","geometry":{"type":"LineString","coordinates":[[7.5138,6.4755],[7.5089,6.4769],[7.4981,6.4723],[7.4647,6.4667]]},"properties":{"c":"t","r":"A343"}},{"type":"Feature","geometry":{"type":"LineString","coordinates":[[6.0336,6.2872],[6.0341,6.2872]]},"properties":{"c":"t","r":"A232"}},{"type":"Feature","geometry":{"type":"LineString","coordinates":[[5.9667,6.2858],[5.985,6.2889],[6.0336,6.2872]]},"properties":{"c":"t","r":"A232"}},{"type":"Feature","geometry":{"type":"LineString","coordinates":[[6.0341,6.2875],[6.0336,6.2875]]},"properties":{"c":"t","r":"A232"}},{"type":"Feature","geometry":{"type":"LineString","coordinates":[[6.0336,6.2875],[5.9852,6.2892],[5.9675,6.2858],[5.9591,6.2926],[5.9235,6.2943],[5.8499,6.3127],[5.8437,6.3112]]},"properties":{"c":"t","r":"A232"}},{"type":"Feature","geometry":{"type":"LineString","coordinates":[[7.7134,8.9124],[7.7144,8.9117]]},"properties":{"c":"t","r":"A234"}},{"type":"Feature","geometry":{"type":"LineString","coordinates":[[7.7144,8.9119],[7.7135,8.9126]]},"properties":{"c":"t","r":"A234"}},{"type":"Feature","geometry":{"type":"LineString","coordinates":[[7.7144,8.9117],[7.7309,8.892],[7.7426,8.8854],[7.7681,8.881],[7.7858,8.8731],[7.7937,8.8648],[7.8129,8.8636],[7.844,8.8556],[7.8749,8.8561]]},"properties":{"c":"t","r":"A234"}},{"type":"Feature","geometry":{"type":"LineString","coordinates":[[6.7656,6.132],[6.7836,6.1274],[6.8139,6.1459]]},"properties":{"c":"t","r":"A232"}},{"type":"Feature","geometry":{"type":"LineString","coordinates":[[6.7509,6.1376],[6.7534,6.1364]]},"properties":{"c":"t","r":"A232"}},{"type":"Feature","geometry":{"type":"LineString","coordinates":[[6.681,6.2059],[6.6491,6.2174],[6.6361,6.2312],[6.6086,6.2493],[6.5206,6.2767],[6.4649,6.3025],[6.396,6.3113],[6.3237,6.2754],[6.2357,6.2681]]},"properties":{"c":"t","r":"A232"}},{"type":"Feature","geometry":{"type":"LineString","coordinates":[[6.2357,6.268],[6.3233,6.2752],[6.3956,6.311],[6.4627,6.3025],[6.5206,6.2764],[6.6097,6.2485],[6.6356,6.2312],[6.649,6.2172],[6.681,6.2057]]},"properties":{"c":"t","r":"A232"}},{"type":"Feature","geometry":{"type":"LineString","coordinates":[[6.8332,6.1542],[6.8564,6.1645],[6.8674,6.1823],[6.9012,6.2073],[6.9201,6.2414],[6.9395,6.2513],[6.9786,6.218],[7.0007,6.2038],[7.0212,6.2007],[7.0409,6.2065]]},"properties":{"c":"t","r":"A232-1"}},{"type":"Feature","geometry":{"type":"LineString","coordinates":[[7.1559,6.2591],[7.1473,6.2563]]},"properties":{"c":"t","r":"A232-1"}},{"type":"Feature","geometry":{"type":"LineString","coordinates":[[6.8331,6.1543],[6.8318,6.1537]]},"properties":{"c":"t","r":"A232-1"}},{"type":"Feature","geometry":{"type":"LineString","coordinates":[[6.8319,6.1536],[6.8332,6.1542]]},"properties":{"c":"t","r":"A232-1"}},{"type":"Feature","geometry":{"type":"LineString","coordinates":[[6.8318,6.1537],[6.8149,6.1469]]},"properties":{"c":"t","r":"A232-1"}},{"type":"Feature","geometry":{"type":"LineString","coordinates":[[7.137,6.2486],[7.1063,6.2304]]},"properties":{"c":"t","r":"A232-1"}},{"type":"Feature","geometry":{"type":"LineString","coordinates":[[5.9949,7.9546],[5.9868,8.0019],[5.9613,8.0247],[5.944,8.0484],[5.9309,8.06],[5.9207,8.0628],[5.9067,8.072],[5.9008,8.0822]]},"properties":{"c":"t","r":"A123"}},{"type":"Feature","geometry":{"type":"LineString","coordinates":[[7.1708,7.493],[7.1708,7.493]]},"properties":{"c":"t","r":""}},{"type":"Feature","geometry":{"type":"LineString","coordinates":[[7.1227,7.5605],[7.1506,7.5511],[7.1535,7.5386],[7.1599,7.5341],[7.1611,7.5263],[7.1715,7.5199],[7.1769,7.5053]]},"properties":{"c":"t","r":"A233"}},{"type":"Feature","geometry":{"type":"LineString","coordinates":[[6.7702,7.7276],[6.7755,7.735],[6.7942,7.7333],[6.7966,7.7367],[6.8062,7.7325],[6.8385,7.7293]]},"properties":{"c":"t","r":"A233"}},{"type":"Feature","geometry":{"type":"LineString","coordinates":[[6.8792,7.7183],[6.8907,7.7251],[6.9192,7.7572]]},"properties":{"c":"t","r":"A233"}},{"type":"Feature","geometry":{"type":"LineString","coordinates":[[7.1715,7.4925],[7.1712,7.4928]]},"properties":{"c":"t","r":"A233"}},{"type":"Feature","geometry":{"type":"LineString","coordinates":[[7.1715,7.4925],[7.253,7.4637],[7.2757,7.4523],[7.297,7.4318],[7.3296,7.4164],[7.3556,7.4168],[7.389,7.4338],[7.4151,7.4387],[7.4384,7.4366],[7.4578,7.4448],[7.513,7.4557],[7.5297,7.4521],[7.5687,7.435]]},"properties":{"c":"t","r":"A233"}},{"type":"Feature","geometry":{"type":"LineString","coordinates":[[7.1711,7.4929],[7.1728,7.5027],[7.1768,7.5049]]},"properties":{"c":"t","r":"A233"}},{"type":"Feature","geometry":{"type":"LineString","coordinates":[[7.1768,7.5051],[7.1726,7.5024],[7.1708,7.4929]]},"properties":{"c":"t","r":"A233"}},{"type":"Feature","geometry":{"type":"LineString","coordinates":[[7.1769,7.5053],[7.1768,7.5051]]},"properties":{"c":"t","r":"A233"}},{"type":"Feature","geometry":{"type":"LineString","coordinates":[[7.177,7.505],[7.1769,7.5053]]},"properties":{"c":"t","r":"A233"}},{"type":"Feature","geometry":{"type":"LineString","coordinates":[[6.8426,7.7287],[6.862,7.7193],[6.8791,7.7183]]},"properties":{"c":"t","r":"A233"}},{"type":"Feature","geometry":{"type":"LineString","coordinates":[[7.1711,7.4925],[7.1715,7.4925]]},"properties":{"c":"t","r":"A233"}},{"type":"Feature","geometry":{"type":"LineString","coordinates":[[7.1768,7.5051],[7.1768,7.5051]]},"properties":{"c":"t","r":""}},{"type":"Feature","geometry":{"type":"LineString","coordinates":[[6.8791,7.7183],[6.8792,7.7183]]},"properties":{"c":"t","r":"A233"}},{"type":"Feature","geometry":{"type":"LineString","coordinates":[[7.3221,9.141],[7.3312,9.1423]]},"properties":{"c":"m","r":"A234"}},{"type":"Feature","geometry":{"type":"LineString","coordinates":[[7.3211,9.1411],[7.3022,9.1384]]},"properties":{"c":"m","r":"A234"}},{"type":"Feature","geometry":{"type":"LineString","coordinates":[[7.1227,7.5605],[7.0972,7.562],[7.0926,7.6217],[7.0835,7.6411],[7.0724,7.6513],[7.0684,7.6606],[7.0591,7.6644],[7.0449,7.688],[7.0435,7.7039],[7.0549,7.7416],[7.0519,7.7619],[7.0542,7.7796],[7.0324,7.788],[6.9898,7.7939],[6.9676,7.8069]]},"properties":{"c":"t","r":"A233"}},{"type":"Feature","geometry":{"type":"LineString","coordinates":[[7.5687,7.435],[7.5971,7.4267],[7.6043,7.4195],[7.6141,7.4039],[7.612,7.377],[7.6284,7.3536],[7.6297,7.3372],[7.6252,7.3234],[7.6287,7.3092],[7.626,7.2814],[7.6283,7.2704],[7.6249,7.2641],[7.6025,7.2526],[7.5941,7.2418],[7.591,7.227],[7.5945,7.1955],[7.6022,7.1865],[7.6139,7.1816],[7.642,7.1803],[7.6626,7.1743],[7.6668,7.1693]]},"properties":{"c":"t","r":"A233"}},{"type":"Feature","geometry":{"type":"LineString","coordinates":[[7.5231,9.0549],[7.5171,9.0489]]},"properties":{"c":"m","r":"A234"}},{"type":"Feature","geometry":{"type":"LineString","coordinates":[[7.6029,9.0255],[7.6115,9.0186],[7.6289,9.0141]]},"properties":{"c":"t","r":"A234"}},{"type":"Feature","geometry":{"type":"LineString","coordinates":[[7.3022,9.1382],[7.3221,9.141]]},"properties":{"c":"m","r":"A234"}},{"type":"Feature","geometry":{"type":"LineString","coordinates":[[7.3022,9.1384],[7.3011,9.1382]]},"properties":{"c":"m","r":"A234"}},{"type":"Feature","geometry":{"type":"LineString","coordinates":[[7.3631,9.132],[7.3455,9.1433],[7.3323,9.1428]]},"properties":{"c":"t","r":""}},{"type":"Feature","geometry":{"type":"LineString","coordinates":[[7.51,9.0428],[7.5033,9.0309]]},"properties":{"c":"t","r":""}},{"type":"Feature","geometry":{"type":"LineString","coordinates":[[7.5922,9.03],[7.6029,9.0255]]},"properties":{"c":"t","r":"A234"}},{"type":"Feature","geometry":{"type":"LineString","coordinates":[[7.5439,9.0346],[7.5426,9.0421],[7.5273,9.0506]]},"properties":{"c":"m","r":"A234"}},{"type":"Feature","geometry":{"type":"LineString","coordinates":[[7.603,9.0256],[7.5927,9.03]]},"properties":{"c":"t","r":"A234"}},{"type":"Feature","geometry":{"type":"LineString","coordinates":[[7.6289,9.0143],[7.6117,9.0187],[7.603,9.0256]]},"properties":{"c":"t","r":"A234"}},{"type":"Feature","geometry":{"type":"LineString","coordinates":[[7.6294,9.0142],[7.6289,9.0143]]},"properties":{"c":"t","r":"A234"}},{"type":"Feature","geometry":{"type":"LineString","coordinates":[[7.6289,9.0141],[7.6294,9.0141]]},"properties":{"c":"t","r":"A234"}},{"type":"Feature","geometry":{"type":"LineString","coordinates":[[7.6989,8.9159],[7.6917,8.9214],[7.6796,8.9448],[7.6757,8.9657],[7.6745,9.0016],[7.667,9.0062],[7.6513,9.007],[7.6399,9.0145],[7.6294,9.0142]]},"properties":{"c":"t","r":"A234"}},{"type":"Feature","geometry":{"type":"LineString","coordinates":[[7.6989,8.9158],[7.6992,8.9158]]},"properties":{"c":"t","r":"A234"}},{"type":"Feature","geometry":{"type":"LineString","coordinates":[[7.6992,8.9158],[7.7134,8.9124]]},"properties":{"c":"t","r":"A234"}},{"type":"Feature","geometry":{"type":"LineString","coordinates":[[7.6992,8.9159],[7.6989,8.9159]]},"properties":{"c":"t","r":"A234"}},{"type":"Feature","geometry":{"type":"LineString","coordinates":[[7.966,8.84],[7.9758,8.8383]]},"properties":{"c":"t","r":"A234"}},{"type":"Feature","geometry":{"type":"LineString","coordinates":[[7.9504,8.8347],[7.9512,8.8353]]},"properties":{"c":"t","r":"A234"}},{"type":"Feature","geometry":{"type":"LineString","coordinates":[[7.9762,8.8381],[8.002,8.8428]]},"properties":{"c":"t","r":"A234"}},{"type":"Feature","geometry":{"type":"LineString","coordinates":[[8.2624,8.888],[8.2644,8.9048],[8.28,8.9146],[8.286,8.9135]]},"properties":{"c":"t","r":"A234"}},{"type":"Feature","geometry":{"type":"LineString","coordinates":[[7.9758,8.8383],[7.9762,8.8381]]},"properties":{"c":"t","r":"A234"}},{"type":"Feature","geometry":{"type":"LineString","coordinates":[[8.0626,8.8484],[8.1252,8.8441],[8.1433,8.8597],[8.1846,8.8616],[8.2089,8.8677],[8.2206,8.8612],[8.23,8.861],[8.2622,8.8721],[8.2656,8.8764]]},"properties":{"c":"t","r":"A234"}},{"type":"Feature","geometry":{"type":"LineString","coordinates":[[7.5169,10.4349],[7.5154,10.4362]]},"properties":{"c":"t","r":"A235"}},{"type":"Feature","geometry":{"type":"LineString","coordinates":[[7.5148,10.4364],[7.5169,10.4348]]},"properties":{"c":"t","r":"A235"}},{"type":"Feature","geometry":{"type":"LineString","coordinates":[[7.5191,10.4328],[7.5172,10.4346]]},"properties":{"c":"t","r":"A235"}},{"type":"Feature","geometry":{"type":"LineString","coordinates":[[7.7247,10.3053],[7.7189,10.3103],[7.7151,10.3195]]},"properties":{"c":"t","r":"A235"}},{"type":"Feature","geometry":{"type":"LineString","coordinates":[[7.715,10.3822],[7.7148,10.3924]]},"properties":{"c":"t","r":"A235"}},{"type":"Feature","geometry":{"type":"LineString","coordinates":[[7.7148,10.3924],[7.7148,10.3992]]},"properties":{"c":"t","r":"A235"}},{"type":"Feature","geometry":{"type":"LineString","coordinates":[[7.9916,10.0518],[7.9884,10.0561],[7.9623,10.0651],[7.9558,10.0703],[7.9392,10.0707],[7.9223,10.0666],[7.9007,10.0811],[7.8995,10.0875],[7.9058,10.1059],[7.9061,10.1749],[7.9153,10.1865],[7.9187,10.206],[7.9153,10.2211],[7.9082,10.2328],[7.8737,10.2439],[7.8624,10.2556],[7.836,10.2688],[7.8197,10.2734],[7.8084,10.2959],[7.7923,10.2962],[7.7653,10.2856],[7.7596,10.2868],[7.748,10.3019],[7.7247,10.3053]]},"properties":{"c":"t","r":"A235"}},{"type":"Feature","geometry":{"type":"LineString","coordinates":[[7.7148,10.3642],[7.7172,10.3761],[7.715,10.3822]]},"properties":{"c":"t","r":"A235"}},{"type":"Feature","geometry":{"type":"LineString","coordinates":[[7.7151,10.3195],[7.7091,10.3394],[7.7148,10.3642]]},"properties":{"c":"t","r":"A235"}},{"type":"Feature","geometry":{"type":"LineString","coordinates":[[7.993,10.0445],[7.9916,10.0518]]},"properties":{"c":"t","r":"A235"}},{"type":"Feature","geometry":{"type":"LineString","coordinates":[[7.9888,9.8511],[7.9962,9.8545],[8.012,9.8743],[8.0268,9.8713],[8.0335,9.8731],[8.052,9.8634],[8.0735,9.861],[8.081,9.8523],[8.0969,9.8461],[8.1044,9.847],[8.1401,9.829],[8.1467,9.822],[8.1738,9.8172],[8.1791,9.8069],[8.186,9.804],[8.1917,9.7941],[8.2164,9.7933],[8.2385,9.7601],[8.245,9.7601],[8.2566,9.7699],[8.2689,9.7745]]},"properties":{"c":"t","r":"A235"}},{"type":"Feature","geometry":{"type":"LineString","coordinates":[[7.9723,9.8521],[7.9888,9.8511]]},"properties":{"c":"t","r":"A235"}},{"type":"Feature","geometry":{"type":"LineString","coordinates":[[7.993,10.0445],[7.9921,10.0381],[7.9994,10.0216],[7.998,9.9949],[7.9893,9.971],[7.9683,9.9552],[7.9692,9.9382],[7.957,9.9184],[7.9575,9.9106],[7.9522,9.9006],[7.955,9.8825],[7.9511,9.8728],[7.9535,9.8655],[7.9574,9.8644]]},"properties":{"c":"t","r":"A235"}},{"type":"Feature","geometry":{"type":"LineString","coordinates":[[8.2689,9.7745],[8.269,9.7745]]},"properties":{"c":"t","r":"A235"}},{"type":"Feature","geometry":{"type":"LineString","coordinates":[[8.269,9.7745],[8.2902,9.785],[8.2987,9.7812],[8.3126,9.7807],[8.3171,9.7683],[8.3486,9.7576],[8.3809,9.7598]]},"properties":{"c":"t","r":"A235"}},{"type":"Feature","geometry":{"type":"LineString","coordinates":[[8.895,11.6591],[8.8952,11.6586]]},"properties":{"c":"t","r":"A237"}},{"type":"Feature","geometry":{"type":"LineString","coordinates":[[8.8952,11.6586],[8.8999,11.6509],[8.9449,11.6324],[8.9518,11.6257]]},"properties":{"c":"t","r":"A237"}},{"type":"Feature","geometry":{"type":"LineString","coordinates":[[8.3817,9.7597],[8.3815,9.7601]]},"properties":{"c":"t","r":"A235"}},{"type":"Feature","geometry":{"type":"LineString","coordinates":[[8.5129,9.6685],[8.4675,9.7101],[8.4584,9.7127],[8.4463,9.7217],[8.4294,9.7289],[8.409,9.7199],[8.3964,9.725],[8.3982,9.7365],[8.3948,9.7476],[8.3817,9.7597]]},"properties":{"c":"t","r":"A235"}},{"type":"Feature","geometry":{"type":"LineString","coordinates":[[8.3812,9.76],[8.3809,9.7598]]},"properties":{"c":"t","r":"A235"}},{"type":"Feature","geometry":{"type":"LineString","coordinates":[[8.3809,9.7598],[8.3813,9.7599]]},"properties":{"c":"t","r":"A235"}},{"type":"Feature","geometry":{"type":"LineString","coordinates":[[8.3814,9.7599],[8.3817,9.7597]]},"properties":{"c":"t","r":"A235"}},{"type":"Feature","geometry":{"type":"LineString","coordinates":[[8.3814,9.7601],[8.3814,9.7601]]},"properties":{"c":"t","r":""}},{"type":"Feature","geometry":{"type":"LineString","coordinates":[[8.5131,9.6683],[8.5129,9.6685]]},"properties":{"c":"t","r":"A235"}},{"type":"Feature","geometry":{"type":"LineString","coordinates":[[8.5175,9.6657],[8.5173,9.6658]]},"properties":{"c":"t","r":"A235"}},{"type":"Feature","geometry":{"type":"LineString","coordinates":[[8.5173,9.6658],[8.5129,9.6683]]},"properties":{"c":"t","r":"A235"}},{"type":"Feature","geometry":{"type":"LineString","coordinates":[[8.5558,9.6537],[8.5422,9.6604],[8.5249,9.6604],[8.5175,9.6657]]},"properties":{"c":"t","r":"A235"}},{"type":"Feature","geometry":{"type":"LineString","coordinates":[[8.5129,9.6685],[8.5129,9.6683]]},"properties":{"c":"t","r":"A235"}},{"type":"Feature","geometry":{"type":"LineString","coordinates":[[8.6585,9.606],[8.6545,9.6088]]},"properties":{"c":"t","r":"A235"}},{"type":"Feature","geometry":{"type":"LineString","coordinates":[[8.6419,9.6317],[8.6363,9.6552],[8.6282,9.6649],[8.6188,9.6543],[8.5936,9.6556]]},"properties":{"c":"t","r":"A235"}},{"type":"Feature","geometry":{"type":"LineString","coordinates":[[8.6588,9.6059],[8.6585,9.606]]},"properties":{"c":"t","r":"A235"}},{"type":"Feature","geometry":{"type":"LineString","coordinates":[[7.7102,11.0789],[7.7111,11.0785]]},"properties":{"c":"t","r":"A236"}},{"type":"Feature","geometry":{"type":"LineString","coordinates":[[7.9012,11.0349],[7.9011,11.035]]},"properties":{"c":"t","r":"A236"}},{"type":"Feature","geometry":{"type":"LineString","coordinates":[[7.71,11.0792],[7.71,11.0792]]},"properties":{"c":"t","r":"A236"}},{"type":"Feature","geometry":{"type":"LineString","coordinates":[[7.9011,11.035],[7.8843,11.0386],[7.8746,11.0456],[7.8385,11.0539],[7.7842,11.077],[7.7707,11.0757],[7.7639,11.079]]},"properties":{"c":"t","r":"A236"}},{"type":"Feature","geometry":{"type":"LineString","coordinates":[[7.7084,11.0793],[7.7099,11.079]]},"properties":{"c":"t","r":"A236"}},{"type":"Feature","geometry":{"type":"LineString","coordinates":[[7.9806,11.016],[7.9805,11.0161]]},"properties":{"c":"t","r":"A236"}},{"type":"Feature","geometry":{"type":"LineString","coordinates":[[7.9805,11.0161],[7.9604,11.0225]]},"properties":{"c":"t","r":"A236"}},{"type":"Feature","geometry":{"type":"LineString","coordinates":[[7.71,11.0792],[7.7084,11.0793]]},"properties":{"c":"t","r":"A236"}},{"type":"Feature","geometry":{"type":"LineString","coordinates":[[7.7639,11.079],[7.7638,11.0791]]},"properties":{"c":"t","r":"A236"}},{"type":"Feature","geometry":{"type":"LineString","coordinates":[[7.9602,11.0225],[7.9286,11.0332],[7.9012,11.0349]]},"properties":{"c":"t","r":"A236"}},{"type":"Feature","geometry":{"type":"LineString","coordinates":[[7.7111,11.0785],[7.7103,11.079]]},"properties":{"c":"t","r":"A236"}},{"type":"Feature","geometry":{"type":"LineString","coordinates":[[7.7638,11.0791],[7.7412,11.076]]},"properties":{"c":"t","r":"A236"}},{"type":"Feature","geometry":{"type":"LineString","coordinates":[[7.9604,11.0225],[7.9602,11.0225]]},"properties":{"c":"t","r":"A236"}},{"type":"Feature","geometry":{"type":"LineString","coordinates":[[5.2325,13.0542],[5.2325,13.0542]]},"properties":{"c":"t","r":""}},{"type":"Feature","geometry":{"type":"LineString","coordinates":[[5.2561,13.0753],[5.2561,13.0753]]},"properties":{"c":"t","r":""}},{"type":"Feature","geometry":{"type":"LineString","coordinates":[[8.366,10.687],[8.3535,10.6876],[8.3208,10.6755],[8.3099,10.6757]]},"properties":{"c":"t","r":"A236"}},{"type":"Feature","geometry":{"type":"LineString","coordinates":[[8.39,10.6902],[8.366,10.6871]]},"properties":{"c":"t","r":"A236"}},{"type":"Feature","geometry":{"type":"LineString","coordinates":[[8.366,10.6871],[8.366,10.687]]},"properties":{"c":"t","r":"A236"}},{"type":"Feature","geometry":{"type":"LineString","coordinates":[[8.3099,10.6757],[8.3095,10.6757]]},"properties":{"c":"t","r":"A236"}},{"type":"Feature","geometry":{"type":"LineString","coordinates":[[8.3095,10.6757],[8.2802,10.6808]]},"properties":{"c":"t","r":"A236"}},{"type":"Feature","geometry":{"type":"LineString","coordinates":[[9.4872,11.4283],[9.4876,11.4274]]},"properties":{"c":"t","r":"A237"}},{"type":"Feature","geometry":{"type":"LineString","coordinates":[[9.4876,11.4274],[9.4901,11.4214]]},"properties":{"c":"t","r":"A237"}},{"type":"Feature","geometry":{"type":"LineString","coordinates":[[8.3901,10.6902],[8.39,10.6902]]},"properties":{"c":"t","r":"A236"}},{"type":"Feature","geometry":{"type":"LineString","coordinates":[[8.467,10.6287],[8.4691,10.6384],[8.466,10.6536],[8.4673,10.6719],[8.4565,10.6833],[8.4337,10.6849],[8.4263,10.6897],[8.4121,10.6925],[8.3901,10.6902]]},"properties":{"c":"t","r":"A236"}},{"type":"Feature","geometry":{"type":"LineString","coordinates":[[8.4669,10.6286],[8.467,10.6287]]},"properties":{"c":"t","r":"A236"}},{"type":"Feature","geometry":{"type":"LineString","coordinates":[[8.4623,10.5907],[8.4622,10.5908]]},"properties":{"c":"t","r":"A236"}},{"type":"Feature","geometry":{"type":"LineString","coordinates":[[8.4622,10.5908],[8.4581,10.6091],[8.4669,10.6286]]},"properties":{"c":"t","r":"A236"}},{"type":"Feature","geometry":{"type":"LineString","coordinates":[[8.4644,10.5858],[8.4623,10.5907]]},"properties":{"c":"t","r":"A236"}},{"type":"Feature","geometry":{"type":"LineString","coordinates":[[8.4645,10.5857],[8.4644,10.5858]]},"properties":{"c":"t","r":"A236"}},{"type":"Feature","geometry":{"type":"LineString","coordinates":[[8.6544,10.4412],[8.6053,10.4812],[8.5934,10.4833],[8.5635,10.4812],[8.5533,10.4873],[8.5338,10.4915],[8.5227,10.5062],[8.5054,10.52],[8.4884,10.5122],[8.4722,10.5135],[8.4567,10.5393],[8.4357,10.5544],[8.4381,10.5596],[8.4643,10.5756],[8.4645,10.5857]]},"properties":{"c":"t","r":"A236"}},{"type":"Feature","geometry":{"type":"LineString","coordinates":[[8.4245,11.7788],[8.4874,11.8148],[8.516,11.841]]},"properties":{"c":"t","r":"A2"}},{"type":"Feature","geometry":{"type":"LineString","coordinates":[[3.9131,7.4713],[3.9127,7.4689]]},"properties":{"c":"t","r":"A1"}},{"type":"Feature","geometry":{"type":"LineString","coordinates":[[3.9165,7.4891],[3.9165,7.4894]]},"properties":{"c":"m","r":"E1"}},{"type":"Feature","geometry":{"type":"LineString","coordinates":[[3.9163,7.4894],[3.9163,7.4892]]},"properties":{"c":"m","r":"E1"}},{"type":"Feature","geometry":{"type":"LineString","coordinates":[[3.9165,7.4894],[3.9164,7.4906]]},"properties":{"c":"m","r":"E1"}},{"type":"Feature","geometry":{"type":"LineString","coordinates":[[3.9139,7.4699],[3.9206,7.4552],[3.9218,7.4435],[3.9332,7.4347]]},"properties":{"c":"m","r":"E1"}},{"type":"Feature","geometry":{"type":"LineString","coordinates":[[3.9132,7.4717],[3.9132,7.4717]]},"properties":{"c":"t","r":""}},{"type":"Feature","geometry":{"type":"LineString","coordinates":[[3.8901,7.4011],[3.8901,7.4011]]},"properties":{"c":"t","r":"A5"}},{"type":"Feature","geometry":{"type":"LineString","coordinates":[[3.8901,7.4009],[3.8899,7.4003]]},"properties":{"c":"t","r":"A5"}},{"type":"Feature","geometry":{"type":"LineString","coordinates":[[3.8904,7.4008],[3.8963,7.4012]]},"properties":{"c":"t","r":"A5"}},{"type":"Feature","geometry":{"type":"LineString","coordinates":[[3.89,7.4003],[3.8904,7.4008]]},"properties":{"c":"t","r":"A5"}},{"type":"Feature","geometry":{"type":"LineString","coordinates":[[3.8868,7.3961],[3.8894,7.3995]]},"properties":{"c":"t","r":"A5"}},{"type":"Feature","geometry":{"type":"LineString","coordinates":[[3.9127,7.4689],[3.9124,7.4685]]},"properties":{"c":"t","r":"A1"}},{"type":"Feature","geometry":{"type":"LineString","coordinates":[[3.9127,7.4685],[3.9133,7.4713]]},"properties":{"c":"t","r":"A1"}},{"type":"Feature","geometry":{"type":"LineString","coordinates":[[3.9123,7.4683],[3.9123,7.4683]]},"properties":{"c":"t","r":""}},{"type":"Feature","geometry":{"type":"LineString","coordinates":[[5.5082,8.2211],[5.5017,8.2101],[5.4809,8.1958],[5.4299,8.1375],[5.3854,8.1294],[5.3696,8.1219],[5.3599,8.1102]]},"properties":{"c":"t","r":"A123"}},{"type":"Feature","geometry":{"type":"LineString","coordinates":[[8.9518,11.6257],[8.9519,11.6256]]},"properties":{"c":"t","r":"A237"}},{"type":"Feature","geometry":{"type":"LineString","coordinates":[[8.9519,11.6256],[8.97,11.6086],[9.018,11.6167],[9.0298,11.6128]]},"properties":{"c":"t","r":"A237"}},{"type":"Feature","geometry":{"type":"LineString","coordinates":[[9.0298,11.6128],[9.0304,11.6126]]},"properties":{"c":"t","r":"A237"}},{"type":"Feature","geometry":{"type":"LineString","coordinates":[[9.0304,11.6126],[9.0537,11.6007],[9.0748,11.5975],[9.0843,11.5913],[9.0919,11.5825],[9.0983,11.5633],[9.1024,11.5602],[9.192,11.5526],[9.2212,11.5402],[9.2958,11.5442],[9.3189,11.5421],[9.3363,11.5281]]},"properties":{"c":"t","r":"A237"}},{"type":"Feature","geometry":{"type":"LineString","coordinates":[[7.3279,5.07],[7.3279,5.0707]]},"properties":{"c":"t","r":"A3-1"}},{"type":"Feature","geometry":{"type":"LineString","coordinates":[[7.3276,5.0703],[7.3276,5.0698]]},"properties":{"c":"t","r":"A3-1"}},{"type":"Feature","geometry":{"type":"LineString","coordinates":[[7.3273,5.2161],[7.3266,5.2573],[7.3315,5.3129],[7.3512,5.3333],[7.365,5.3549],[7.3766,5.39],[7.4039,5.4202],[7.4173,5.459],[7.4314,5.4729]]},"properties":{"c":"t","r":"A3-1"}},{"type":"Feature","geometry":{"type":"LineString","coordinates":[[7.3198,5.0378],[7.3064,5.0032],[7.2843,4.9816]]},"properties":{"c":"t","r":"A3-1"}},{"type":"Feature","geometry":{"type":"LineString","coordinates":[[3.339,6.4748],[3.3387,6.4746]]},"properties":{"c":"m","r":"F100"}},{"type":"Feature","geometry":{"type":"LineString","coordinates":[[3.3387,6.4746],[3.3382,6.4743]]},"properties":{"c":"m","r":"F100"}},{"type":"Feature","geometry":{"type":"LineString","coordinates":[[3.3473,6.4788],[3.3626,6.4771]]},"properties":{"c":"t","r":"F100"}},{"type":"Feature","geometry":{"type":"LineString","coordinates":[[9.337,11.5275],[9.3433,11.522],[9.3585,11.5196],[9.3687,11.5104],[9.3748,11.4973],[9.3851,11.4984],[9.403,11.4921],[9.4176,11.4936],[9.4276,11.4782],[9.4427,11.4698],[9.4467,11.4641],[9.4754,11.4708],[9.4831,11.4621],[9.4805,11.4513],[9.4872,11.4283]]},"properties":{"c":"t","r":"A237"}},{"type":"Feature","geometry":{"type":"LineString","coordinates":[[9.3363,11.5281],[9.337,11.5275]]},"properties":{"c":"t","r":"A237"}},{"type":"Feature","geometry":{"type":"LineString","coordinates":[[9.4901,11.4214],[9.4902,11.4211]]},"properties":{"c":"t","r":"A237"}},{"type":"Feature","geometry":{"type":"LineString","coordinates":[[9.4902,11.4211],[9.4914,11.4079]]},"properties":{"c":"t","r":"A237"}},{"type":"Feature","geometry":{"type":"LineString","coordinates":[[9.4914,11.4079],[9.4916,11.4077]]},"properties":{"c":"t","r":"A237"}},{"type":"Feature","geometry":{"type":"LineString","coordinates":[[9.4916,11.4077],[9.5046,11.3931],[9.5087,11.3815],[9.5157,11.3793],[9.5228,11.3827]]},"properties":{"c":"t","r":"A237"}},{"type":"Feature","geometry":{"type":"LineString","coordinates":[[13.6787,11.5386],[13.6857,11.537],[13.689,11.5108],[13.7529,11.4692],[13.7585,11.4609],[13.7597,11.448]]},"properties":{"c":"t","r":"A4-7"}},{"type":"Feature","geometry":{"type":"LineString","coordinates":[[13.678,11.5387],[13.6787,11.5386]]},"properties":{"c":"t","r":"A4-7"}},{"type":"Feature","geometry":{"type":"LineString","coordinates":[[9.9479,11.4232],[9.9406,11.423],[9.9166,11.4345],[9.9044,11.4339],[9.8944,11.4276],[9.892,11.4208],[9.9009,11.3818],[9.8809,11.3436],[9.846,11.3257],[9.8314,11.3262]]},"properties":{"c":"t","r":"A237"}},{"type":"Feature","geometry":{"type":"LineString","coordinates":[[9.6416,11.3459],[9.642,11.346]]},"properties":{"c":"t","r":"A237"}},{"type":"Feature","geometry":{"type":"LineString","coordinates":[[7.3805,5.1153],[7.3723,5.116]]},"properties":{"c":"t","r":"A342"}},{"type":"Feature","geometry":{"type":"LineString","coordinates":[[7.3862,5.1139],[7.381,5.1152]]},"properties":{"c":"t","r":"A342"}},{"type":"Feature","geometry":{"type":"LineString","coordinates":[[7.3914,5.1128],[7.3862,5.1139]]},"properties":{"c":"t","r":"A342"}},{"type":"Feature","geometry":{"type":"LineString","coordinates":[[7.3805,5.1152],[7.381,5.1151]]},"properties":{"c":"t","r":"A342"}},{"type":"Feature","geometry":{"type":"LineString","coordinates":[[7.3862,5.1138],[7.3914,5.1127]]},"properties":{"c":"t","r":"A342"}},{"type":"Feature","geometry":{"type":"LineString","coordinates":[[7.976,4.9866],[7.9838,4.9845],[7.9935,4.9767],[7.9996,4.9535],[8.008,4.9413]]},"properties":{"c":"t","r":"A342"}},{"type":"Feature","geometry":{"type":"LineString","coordinates":[[7.4604,5.1154],[7.4782,5.1221]]},"properties":{"c":"t","r":"A342"}},{"type":"Feature","geometry":{"type":"LineString","coordinates":[[7.3914,5.1127],[7.3966,5.1119]]},"properties":{"c":"t","r":"A342"}},{"type":"Feature","geometry":{"type":"LineString","coordinates":[[7.381,5.1151],[7.3862,5.1138]]},"properties":{"c":"t","r":"A342"}},{"type":"Feature","geometry":{"type":"LineString","coordinates":[[7.381,5.1152],[7.3805,5.1153]]},"properties":{"c":"t","r":"A342"}},{"type":"Feature","geometry":{"type":"LineString","coordinates":[[8.0723,5.1768],[8.0998,5.1717],[8.1041,5.1673],[8.1129,5.1674],[8.1269,5.1742],[8.1436,5.1674],[8.1731,5.1668],[8.1891,5.1757],[8.2025,5.1894],[8.2291,5.1796]]},"properties":{"c":"t","r":"A4-1"}},{"type":"Feature","geometry":{"type":"LineString","coordinates":[[7.9996,5.1722],[7.9967,5.1708]]},"properties":{"c":"t","r":"A4-1"}},{"type":"Feature","geometry":{"type":"LineString","coordinates":[[8.0715,5.1769],[8.0723,5.1768]]},"properties":{"c":"t","r":"A4-1"}},{"type":"Feature","geometry":{"type":"LineString","coordinates":[[8.051,5.1775],[8.0522,5.178]]},"properties":{"c":"t","r":"A4-1"}},{"type":"Feature","geometry":{"type":"LineString","coordinates":[[7.9766,5.1481],[7.9868,5.1535],[7.9888,5.1624],[7.9967,5.1708]]},"properties":{"c":"t","r":"A4-1"}},{"type":"Feature","geometry":{"type":"LineString","coordinates":[[8.0642,5.1787],[8.0715,5.1769]]},"properties":{"c":"t","r":"A4-1"}},{"type":"Feature","geometry":{"type":"LineString","coordinates":[[8.0522,5.178],[8.0631,5.179]]},"properties":{"c":"t","r":"A4-1"}},{"type":"Feature","geometry":{"type":"LineString","coordinates":[[7.9996,5.1722],[8.0113,5.1749],[8.0248,5.1709],[8.051,5.1775]]},"properties":{"c":"t","r":"A4-1"}},{"type":"Feature","geometry":{"type":"LineString","coordinates":[[8.0642,5.1788],[8.0631,5.179]]},"properties":{"c":"t","r":"A4-1"}},{"type":"Feature","geometry":{"type":"LineString","coordinates":[[8.0631,5.179],[8.0642,5.1787]]},"properties":{"c":"t","r":"A4-1"}},{"type":"Feature","geometry":{"type":"LineString","coordinates":[[3.5786,6.8831],[3.5781,6.8834]]},"properties":{"c":"t","r":"A121-1"}},{"type":"Feature","geometry":{"type":"LineString","coordinates":[[3.5785,6.883],[3.6021,6.8683],[3.6198,6.866],[3.6236,6.8601]]},"properties":{"c":"t","r":"A121-1"}},{"type":"Feature","geometry":{"type":"LineString","coordinates":[[3.9125,7.5866],[3.9125,7.587]]},"properties":{"c":"t","r":"A1"}},{"type":"Feature","geometry":{"type":"LineString","coordinates":[[3.9119,7.5861],[3.9122,7.5863]]},"properties":{"c":"t","r":"A1"}},{"type":"Feature","geometry":{"type":"LineString","coordinates":[[3.5693,6.8909],[3.5696,6.8889],[3.5693,6.8909]]},"properties":{"c":"t","r":"F102"}},{"type":"Feature","geometry":{"type":"LineString","coordinates":[[3.5473,6.768],[3.5809,6.7985],[3.5838,6.806],[3.6065,6.8112],[3.6258,6.8232]]},"properties":{"c":"t","r":"A1"}},{"type":"Feature","geometry":{"type":"LineString","coordinates":[[3.9125,7.587],[3.9135,7.5884]]},"properties":{"c":"t","r":"A1"}},{"type":"Feature","geometry":{"type":"LineString","coordinates":[[3.912,7.5865],[3.9119,7.5861]]},"properties":{"c":"t","r":"A1"}},{"type":"Feature","geometry":{"type":"LineString","coordinates":[[3.5687,6.8892],[3.5775,6.8836]]},"properties":{"c":"t","r":"F102"}},{"type":"Feature","geometry":{"type":"LineString","coordinates":[[3.9125,7.587],[3.9122,7.5868]]},"properties":{"c":"t","r":"A1"}},{"type":"Feature","geometry":{"type":"LineString","coordinates":[[3.5699,6.8903],[3.5726,6.9009],[3.5664,6.9169],[3.5399,6.9358],[3.5316,6.9457],[3.5337,6.9876],[3.5256,7.0094],[3.47,7.0222],[3.4531,7.0291],[3.4104,7.0669],[3.4025,7.0862],[3.3951,7.0938],[3.3945,7.1073],[3.391,7.1135],[3.3621,7.124]]},"properties":{"c":"t","r":"F102"}},{"type":"Feature","geometry":{"type":"LineString","coordinates":[[3.5781,6.8834],[3.5776,6.8837]]},"properties":{"c":"t","r":"A121-1"}},{"type":"Feature","geometry":{"type":"LineString","coordinates":[[3.5776,6.8837],[3.5699,6.8903]]},"properties":{"c":"t","r":"F102"}},{"type":"Feature","geometry":{"type":"LineString","coordinates":[[3.5775,6.8836],[3.5781,6.8833]]},"properties":{"c":"t","r":"A121-1"}},{"type":"Feature","geometry":{"type":"LineString","coordinates":[[3.5781,6.8833],[3.5785,6.883]]},"properties":{"c":"t","r":"A121-1"}},{"type":"Feature","geometry":{"type":"LineString","coordinates":[[5.2962,6.6522],[5.1487,6.7521]]},"properties":{"c":"t","r":"A121-1"}},{"type":"Feature","geometry":{"type":"LineString","coordinates":[[7.3178,11.495],[7.3172,11.5006]]},"properties":{"c":"t","r":"A126"}},{"type":"Feature","geometry":{"type":"LineString","coordinates":[[7.3168,11.5012],[7.3171,11.5015]]},"properties":{"c":"t","r":"A126"}},{"type":"Feature","geometry":{"type":"LineString","coordinates":[[7.3167,11.5015],[7.3168,11.5012]]},"properties":{"c":"t","r":"A126"}},{"type":"Feature","geometry":{"type":"LineString","coordinates":[[3.9488,6.5821],[3.9504,6.5847]]},"properties":{"c":"t","r":""}},{"type":"Feature","geometry":{"type":"LineString","coordinates":[[3.9488,6.5821],[3.9487,6.5818]]},"properties":{"c":"t","r":""}},{"type":"Feature","geometry":{"type":"LineString","coordinates":[[3.9504,6.5847],[3.9488,6.5821]]},"properties":{"c":"t","r":""}},{"type":"Feature","geometry":{"type":"LineString","coordinates":[[3.9514,6.5865],[3.9512,6.5861]]},"properties":{"c":"t","r":""}},{"type":"Feature","geometry":{"type":"LineString","coordinates":[[3.9487,6.5818],[3.945,6.5756]]},"properties":{"c":"t","r":""}},{"type":"Feature","geometry":{"type":"LineString","coordinates":[[3.6391,6.4707],[3.6616,6.4679],[3.6839,6.4605],[3.7179,6.4722],[3.7623,6.4762],[3.792,6.4714],[3.8298,6.4714],[3.8424,6.4744],[3.8626,6.485],[3.8805,6.4848]]},"properties":{"c":"t","r":""}},{"type":"Feature","geometry":{"type":"LineString","coordinates":[[3.922,6.545],[3.8961,6.5345],[3.8909,6.525],[3.8908,6.5142]]},"properties":{"c":"t","r":""}},{"type":"Feature","geometry":{"type":"LineString","coordinates":[[3.6572,6.8672],[3.7032,6.8841],[3.7375,6.8819],[3.7734,6.869],[3.8004,6.8358],[3.8201,6.8246]]},"properties":{"c":"t","r":"A121-1"}},{"type":"Feature","geometry":{"type":"LineString","coordinates":[[3.362,7.1239],[3.3916,7.1127],[3.3949,7.094],[3.4024,7.0862],[3.4101,7.0672],[3.4538,7.0286],[3.4694,7.0223],[3.5251,7.0099],[3.5336,6.988],[3.5317,6.9453],[3.5402,6.9354],[3.5599,6.9239],[3.5663,6.9169],[3.5726,6.9],[3.5691,6.8909]]},"properties":{"c":"t","r":"F102"}},{"type":"Feature","geometry":{"type":"LineString","coordinates":[[3.847,7.3824],[3.8454,7.379],[3.827,7.3835],[3.803,7.3996],[3.7813,7.3958],[3.772,7.4017],[3.7511,7.3938],[3.7441,7.3876],[3.7325,7.3859],[3.7226,7.3864],[3.7093,7.3962],[3.6985,7.395],[3.6922,7.3861],[3.6731,7.3826],[3.6323,7.3225],[3.6137,7.3113],[3.6154,7.3006],[3.5892,7.2793]]},"properties":{"c":"t","r":"A5"}},{"type":"Feature","geometry":{"type":"LineString","coordinates":[[8.1003,6.3108],[8.0961,6.3141]]},"properties":{"c":"t","r":"A343"}},{"type":"Feature","geometry":{"type":"LineString","coordinates":[[7.9651,6.3994],[7.9669,6.3996]]},"properties":{"c":"t","r":"A343"}},{"type":"Feature","geometry":{"type":"LineString","coordinates":[[8.1022,6.3098],[8.1022,6.3098]]},"properties":{"c":"t","r":""}},{"type":"Feature","geometry":{"type":"LineString","coordinates":[[8.0961,6.3141],[8.0959,6.3143]]},"properties":{"c":"t","r":"A343"}},{"type":"Feature","geometry":{"type":"LineString","coordinates":[[8.096,6.314],[8.1018,6.3098]]},"properties":{"c":"t","r":"A343"}},{"type":"Feature","geometry":{"type":"LineString","coordinates":[[8.3302,6.3654],[8.3342,6.3656]]},"properties":{"c":"t","r":"A343"}},{"type":"Feature","geometry":{"type":"LineString","coordinates":[[8.139,6.309],[8.1229,6.3074]]},"properties":{"c":"t","r":"A343"}},{"type":"Feature","geometry":{"type":"LineString","coordinates":[[8.1229,6.3074],[8.1225,6.3074]]},"properties":{"c":"t","r":"A343"}},{"type":"Feature","geometry":{"type":"LineString","coordinates":[[8.33,6.3655],[8.3302,6.3654]]},"properties":{"c":"t","r":"A343"}},{"type":"Feature","geometry":{"type":"LineString","coordinates":[[8.1442,6.3092],[8.1391,6.309]]},"properties":{"c":"t","r":"A343"}},{"type":"Feature","geometry":{"type":"LineString","coordinates":[[8.1391,6.309],[8.139,6.309]]},"properties":{"c":"t","r":"A343"}},{"type":"Feature","geometry":{"type":"LineString","coordinates":[[8.4211,6.3537],[8.4302,6.3585]]},"properties":{"c":"t","r":"A343"}},{"type":"Feature","geometry":{"type":"LineString","coordinates":[[8.3789,6.3728],[8.3954,6.3783],[8.4027,6.3646]]},"properties":{"c":"t","r":"A343"}},{"type":"Feature","geometry":{"type":"LineString","coordinates":[[8.4027,6.3646],[8.4107,6.3564],[8.4211,6.3537]]},"properties":{"c":"t","r":"A343"}},{"type":"Feature","geometry":{"type":"LineString","coordinates":[[8.3784,6.3726],[8.3789,6.3728]]},"properties":{"c":"t","r":"A343"}},{"type":"Feature","geometry":{"type":"LineString","coordinates":[[8.3342,6.3656],[8.3487,6.3758],[8.3784,6.3726]]},"properties":{"c":"t","r":"A343"}},{"type":"Feature","geometry":{"type":"LineString","coordinates":[[8.4302,6.3585],[8.4477,6.3643],[8.4608,6.3792]]},"properties":{"c":"t","r":"A343"}},{"type":"Feature","geometry":{"type":"LineString","coordinates":[[8.4689,6.4394],[8.4727,6.446],[8.4894,6.4558],[8.4938,6.4674],[8.5134,6.4727]]},"properties":{"c":"t","r":"A343"}},{"type":"Feature","geometry":{"type":"LineString","coordinates":[[8.6229,6.4276],[8.6336,6.4143],[8.6451,6.3908],[8.6658,6.3878],[8.6706,6.3736],[8.678,6.3702]]},"properties":{"c":"t","r":"A343"}},{"type":"Feature","geometry":{"type":"LineString","coordinates":[[8.5622,6.5008],[8.5684,6.4943],[8.5687,6.4832]]},"properties":{"c":"t","r":"A343"}},{"type":"Feature","geometry":{"type":"LineString","coordinates":[[8.8164,6.6459],[8.8035,6.6185]]},"properties":{"c":"t","r":"A4"}},{"type":"Feature","geometry":{"type":"LineString","coordinates":[[8.6586,6.1119],[8.6598,6.1115]]},"properties":{"c":"t","r":"A4"}},{"type":"Feature","geometry":{"type":"LineString","coordinates":[[8.6598,6.1115],[8.6724,6.1],[8.6744,6.0805],[8.6834,6.0713],[8.6854,6.0477],[8.7025,6.0375],[8.7056,6.0245],[8.7169,6.0153],[8.7179,6.0023]]},"properties":{"c":"t","r":"A4"}},{"type":"Feature","geometry":{"type":"LineString","coordinates":[[8.8035,6.6185],[8.8034,6.6179]]},"properties":{"c":"t","r":"A4"}},{"type":"Feature","geometry":{"type":"LineString","coordinates":[[8.8167,6.6462],[8.8164,6.6459]]},"properties":{"c":"t","r":"A4"}},{"type":"Feature","geometry":{"type":"LineString","coordinates":[[9.8644,10.3134],[9.8643,10.3134]]},"properties":{"c":"t","r":"A345"}},{"type":"Feature","geometry":{"type":"LineString","coordinates":[[9.8644,10.3133],[9.8794,10.311]]},"properties":{"c":"t","r":"A345"}},{"type":"Feature","geometry":{"type":"LineString","coordinates":[[9.8419,10.3176],[9.846,10.3144]]},"properties":{"c":"t","r":"A345"}},{"type":"Feature","geometry":{"type":"LineString","coordinates":[[9.8643,10.3133],[9.8644,10.3133]]},"properties":{"c":"t","r":"A345"}},{"type":"Feature","geometry":{"type":"LineString","coordinates":[[9.8643,10.3134],[9.855,10.3168],[9.8465,10.3146]]},"properties":{"c":"t","r":"A345"}},{"type":"Feature","geometry":{"type":"LineString","coordinates":[[9.8794,10.311],[9.8833,10.3113]]},"properties":{"c":"t","r":"A345"}},{"type":"Feature","geometry":{"type":"LineString","coordinates":[[9.8794,10.311],[9.8644,10.3134]]},"properties":{"c":"t","r":"A345"}},{"type":"Feature","geometry":{"type":"LineString","coordinates":[[9.846,10.3147],[9.8419,10.3176]]},"properties":{"c":"t","r":"A345"}},{"type":"Feature","geometry":{"type":"LineString","coordinates":[[9.8332,10.3181],[9.8228,10.3207]]},"properties":{"c":"t","r":"A345"}},{"type":"Feature","geometry":{"type":"LineString","coordinates":[[9.8464,10.3144],[9.8552,10.3167],[9.8643,10.3133]]},"properties":{"c":"t","r":"A345"}},{"type":"Feature","geometry":{"type":"LineString","coordinates":[[10.1767,10.2454],[10.192,10.2449],[10.2092,10.2522]]},"properties":{"c":"t","r":"A345"}},{"type":"Feature","geometry":{"type":"LineString","coordinates":[[10.2094,10.2523],[10.2279,10.2589],[10.2378,10.2563],[10.2678,10.2615],[10.2989,10.2626]]},"properties":{"c":"t","r":"A345"}},{"type":"Feature","geometry":{"type":"LineString","coordinates":[[10.1766,10.2454],[10.1767,10.2454]]},"properties":{"c":"t","r":"A345"}},{"type":"Feature","geometry":{"type":"LineString","coordinates":[[10.2092,10.2522],[10.2094,10.2523]]},"properties":{"c":"t","r":"A345"}},{"type":"Feature","geometry":{"type":"LineString","coordinates":[[10.4527,10.297],[10.453,10.2969]]},"properties":{"c":"t","r":"A345"}},{"type":"Feature","geometry":{"type":"LineString","coordinates":[[10.453,10.2969],[10.4682,10.2945],[10.5335,10.3109],[10.6341,10.3275],[10.6951,10.3668],[10.7323,10.3714],[10.8138,10.342],[10.8326,10.3448],[10.8505,10.3411],[10.89,10.3263],[10.9248,10.3057],[10.9393,10.303],[10.9669,10.289],[11.0269,10.2898]]},"properties":{"c":"t","r":"A345"}},{"type":"Feature","geometry":{"type":"LineString","coordinates":[[10.3641,10.2799],[10.3642,10.28]]},"properties":{"c":"t","r":"A345"}},{"type":"Feature","geometry":{"type":"LineString","coordinates":[[10.3642,10.28],[10.392,10.289],[10.4377,10.2913],[10.4527,10.297]]},"properties":{"c":"t","r":"A345"}},{"type":"Feature","geometry":{"type":"LineString","coordinates":[[11.207,10.0345],[11.1993,10.0007],[11.2131,9.9432]]},"properties":{"c":"t","r":"A345"}},{"type":"Feature","geometry":{"type":"LineString","coordinates":[[11.207,10.0347],[11.207,10.0345]]},"properties":{"c":"t","r":"A345"}},{"type":"Feature","geometry":{"type":"LineString","coordinates":[[11.2875,9.8311],[11.2942,9.8259]]},"properties":{"c":"t","r":"A345"}},{"type":"Feature","geometry":{"type":"LineString","coordinates":[[11.4083,9.7216],[11.4233,9.7054]]},"properties":{"c":"t","r":"A345"}},{"type":"Feature","geometry":{"type":"LineString","coordinates":[[11.4969,9.695],[11.5122,9.6981]]},"properties":{"c":"t","r":"A345"}},{"type":"Feature","geometry":{"type":"LineString","coordinates":[[11.5275,9.703],[11.5281,9.7033]]},"properties":{"c":"t","r":"A345"}},{"type":"Feature","geometry":{"type":"LineString","coordinates":[[11.5366,9.7046],[11.5369,9.7046]]},"properties":{"c":"t","r":"A345"}},{"type":"Feature","geometry":{"type":"LineString","coordinates":[[11.4968,9.695],[11.4969,9.695]]},"properties":{"c":"t","r":"A345"}},{"type":"Feature","geometry":{"type":"LineString","coordinates":[[11.5124,9.6982],[11.5275,9.703]]},"properties":{"c":"t","r":"A345"}},{"type":"Feature","geometry":{"type":"LineString","coordinates":[[11.5122,9.6981],[11.5124,9.6982]]},"properties":{"c":"t","r":"A345"}},{"type":"Feature","geometry":{"type":"LineString","coordinates":[[11.5369,9.7046],[11.5625,9.7149],[11.5827,9.7281]]},"properties":{"c":"t","r":"A345"}},{"type":"Feature","geometry":{"type":"LineString","coordinates":[[11.5281,9.7033],[11.5366,9.7046]]},"properties":{"c":"t","r":"A345"}},{"type":"Feature","geometry":{"type":"LineString","coordinates":[[11.6035,9.7337],[11.6038,9.7339]]},"properties":{"c":"t","r":"A345"}},{"type":"Feature","geometry":{"type":"LineString","coordinates":[[11.6239,9.7407],[11.6536,9.7373]]},"properties":{"c":"t","r":"A345"}},{"type":"Feature","geometry":{"type":"LineString","coordinates":[[11.5917,9.7277],[11.6035,9.7337]]},"properties":{"c":"t","r":"A345"}},{"type":"Feature","geometry":{"type":"LineString","coordinates":[[11.5829,9.7281],[11.5916,9.7277]]},"properties":{"c":"t","r":"A345"}},{"type":"Feature","geometry":{"type":"LineString","coordinates":[[11.6038,9.7339],[11.619,9.7415]]},"properties":{"c":"t","r":"A345"}},{"type":"Feature","geometry":{"type":"LineString","coordinates":[[11.6537,9.7373],[11.6606,9.7355]]},"properties":{"c":"t","r":"A345"}},{"type":"Feature","geometry":{"type":"LineString","coordinates":[[11.6698,9.7332],[11.6699,9.7332]]},"properties":{"c":"t","r":"A345"}},{"type":"Feature","geometry":{"type":"LineString","coordinates":[[11.6536,9.7373],[11.6537,9.7373]]},"properties":{"c":"t","r":"A345"}},{"type":"Feature","geometry":{"type":"LineString","coordinates":[[11.6608,9.7355],[11.6698,9.7332]]},"properties":{"c":"t","r":"A345"}},{"type":"Feature","geometry":{"type":"LineString","coordinates":[[11.619,9.7415],[11.6192,9.7415]]},"properties":{"c":"t","r":"A345"}},{"type":"Feature","geometry":{"type":"LineString","coordinates":[[11.6699,9.7332],[11.6755,9.7271],[11.6834,9.7282],[11.6912,9.7165],[11.6998,9.7131]]},"properties":{"c":"t","r":"A345"}},{"type":"Feature","geometry":{"type":"LineString","coordinates":[[11.6238,9.7407],[11.6239,9.7407]]},"properties":{"c":"t","r":"A345"}},{"type":"Feature","geometry":{"type":"LineString","coordinates":[[11.6606,9.7355],[11.6608,9.7355]]},"properties":{"c":"t","r":"A345"}},{"type":"Feature","geometry":{"type":"LineString","coordinates":[[11.5827,9.7281],[11.5829,9.7281]]},"properties":{"c":"t","r":"A345"}},{"type":"Feature","geometry":{"type":"LineString","coordinates":[[11.6192,9.7415],[11.6238,9.7407]]},"properties":{"c":"t","r":"A345"}},{"type":"Feature","geometry":{"type":"LineString","coordinates":[[11.5916,9.7277],[11.5917,9.7277]]},"properties":{"c":"t","r":"A345"}},{"type":"Feature","geometry":{"type":"LineString","coordinates":[[7.9675,11.3696],[7.9462,11.3679],[7.9055,11.34],[7.8859,11.3119],[7.8438,11.2662],[7.8135,11.2405],[7.7955,11.2338],[7.7856,11.2231],[7.7693,11.1784],[7.7619,11.1696],[7.7463,11.1605],[7.7421,11.1509]]},"properties":{"c":"t","r":"A2"}},{"type":"Feature","geometry":{"type":"LineString","coordinates":[[7.8284,11.2527],[7.8857,11.3112],[7.9039,11.3384],[7.9461,11.3676],[7.9675,11.3694]]},"properties":{"c":"t","r":"A2"}},{"type":"Feature","geometry":{"type":"LineString","coordinates":[[11.759,9.7233],[11.7612,9.7171],[11.7679,9.7147],[11.7706,9.7015],[11.7777,9.697],[11.7834,9.6973],[11.7892,9.6881],[11.7956,9.6849],[11.8077,9.6567],[11.8282,9.6473]]},"properties":{"c":"t","r":"A345"}},{"type":"Feature","geometry":{"type":"LineString","coordinates":[[11.7238,9.7093],[11.7537,9.724]]},"properties":{"c":"t","r":"A345"}},{"type":"Feature","geometry":{"type":"LineString","coordinates":[[11.7537,9.724],[11.7538,9.724]]},"properties":{"c":"t","r":"A345"}},{"type":"Feature","geometry":{"type":"LineString","coordinates":[[11.7235,9.7091],[11.7238,9.7093]]},"properties":{"c":"t","r":"A345"}},{"type":"Feature","geometry":{"type":"LineString","coordinates":[[11.6998,9.7131],[11.6999,9.713]]},"properties":{"c":"t","r":"A345"}},{"type":"Feature","geometry":{"type":"LineString","coordinates":[[11.7538,9.724],[11.7588,9.7234]]},"properties":{"c":"t","r":"A345"}},{"type":"Feature","geometry":{"type":"LineString","coordinates":[[11.6999,9.713],[11.7168,9.707],[11.7235,9.7091]]},"properties":{"c":"t","r":"A345"}},{"type":"Feature","geometry":{"type":"LineString","coordinates":[[11.7588,9.7234],[11.759,9.7233]]},"properties":{"c":"t","r":"A345"}},{"type":"Feature","geometry":{"type":"LineString","coordinates":[[11.8635,9.626],[11.8834,9.5874],[11.9079,9.5683]]},"properties":{"c":"t","r":"A345"}},{"type":"Feature","geometry":{"type":"LineString","coordinates":[[11.8633,9.6261],[11.8635,9.626]]},"properties":{"c":"t","r":"A345"}},{"type":"Feature","geometry":{"type":"LineString","coordinates":[[11.8284,9.6472],[11.8351,9.6452],[11.8467,9.6312],[11.8633,9.6261]]},"properties":{"c":"t","r":"A345"}},{"type":"Feature","geometry":{"type":"LineString","coordinates":[[11.8282,9.6473],[11.8284,9.6472]]},"properties":{"c":"t","r":"A345"}},{"type":"Feature","geometry":{"type":"LineString","coordinates":[[12.0079,9.5288],[12.008,9.5288]]},"properties":{"c":"t","r":"A345"}},{"type":"Feature","geometry":{"type":"LineString","coordinates":[[11.9079,9.5683],[11.908,9.5681]]},"properties":{"c":"t","r":"A345"}},{"type":"Feature","geometry":{"type":"LineString","coordinates":[[12.008,9.5288],[12.0137,9.5271],[12.0158,9.5221]]},"properties":{"c":"t","r":"A345"}},{"type":"Feature","geometry":{"type":"LineString","coordinates":[[3.4155,6.6974],[3.414,6.6898]]},"properties":{"c":"m","r":"E1"}},{"type":"Feature","geometry":{"type":"LineString","coordinates":[[3.4136,6.6887],[3.4015,6.6603],[3.3848,6.6474]]},"properties":{"c":"m","r":"E1"}},{"type":"Feature","geometry":{"type":"LineString","coordinates":[[3.4213,6.7414],[3.4246,6.7859],[3.4349,6.8032],[3.4648,6.8272],[3.4896,6.8338],[3.5074,6.8468],[3.5303,6.8523],[3.5716,6.8739]]},"properties":{"c":"m","r":"E1"}},{"type":"Feature","geometry":{"type":"LineString","coordinates":[[3.4172,6.7331],[3.4143,6.7235]]},"properties":{"c":"m","r":"E1"}},{"type":"Feature","geometry":{"type":"LineString","coordinates":[[3.4154,6.7042],[3.4145,6.7146]]},"properties":{"c":"m","r":"E1"}},{"type":"Feature","geometry":{"type":"LineString","coordinates":[[3.6342,6.9206],[3.6495,6.9534],[3.6626,6.9709],[3.6712,6.9972],[3.7002,7.0188]]},"properties":{"c":"m","r":"E1"}},{"type":"Feature","geometry":{"type":"LineString","coordinates":[[3.8289,7.2479],[3.8438,7.2723],[3.8624,7.2847]]},"properties":{"c":"m","r":"E1"}},{"type":"Feature","geometry":{"type":"LineString","coordinates":[[3.8103,7.2229],[3.8052,7.2113],[3.8042,7.1971],[3.7945,7.1856],[3.788,7.1706],[3.7697,7.1551],[3.7573,7.1213],[3.7418,7.1034],[3.7297,7.0954]]},"properties":{"c":"m","r":"E1"}},{"type":"Feature","geometry":{"type":"LineString","coordinates":[[3.4142,6.6897],[3.4156,6.6975]]},"properties":{"c":"m","r":"E1"}},{"type":"Feature","geometry":{"type":"LineString","coordinates":[[3.4145,6.7146],[3.4143,6.7175]]},"properties":{"c":"m","r":"E1"}},{"type":"Feature","geometry":{"type":"LineString","coordinates":[[3.4143,6.7146],[3.4152,6.7042]]},"properties":{"c":"m","r":"E1"}},{"type":"Feature","geometry":{"type":"LineString","coordinates":[[3.4143,6.7175],[3.4174,6.733]]},"properties":{"c":"m","r":"E1"}},{"type":"Feature","geometry":{"type":"LineString","coordinates":[[3.4141,6.7174],[3.4143,6.7146]]},"properties":{"c":"m","r":"E1"}},{"type":"Feature","geometry":{"type":"LineString","coordinates":[[3.6341,6.9208],[3.6256,6.9132]]},"properties":{"c":"m","r":"E1"}},{"type":"Feature","geometry":{"type":"LineString","coordinates":[[3.6257,6.913],[3.6342,6.9206]]},"properties":{"c":"m","r":"E1"}},{"type":"Feature","geometry":{"type":"LineString","coordinates":[[3.5715,6.8741],[3.5311,6.8528],[3.5073,6.847],[3.4871,6.8329],[3.4651,6.8276],[3.4343,6.8029],[3.4246,6.7867],[3.4211,6.7414]]},"properties":{"c":"m","r":"E1"}},{"type":"Feature","geometry":{"type":"LineString","coordinates":[[3.7129,7.0507],[3.7148,7.0649],[3.7227,7.0753],[3.7297,7.0952]]},"properties":{"c":"m","r":"E1"}},{"type":"Feature","geometry":{"type":"LineString","coordinates":[[3.6998,7.0186],[3.6713,6.9976],[3.6626,6.9712],[3.6495,6.9536],[3.6341,6.9208]]},"properties":{"c":"m","r":"E1"}},{"type":"Feature","geometry":{"type":"LineString","coordinates":[[8.5329,12.0059],[8.5315,12.0102]]},"properties":{"c":"t","r":"A2"}},{"type":"Feature","geometry":{"type":"LineString","coordinates":[[8.5328,12.0059],[8.5334,12.0042]]},"properties":{"c":"t","r":"A2"}},{"type":"Feature","geometry":{"type":"LineString","coordinates":[[8.119,7.2105],[8.1021,7.2179],[8.0895,7.213],[8.0829,7.205]]},"properties":{"c":"t","r":"A3"}},{"type":"Feature","geometry":{"type":"LineString","coordinates":[[8.1461,7.1928],[8.1455,7.1925]]},"properties":{"c":"t","r":"A3"}},{"type":"Feature","geometry":{"type":"LineString","coordinates":[[4.3676,12.1806],[4.3831,12.1351],[4.3684,12.052],[4.3894,11.9634],[4.393,11.9343],[4.3913,11.9174]]},"properties":{"c":"t","r":"A1"}},{"type":"Feature","geometry":{"type":"LineString","coordinates":[[4.3735,12.2263],[4.3736,12.2264]]},"properties":{"c":"t","r":""}},{"type":"Feature","geometry":{"type":"LineString","coordinates":[[4.3732,12.2265],[4.3733,12.2263]]},"properties":{"c":"t","r":""}},{"type":"Feature","geometry":{"type":"LineString","coordinates":[[4.3733,12.2266],[4.3732,12.2265]]},"properties":{"c":"t","r":""}},{"type":"Feature","geometry":{"type":"LineString","coordinates":[[4.3736,12.2264],[4.3733,12.2266]]},"properties":{"c":"t","r":""}},{"type":"Feature","geometry":{"type":"LineString","coordinates":[[3.4678,6.431],[3.4618,6.4302],[3.457,6.4345]]},"properties":{"c":"t","r":""}},{"type":"Feature","geometry":{"type":"LineString","coordinates":[[3.4691,6.4309],[3.4885,6.4338]]},"properties":{"c":"t","r":""}},{"type":"Feature","geometry":{"type":"LineString","coordinates":[[3.5343,6.4427],[3.5474,6.448]]},"properties":{"c":"t","r":""}},{"type":"Feature","geometry":{"type":"LineString","coordinates":[[3.5477,6.4483],[3.5474,6.4481]]},"properties":{"c":"t","r":""}},{"type":"Feature","geometry":{"type":"LineString","coordinates":[[3.4852,6.4335],[3.469,6.4312]]},"properties":{"c":"t","r":""}},{"type":"Feature","geometry":{"type":"LineString","coordinates":[[3.5474,6.4481],[3.5256,6.4393],[3.5106,6.4372]]},"properties":{"c":"t","r":""}},{"type":"Feature","geometry":{"type":"LineString","coordinates":[[3.5477,6.4482],[3.5543,6.4512],[3.5553,6.4592]]},"properties":{"c":"t","r":""}},{"type":"Feature","geometry":{"type":"LineString","coordinates":[[3.5106,6.4372],[3.5104,6.4371]]},"properties":{"c":"t","r":""}},{"type":"Feature","geometry":{"type":"LineString","coordinates":[[3.5105,6.437],[3.5107,6.4371]]},"properties":{"c":"t","r":""}},{"type":"Feature","geometry":{"type":"LineString","coordinates":[[3.5474,6.448],[3.5477,6.4482]]},"properties":{"c":"t","r":""}},{"type":"Feature","geometry":{"type":"LineString","coordinates":[[3.2542,7.0467],[3.2537,7.0466]]},"properties":{"c":"t","r":"A5"}},{"type":"Feature","geometry":{"type":"LineString","coordinates":[[3.2972,7.1037],[3.2971,7.1034]]},"properties":{"c":"t","r":"A5"}},{"type":"Feature","geometry":{"type":"LineString","coordinates":[[3.3282,7.156],[3.3226,7.1513]]},"properties":{"c":"t","r":"A5"}},{"type":"Feature","geometry":{"type":"LineString","coordinates":[[3.3229,7.1512],[3.3282,7.1559]]},"properties":{"c":"t","r":"A5"}},{"type":"Feature","geometry":{"type":"LineString","coordinates":[[3.3188,7.1473],[3.3185,7.147]]},"properties":{"c":"t","r":"A5"}},{"type":"Feature","geometry":{"type":"LineString","coordinates":[[3.2795,7.0523],[3.2922,7.0697],[3.2968,7.101]]},"properties":{"c":"t","r":"A5"}},{"type":"Feature","geometry":{"type":"LineString","coordinates":[[3.2547,7.0463],[3.2551,7.0465]]},"properties":{"c":"t","r":"A5"}},{"type":"Feature","geometry":{"type":"LineString","coordinates":[[3.223,6.9483],[3.222,6.9789],[3.2284,7.0049],[3.2276,7.0211],[3.2371,7.0254],[3.2421,7.0442],[3.2547,7.0463]]},"properties":{"c":"t","r":"A5"}},{"type":"Feature","geometry":{"type":"LineString","coordinates":[[3.3134,7.1407],[3.3176,7.1455]]},"properties":{"c":"t","r":"A5"}},{"type":"Feature","geometry":{"type":"LineString","coordinates":[[3.3179,7.1458],[3.3186,7.1467]]},"properties":{"c":"t","r":"A5"}},{"type":"Feature","geometry":{"type":"LineString","coordinates":[[3.3078,7.1354],[3.3132,7.1405]]},"properties":{"c":"t","r":"A5"}},{"type":"Feature","geometry":{"type":"LineString","coordinates":[[3.2971,7.1034],[3.2968,7.1014]]},"properties":{"c":"t","r":"A5"}},{"type":"Feature","geometry":{"type":"LineString","coordinates":[[3.3075,7.1355],[3.2986,7.1245],[3.2972,7.1037]]},"properties":{"c":"t","r":"A5"}},{"type":"Feature","geometry":{"type":"LineString","coordinates":[[3.3186,7.1467],[3.3188,7.1469]]},"properties":{"c":"t","r":"A5"}},{"type":"Feature","geometry":{"type":"LineString","coordinates":[[3.2972,7.1033],[3.2973,7.1037]]},"properties":{"c":"t","r":"A5"}},{"type":"Feature","geometry":{"type":"LineString","coordinates":[[3.3295,7.1562],[3.3282,7.156]]},"properties":{"c":"t","r":"A5"}},{"type":"Feature","geometry":{"type":"LineString","coordinates":[[3.3185,7.147],[3.3177,7.1461]]},"properties":{"c":"t","r":"A5"}},{"type":"Feature","geometry":{"type":"LineString","coordinates":[[3.2551,7.0465],[3.2734,7.0473],[3.2793,7.0522]]},"properties":{"c":"t","r":"A5"}},{"type":"Feature","geometry":{"type":"LineString","coordinates":[[3.3188,7.1469],[3.3226,7.151]]},"properties":{"c":"t","r":"A5"}},{"type":"Feature","geometry":{"type":"LineString","coordinates":[[3.2967,7.101],[3.2919,7.0692],[3.2794,7.0524]]},"properties":{"c":"t","r":"A5"}},{"type":"Feature","geometry":{"type":"LineString","coordinates":[[3.2537,7.0466],[3.2416,7.0439],[3.2367,7.025],[3.2276,7.0216],[3.2282,7.0047],[3.2218,6.978],[3.2229,6.9483]]},"properties":{"c":"t","r":"A5"}},{"type":"Feature","geometry":{"type":"LineString","coordinates":[[3.2968,7.1014],[3.2967,7.101]]},"properties":{"c":"t","r":"A5"}},{"type":"Feature","geometry":{"type":"LineString","coordinates":[[3.2794,7.0524],[3.2793,7.0523]]},"properties":{"c":"t","r":"A5"}},{"type":"Feature","geometry":{"type":"LineString","coordinates":[[3.2973,7.1037],[3.2988,7.1248],[3.3077,7.1353]]},"properties":{"c":"t","r":"A5"}},{"type":"Feature","geometry":{"type":"LineString","coordinates":[[3.2793,7.0523],[3.2734,7.0474],[3.2542,7.0467]]},"properties":{"c":"t","r":"A5"}},{"type":"Feature","geometry":{"type":"LineString","coordinates":[[3.3132,7.1405],[3.3134,7.1407]]},"properties":{"c":"t","r":"A5"}},{"type":"Feature","geometry":{"type":"LineString","coordinates":[[3.2969,7.1014],[3.2972,7.1033]]},"properties":{"c":"t","r":"A5"}},{"type":"Feature","geometry":{"type":"LineString","coordinates":[[3.3173,7.1456],[3.3133,7.1408]]},"properties":{"c":"t","r":"A5"}},{"type":"Feature","geometry":{"type":"LineString","coordinates":[[3.3299,7.156],[3.3322,7.1562]]},"properties":{"c":"t","r":"A5"}},{"type":"Feature","geometry":{"type":"LineString","coordinates":[[3.3226,7.1513],[3.3226,7.1513]]},"properties":{"c":"t","r":"A5"}},{"type":"Feature","geometry":{"type":"LineString","coordinates":[[3.2968,7.101],[3.2969,7.1014]]},"properties":{"c":"t","r":"A5"}},{"type":"Feature","geometry":{"type":"LineString","coordinates":[[3.3133,7.1408],[3.3131,7.1405]]},"properties":{"c":"t","r":"A5"}},{"type":"Feature","geometry":{"type":"LineString","coordinates":[[3.3131,7.1405],[3.3078,7.1357]]},"properties":{"c":"t","r":"A5"}},{"type":"Feature","geometry":{"type":"LineString","coordinates":[[3.2793,7.0522],[3.2795,7.0523]]},"properties":{"c":"t","r":"A5"}},{"type":"Feature","geometry":{"type":"LineString","coordinates":[[3.3282,7.1559],[3.3295,7.156]]},"properties":{"c":"t","r":"A5"}},{"type":"Feature","geometry":{"type":"LineString","coordinates":[[3.3077,7.1357],[3.3077,7.1357]]},"properties":{"c":"t","r":"A5"}},{"type":"Feature","geometry":{"type":"LineString","coordinates":[[3.3176,7.146],[3.3176,7.146]]},"properties":{"c":"t","r":"A5"}},{"type":"Feature","geometry":{"type":"LineString","coordinates":[[3.3225,7.1512],[3.3188,7.1473]]},"properties":{"c":"t","r":"A5"}},{"type":"Feature","geometry":{"type":"LineString","coordinates":[[3.3294,7.1475],[3.3323,7.1377]]},"properties":{"c":"t","r":"F102"}},{"type":"Feature","geometry":{"type":"LineString","coordinates":[[3.3324,7.1378],[3.3297,7.1478]]},"properties":{"c":"t","r":"F102"}},{"type":"Feature","geometry":{"type":"LineString","coordinates":[[3.3471,7.1355],[3.3457,7.1361]]},"properties":{"c":"t","r":"F102"}},{"type":"Feature","geometry":{"type":"LineString","coordinates":[[3.3457,7.136],[3.347,7.1354]]},"properties":{"c":"t","r":"F102"}},{"type":"Feature","geometry":{"type":"LineString","coordinates":[[3.3287,7.1479],[3.3287,7.1477]]},"properties":{"c":"t","r":"F102"}},{"type":"Feature","geometry":{"type":"LineString","coordinates":[[3.3296,7.1481],[3.3287,7.1479]]},"properties":{"c":"t","r":"F102"}},{"type":"Feature","geometry":{"type":"LineString","coordinates":[[3.3323,7.1377],[3.3333,7.1364]]},"properties":{"c":"t","r":"F102"}},{"type":"Feature","geometry":{"type":"LineString","coordinates":[[3.3296,7.1479],[3.3296,7.1481]]},"properties":{"c":"t","r":"F102"}},{"type":"Feature","geometry":{"type":"LineString","coordinates":[[3.3333,7.1365],[3.3324,7.1378]]},"properties":{"c":"t","r":"F102"}},{"type":"Feature","geometry":{"type":"LineString","coordinates":[[3.3287,7.1477],[3.3296,7.1479]]},"properties":{"c":"t","r":"F102"}},{"type":"Feature","geometry":{"type":"LineString","coordinates":[[5.3599,8.1102],[5.3596,8.11]]},"properties":{"c":"t","r":"A123"}},{"type":"Feature","geometry":{"type":"LineString","coordinates":[[5.1955,8.0905],[5.1509,8.0921],[5.1374,8.1034]]},"properties":{"c":"t","r":"A123"}},{"type":"Feature","geometry":{"type":"LineString","coordinates":[[3.3468,7.1549],[3.3468,7.1549]]},"properties":{"c":"t","r":""}},{"type":"Feature","geometry":{"type":"LineString","coordinates":[[3.3651,7.152],[3.3687,7.1581]]},"properties":{"c":"t","r":""}},{"type":"Feature","geometry":{"type":"LineString","coordinates":[[4.811,9.034],[4.8063,9.0527],[4.8187,9.0718],[4.826,9.0937],[4.8262,9.1058],[4.8192,9.1249]]},"properties":{"c":"t","r":"A1"}},{"type":"Feature","geometry":{"type":"LineString","coordinates":[[5.5679,9.144],[5.5851,9.1565],[5.5852,9.1628],[5.5941,9.1814],[5.5915,9.2014],[5.6094,9.2041],[5.6131,9.2123],[5.6258,9.2244],[5.6467,9.2278],[5.6943,9.2231],[5.7139,9.2117]]},"properties":{"c":"t","r":"A124"}},{"type":"Feature","geometry":{"type":"LineString","coordinates":[[5.2653,13.1088],[5.271,13.1035],[5.2723,13.0877],[5.2632,13.0788]]},"properties":{"c":"t","r":"A1"}},{"type":"Feature","geometry":{"type":"LineString","coordinates":[[5.2562,13.1141],[5.26,13.1124]]},"properties":{"c":"t","r":"A1"}},{"type":"Feature","geometry":{"type":"LineString","coordinates":[[5.26,13.1124],[5.2601,13.1123]]},"properties":{"c":"t","r":"A1"}},{"type":"Feature","geometry":{"type":"LineString","coordinates":[[5.251,13.1194],[5.2512,13.1193]]},"properties":{"c":"t","r":"A1"}},{"type":"Feature","geometry":{"type":"LineString","coordinates":[[5.2498,13.1204],[5.251,13.1194]]},"properties":{"c":"t","r":"A1"}},{"type":"Feature","geometry":{"type":"LineString","coordinates":[[5.2468,13.1229],[5.2473,13.1224]]},"properties":{"c":"t","r":"A1"}},{"type":"Feature","geometry":{"type":"LineString","coordinates":[[5.2496,13.1205],[5.2498,13.1204]]},"properties":{"c":"t","r":"A1"}},{"type":"Feature","geometry":{"type":"LineString","coordinates":[[5.2518,13.1188],[5.2519,13.1186]]},"properties":{"c":"t","r":"A1"}},{"type":"Feature","geometry":{"type":"LineString","coordinates":[[5.2601,13.1123],[5.2651,13.109]]},"properties":{"c":"t","r":"A1"}},{"type":"Feature","geometry":{"type":"LineString","coordinates":[[5.2512,13.1193],[5.2518,13.1188]]},"properties":{"c":"t","r":"A1"}},{"type":"Feature","geometry":{"type":"LineString","coordinates":[[5.2473,13.1224],[5.2496,13.1205]]},"properties":{"c":"t","r":"A1"}},{"type":"Feature","geometry":{"type":"LineString","coordinates":[[5.2651,13.109],[5.2653,13.1088]]},"properties":{"c":"t","r":"A1"}},{"type":"Feature","geometry":{"type":"LineString","coordinates":[[5.2519,13.1186],[5.2561,13.1143]]},"properties":{"c":"t","r":"A1"}},{"type":"Feature","geometry":{"type":"LineString","coordinates":[[5.6989,5.9219],[5.7006,5.9197]]},"properties":{"c":"t","r":"A2"}},{"type":"Feature","geometry":{"type":"LineString","coordinates":[[5.6868,5.9533],[5.6895,5.9348],[5.6989,5.9219]]},"properties":{"c":"t","r":"A2"}},{"type":"Feature","geometry":{"type":"LineString","coordinates":[[5.6994,5.9226],[5.6896,5.9354],[5.6871,5.9532]]},"properties":{"c":"t","r":"A2"}},{"type":"Feature","geometry":{"type":"LineString","coordinates":[[5.6918,5.9807],[5.6868,5.9533]]},"properties":{"c":"t","r":"A2"}},{"type":"Feature","geometry":{"type":"LineString","coordinates":[[5.7006,5.9197],[5.7338,5.9023],[5.7373,5.8919],[5.7335,5.8797]]},"properties":{"c":"t","r":"A2"}},{"type":"Feature","geometry":{"type":"LineString","coordinates":[[5.6921,5.9807],[5.6899,5.9989],[5.6801,6.0202]]},"properties":{"c":"t","r":"A2"}},{"type":"Feature","geometry":{"type":"LineString","coordinates":[[5.9725,6.611],[5.9313,6.5796],[5.893,6.5684],[5.8605,6.5248],[5.8499,6.4953],[5.8279,6.4711],[5.8073,6.4611],[5.7991,6.4487],[5.7839,6.4349],[5.7709,6.4152]]},"properties":{"c":"t","r":"A2"}},{"type":"Feature","geometry":{"type":"LineString","coordinates":[[5.7019,5.9194],[5.6994,5.9226]]},"properties":{"c":"t","r":"A2"}},{"type":"Feature","geometry":{"type":"LineString","coordinates":[[5.6871,5.9532],[5.6921,5.9807]]},"properties":{"c":"t","r":"A2"}},{"type":"Feature","geometry":{"type":"LineString","coordinates":[[7.3815,9.4839],[7.3812,9.4836]]},"properties":{"c":"t","r":"A2"}},{"type":"Feature","geometry":{"type":"LineString","coordinates":[[7.3814,9.4834],[7.3817,9.4837]]},"properties":{"c":"t","r":"A2"}},{"type":"Feature","geometry":{"type":"LineString","coordinates":[[7.3817,9.4837],[7.4024,9.5037],[7.4175,9.5321],[7.4259,9.5734],[7.4387,9.5952],[7.4481,9.6014],[7.4538,9.61]]},"properties":{"c":"t","r":"A2"}},{"type":"Feature","geometry":{"type":"LineString","coordinates":[[11.9624,11.7431],[11.9446,11.738]]},"properties":{"c":"t","r":"A3"}},{"type":"Feature","geometry":{"type":"LineString","coordinates":[[11.9629,11.7432],[11.9923,11.7429]]},"properties":{"c":"t","r":"A3"}},{"type":"Feature","geometry":{"type":"LineString","coordinates":[[11.9442,11.7379],[11.8715,11.7267]]},"properties":{"c":"t","r":"A3"}},{"type":"Feature","geometry":{"type":"LineString","coordinates":[[11.9443,11.7377],[11.9444,11.7377]]},"properties":{"c":"t","r":"A3"}},{"type":"Feature","geometry":{"type":"LineString","coordinates":[[11.9444,11.7379],[11.9442,11.7379]]},"properties":{"c":"t","r":"A3"}},{"type":"Feature","geometry":{"type":"LineString","coordinates":[[11.9446,11.738],[11.9444,11.7379]]},"properties":{"c":"t","r":"A3"}},{"type":"Feature","geometry":{"type":"LineString","coordinates":[[11.3628,11.6761],[11.3454,11.6787]]},"properties":{"c":"t","r":"A3"}},{"type":"Feature","geometry":{"type":"LineString","coordinates":[[11.3628,11.6759],[11.3631,11.6759]]},"properties":{"c":"t","r":"A3"}},{"type":"Feature","geometry":{"type":"LineString","coordinates":[[11.3303,11.678],[11.3454,11.6787]]},"properties":{"c":"t","r":"A3"}},{"type":"Feature","geometry":{"type":"LineString","coordinates":[[11.3631,11.6759],[11.4231,11.6659],[11.5019,11.6632],[11.5377,11.6725],[11.5666,11.6738],[11.6051,11.6858],[11.6195,11.6855]]},"properties":{"c":"t","r":"A3"}},{"type":"Feature","geometry":{"type":"LineString","coordinates":[[11.3631,11.6761],[11.3628,11.6761]]},"properties":{"c":"t","r":"A3"}},{"type":"Feature","geometry":{"type":"LineString","coordinates":[[7.6692,7.1401],[7.669,7.1394]]},"properties":{"c":"t","r":"A233"}},{"type":"Feature","geometry":{"type":"LineString","coordinates":[[7.6691,7.1395],[7.6692,7.1397]]},"properties":{"c":"t","r":"A233"}},{"type":"Feature","geometry":{"type":"LineString","coordinates":[[7.6668,7.1693],[7.671,7.148],[7.6692,7.1401]]},"properties":{"c":"t","r":"A233"}},{"type":"Feature","geometry":{"type":"LineString","coordinates":[[7.5899,7.0156],[7.5674,6.9901]]},"properties":{"c":"t","r":"A3"}},{"type":"Feature","geometry":{"type":"LineString","coordinates":[[7.2953,5.2993],[7.3089,5.2868]]},"properties":{"c":"t","r":"A6"}},{"type":"Feature","geometry":{"type":"LineString","coordinates":[[7.2874,5.3081],[7.2881,5.308]]},"properties":{"c":"t","r":"A6"}},{"type":"Feature","geometry":{"type":"LineString","coordinates":[[8.5565,9.4787],[8.5673,9.4686],[8.5714,9.4498],[8.5717,9.4173],[8.5788,9.386]]},"properties":{"c":"t","r":"A3"}},{"type":"Feature","geometry":{"type":"LineString","coordinates":[[7.2847,4.9816],[7.3069,5.0035],[7.3201,5.0377]]},"properties":{"c":"t","r":"A3-1"}},{"type":"Feature","geometry":{"type":"LineString","coordinates":[[7.2843,4.9816],[7.2609,4.9482],[7.2358,4.9237],[7.1896,4.8992],[7.1802,4.8977]]},"properties":{"c":"t","r":"A3-1"}},{"type":"Feature","geometry":{"type":"LineString","coordinates":[[12.7526,11.144],[12.7525,11.1439]]},"properties":{"c":"t","r":"A4"}},{"type":"Feature","geometry":{"type":"LineString","coordinates":[[3.3588,7.1691],[3.3709,7.1722]]},"properties":{"c":"t","r":"A5"}},{"type":"Feature","geometry":{"type":"LineString","coordinates":[[3.3588,7.1693],[3.3588,7.1693]]},"properties":{"c":"t","r":""}},{"type":"Feature","geometry":{"type":"LineString","coordinates":[[3.3709,7.1722],[3.3587,7.1693]]},"properties":{"c":"t","r":"A5"}},{"type":"Feature","geometry":{"type":"LineString","coordinates":[[3.3469,7.1548],[3.3515,7.1644]]},"properties":{"c":"t","r":"A5"}},{"type":"Feature","geometry":{"type":"LineString","coordinates":[[3.3515,7.1644],[3.3556,7.1636],[3.3587,7.1691]]},"properties":{"c":"t","r":"A5"}},{"type":"Feature","geometry":{"type":"LineString","coordinates":[[3.3585,7.1691],[3.3556,7.1637],[3.3516,7.1645]]},"properties":{"c":"t","r":"A5"}},{"type":"Feature","geometry":{"type":"LineString","coordinates":[[3.3516,7.1645],[3.3516,7.1645]]},"properties":{"c":"t","r":""}},{"type":"Feature","geometry":{"type":"LineString","coordinates":[[3.3325,7.1562],[3.3393,7.1571]]},"properties":{"c":"t","r":"A5"}},{"type":"Feature","geometry":{"type":"LineString","coordinates":[[3.3514,7.1645],[3.3468,7.1549]]},"properties":{"c":"t","r":"A5"}},{"type":"Feature","geometry":{"type":"LineString","coordinates":[[3.3322,7.1563],[3.3299,7.1562]]},"properties":{"c":"t","r":"A5"}},{"type":"Feature","geometry":{"type":"LineString","coordinates":[[7.0365,5.4725],[7.0289,5.4907]]},"properties":{"c":"t","r":"A6"}},{"type":"Feature","geometry":{"type":"LineString","coordinates":[[7.0365,5.4724],[7.0517,5.4535]]},"properties":{"c":"t","r":"A6"}},{"type":"Feature","geometry":{"type":"LineString","coordinates":[[12.2312,10.7272],[12.2143,10.7317],[12.1975,10.7227],[12.1626,10.6778],[12.164,10.6596],[12.1748,10.6427],[12.1619,10.6215],[12.1716,10.6031],[12.166,10.5925]]},"properties":{"c":"t","r":"A4"}},{"type":"Feature","geometry":{"type":"LineString","coordinates":[[11.9624,11.7429],[11.9624,11.7429]]},"properties":{"c":"t","r":"A3"}},{"type":"Feature","geometry":{"type":"LineString","coordinates":[[4.5552,7.7435],[4.5506,7.7436],[4.5389,7.7535],[4.5287,7.7524]]},"properties":{"c":"t","r":""}},{"type":"Feature","geometry":{"type":"LineString","coordinates":[[4.5287,7.7524],[4.5211,7.75]]},"properties":{"c":"t","r":""}},{"type":"Feature","geometry":{"type":"LineString","coordinates":[[4.5204,7.7499],[4.521,7.7499]]},"properties":{"c":"t","r":""}},{"type":"Feature","geometry":{"type":"LineString","coordinates":[[11.1136,8.4596],[11.1175,8.4725],[11.1232,8.4794]]},"properties":{"c":"t","r":"A12"}},{"type":"Feature","geometry":{"type":"LineString","coordinates":[[11.3158,8.9075],[11.3158,8.9075]]},"properties":{"c":"t","r":"A12"}},{"type":"Feature","geometry":{"type":"LineString","coordinates":[[11.314,8.9038],[11.314,8.9038]]},"properties":{"c":"t","r":"A12"}},{"type":"Feature","geometry":{"type":"LineString","coordinates":[[10.9719,7.8584],[10.9719,7.8584]]},"properties":{"c":"t","r":"A12"}},{"type":"Feature","geometry":{"type":"LineString","coordinates":[[11.9447,11.7377],[11.9446,11.738]]},"properties":{"c":"t","r":"A3"}},{"type":"Feature","geometry":{"type":"LineString","coordinates":[[11.9444,11.7377],[11.9447,11.7377]]},"properties":{"c":"t","r":"A3"}},{"type":"Feature","geometry":{"type":"LineString","coordinates":[[5.5451,8.2476],[5.5243,8.2293],[5.5082,8.2211]]},"properties":{"c":"t","r":"A123"}},{"type":"Feature","geometry":{"type":"LineString","coordinates":[[4.5202,7.75],[4.5143,7.7535],[4.5099,7.7736]]},"properties":{"c":"t","r":""}},{"type":"Feature","geometry":{"type":"LineString","coordinates":[[4.5066,7.789],[4.5081,7.7816]]},"properties":{"c":"t","r":""}},{"type":"Feature","geometry":{"type":"LineString","coordinates":[[4.5098,7.7736],[4.5144,7.753],[4.5202,7.7499]]},"properties":{"c":"t","r":""}},{"type":"Feature","geometry":{"type":"LineString","coordinates":[[4.5097,7.7743],[4.5098,7.7736]]},"properties":{"c":"t","r":""}},{"type":"Feature","geometry":{"type":"LineString","coordinates":[[4.5099,7.7736],[4.5098,7.7743]]},"properties":{"c":"t","r":""}},{"type":"Feature","geometry":{"type":"LineString","coordinates":[[4.5098,7.7743],[4.5096,7.7752]]},"properties":{"c":"t","r":""}},{"type":"Feature","geometry":{"type":"LineString","coordinates":[[4.5094,7.7755],[4.5095,7.7752]]},"properties":{"c":"t","r":""}},{"type":"Feature","geometry":{"type":"LineString","coordinates":[[4.5095,7.7752],[4.5097,7.7743]]},"properties":{"c":"t","r":""}},{"type":"Feature","geometry":{"type":"LineString","coordinates":[[4.5096,7.7752],[4.5095,7.7756]]},"properties":{"c":"t","r":""}},{"type":"Feature","geometry":{"type":"LineString","coordinates":[[4.5095,7.7756],[4.5091,7.7776]]},"properties":{"c":"t","r":""}},{"type":"Feature","geometry":{"type":"LineString","coordinates":[[10.0139,11.4074],[10.1546,11.3835],[10.1754,11.3892],[10.2193,11.3861],[10.2665,11.3614],[10.2955,11.3379],[10.3271,11.3175],[10.3557,11.3273],[10.4091,11.3183],[10.4235,11.3235],[10.4577,11.3136]]},"properties":{"c":"t","r":"A237"}},{"type":"Feature","geometry":{"type":"LineString","coordinates":[[7.1446,4.888],[7.1457,4.8889]]},"properties":{"c":"t","r":"A3-1"}},{"type":"Feature","geometry":{"type":"LineString","coordinates":[[7.1455,4.8891],[7.1445,4.8882]]},"properties":{"c":"t","r":"A3-1"}},{"type":"Feature","geometry":{"type":"LineString","coordinates":[[7.1457,4.8889],[7.1531,4.8938],[7.1789,4.8975]]},"properties":{"c":"t","r":"A3-1"}},{"type":"Feature","geometry":{"type":"LineString","coordinates":[[7.8222,6.4239],[7.8226,6.4233]]},"properties":{"c":"t","r":"A343"}},{"type":"Feature","geometry":{"type":"LineString","coordinates":[[7.8226,6.4233],[7.8307,6.4174],[7.8764,6.4133],[7.9191,6.4039],[7.9427,6.3945],[7.9647,6.3993]]},"properties":{"c":"t","r":"A343"}},{"type":"Feature","geometry":{"type":"LineString","coordinates":[[7.7116,5.1796],[7.718,5.1567],[7.7157,5.1317],[7.739,5.0628],[7.743,5.0387],[7.758,5.0146],[7.7745,5.0007],[7.7856,4.9852],[7.7932,4.9809]]},"properties":{"c":"t","r":"F232"}},{"type":"Feature","geometry":{"type":"LineString","coordinates":[[7.7125,5.1793],[7.7126,5.1798]]},"properties":{"c":"t","r":"F232"}},{"type":"Feature","geometry":{"type":"LineString","coordinates":[[7.7116,5.1796],[7.7122,5.1793]]},"properties":{"c":"t","r":"A342"}},{"type":"Feature","geometry":{"type":"LineString","coordinates":[[11.9606,10.2177],[11.9606,10.2178]]},"properties":{"c":"t","r":"A4"}},{"type":"Feature","geometry":{"type":"LineString","coordinates":[[11.9606,10.2178],[11.9716,10.2485],[11.9651,10.2756]]},"properties":{"c":"t","r":"A4"}},{"type":"Feature","geometry":{"type":"LineString","coordinates":[[8.5466,7.7276],[8.5466,7.7276]]},"properties":{"c":"t","r":"A3"}},{"type":"Feature","geometry":{"type":"LineString","coordinates":[[7.0263,5.491],[7.0263,5.491]]},"properties":{"c":"t","r":"A6"}},{"type":"Feature","geometry":{"type":"LineString","coordinates":[[7.0265,5.4907],[7.0286,5.4908]]},"properties":{"c":"t","r":"A6"}},{"type":"Feature","geometry":{"type":"LineString","coordinates":[[7.0261,5.4908],[7.0246,5.4906]]},"properties":{"c":"t","r":"A6"}},{"type":"Feature","geometry":{"type":"LineString","coordinates":[[7.0521,5.4531],[7.0521,5.4531]]},"properties":{"c":"t","r":"A6"}},{"type":"Feature","geometry":{"type":"LineString","coordinates":[[7.0527,5.4525],[7.0524,5.453]]},"properties":{"c":"t","r":"A6"}},{"type":"Feature","geometry":{"type":"LineString","coordinates":[[7.0523,5.4532],[7.0517,5.4537]]},"properties":{"c":"t","r":"A6"}},{"type":"Feature","geometry":{"type":"LineString","coordinates":[[7.0535,5.4518],[7.0968,5.4298]]},"properties":{"c":"t","r":"A6"}},{"type":"Feature","geometry":{"type":"LineString","coordinates":[[7.0517,5.4535],[7.0521,5.453]]},"properties":{"c":"t","r":"A6"}},{"type":"Feature","geometry":{"type":"LineString","coordinates":[[7.0523,5.4529],[7.0527,5.4525]]},"properties":{"c":"t","r":"A6"}},{"type":"Feature","geometry":{"type":"LineString","coordinates":[[7.1798,4.8978],[7.1792,4.8978]]},"properties":{"c":"t","r":"A3-1"}},{"type":"Feature","geometry":{"type":"LineString","coordinates":[[7.1789,4.8975],[7.1797,4.8975]]},"properties":{"c":"t","r":"A3-1"}},{"type":"Feature","geometry":{"type":"LineString","coordinates":[[7.1792,4.8978],[7.1536,4.8942],[7.1455,4.8891]]},"properties":{"c":"t","r":"A3-1"}},{"type":"Feature","geometry":{"type":"LineString","coordinates":[[7.1797,4.8975],[7.1801,4.8974]]},"properties":{"c":"t","r":"A3-1"}},{"type":"Feature","geometry":{"type":"LineString","coordinates":[[7.0928,8.9368],[7.0983,8.9465],[7.1207,8.9579],[7.1395,8.9799],[7.1585,9.0146],[7.1917,9.0434],[7.2162,9.085],[7.2181,9.0953]]},"properties":{"c":"t","r":"A2"}},{"type":"Feature","geometry":{"type":"LineString","coordinates":[[7.0924,8.9357],[7.0884,8.9166],[7.0719,8.895],[7.0542,8.8555],[7.0457,8.8215],[7.0055,8.7948],[6.9582,8.7458],[6.9338,8.6978],[6.9272,8.6751]]},"properties":{"c":"t","r":"A2"}},{"type":"Feature","geometry":{"type":"LineString","coordinates":[[7.0925,8.9356],[7.0928,8.9368]]},"properties":{"c":"t","r":"A2"}},{"type":"Feature","geometry":{"type":"LineString","coordinates":[[7.0926,8.9368],[7.0924,8.9357]]},"properties":{"c":"t","r":"A2"}},{"type":"Feature","geometry":{"type":"LineString","coordinates":[[6.9144,8.6165],[6.9242,8.6632]]},"properties":{"c":"t","r":"A2"}},{"type":"Feature","geometry":{"type":"LineString","coordinates":[[6.9122,8.6059],[6.9104,8.5925],[6.9231,8.5482]]},"properties":{"c":"t","r":"A2"}},{"type":"Feature","geometry":{"type":"LineString","coordinates":[[6.9231,8.5482],[6.9428,8.4801],[6.9408,8.4682]]},"properties":{"c":"t","r":"A2"}},{"type":"Feature","geometry":{"type":"LineString","coordinates":[[7.0935,8.9407],[7.0926,8.9368]]},"properties":{"c":"t","r":"A2"}},{"type":"Feature","geometry":{"type":"LineString","coordinates":[[7.2181,9.0907],[7.1926,9.0449],[7.1575,9.0136],[7.1374,8.9774],[7.1188,8.9566],[7.0977,8.9462]]},"properties":{"c":"t","r":"A2"}},{"type":"Feature","geometry":{"type":"LineString","coordinates":[[6.8301,8.2604],[6.8517,8.2963],[6.8597,8.302]]},"properties":{"c":"t","r":"A2"}},{"type":"Feature","geometry":{"type":"LineString","coordinates":[[11.9565,10.3382],[11.9608,10.3459]]},"properties":{"c":"t","r":"A4"}},{"type":"Feature","geometry":{"type":"LineString","coordinates":[[11.9565,10.3381],[11.9565,10.3382]]},"properties":{"c":"t","r":"A4"}},{"type":"Feature","geometry":{"type":"LineString","coordinates":[[7.5191,10.4328],[7.5234,10.4306],[7.5456,10.4368],[7.5602,10.447],[7.5789,10.453],[7.6189,10.4581],[7.6243,10.4611],[7.6338,10.4757],[7.6428,10.4756],[7.6492,10.4708]]},"properties":{"c":"t","r":"A235"}},{"type":"Feature","geometry":{"type":"LineString","coordinates":[[12.2524,10.7119],[12.2521,10.7122]]},"properties":{"c":"t","r":"A4"}},{"type":"Feature","geometry":{"type":"LineString","coordinates":[[12.2521,10.7122],[12.2317,10.7269]]},"properties":{"c":"t","r":"A4"}},{"type":"Feature","geometry":{"type":"LineString","coordinates":[[11.6195,11.6855],[11.6197,11.6855]]},"properties":{"c":"t","r":"A3"}},{"type":"Feature","geometry":{"type":"LineString","coordinates":[[11.6197,11.6856],[11.6195,11.6856]]},"properties":{"c":"t","r":"A3"}},{"type":"Feature","geometry":{"type":"LineString","coordinates":[[11.6197,11.6855],[11.6413,11.6839],[11.7548,11.7086],[11.871,11.7262]]},"properties":{"c":"t","r":"A3"}},{"type":"Feature","geometry":{"type":"LineString","coordinates":[[11.6195,11.6856],[11.6056,11.6861],[11.5677,11.6742],[11.5378,11.6727],[11.5019,11.6634],[11.4234,11.6661],[11.3631,11.6761]]},"properties":{"c":"t","r":"A3"}},{"type":"Feature","geometry":{"type":"LineString","coordinates":[[3.919,7.3954],[3.9091,7.3985]]},"properties":{"c":"t","r":""}},{"type":"Feature","geometry":{"type":"LineString","coordinates":[[8.5801,8.4738],[8.5801,8.4738]]},"properties":{"c":"t","r":"A3"}},{"type":"Feature","geometry":{"type":"LineString","coordinates":[[8.5729,8.2293],[8.5727,8.2349],[8.5636,8.2471],[8.5596,8.2586],[8.5651,8.2887],[8.5619,8.2958],[8.5625,8.318],[8.5684,8.3366],[8.5658,8.3492],[8.5545,8.3703],[8.5559,8.3834],[8.5531,8.3971],[8.5697,8.4204],[8.5729,8.4293],[8.5698,8.4383]]},"properties":{"c":"t","r":"A3"}},{"type":"Feature","geometry":{"type":"LineString","coordinates":[[8.5453,8.5621],[8.5237,8.5276],[8.5171,8.4993]]},"properties":{"c":"t","r":"A3"}},{"type":"Feature","geometry":{"type":"LineString","coordinates":[[8.5797,8.4738],[8.5793,8.4733]]},"properties":{"c":"t","r":"A3"}},{"type":"Feature","geometry":{"type":"LineString","coordinates":[[8.5184,8.4929],[8.544,8.4813],[8.5698,8.4798],[8.5797,8.4738]]},"properties":{"c":"t","r":"A3"}},{"type":"Feature","geometry":{"type":"LineString","coordinates":[[8.58,8.474],[8.5713,8.4796],[8.5443,8.4813],[8.5185,8.493]]},"properties":{"c":"t","r":"A3"}},{"type":"Feature","geometry":{"type":"LineString","coordinates":[[3.2033,6.4612],[3.1543,6.4928],[3.1048,6.4993]]},"properties":{"c":"t","r":"F100"}},{"type":"Feature","geometry":{"type":"LineString","coordinates":[[7.4317,9.0231],[7.4466,9.0342]]},"properties":{"c":"t","r":""}},{"type":"Feature","geometry":{"type":"LineString","coordinates":[[7.4461,9.0341],[7.4483,9.0351]]},"properties":{"c":"m","r":""}},{"type":"Feature","geometry":{"type":"LineString","coordinates":[[7.4481,9.0357],[7.446,9.0342]]},"properties":{"c":"m","r":""}},{"type":"Feature","geometry":{"type":"LineString","coordinates":[[7.455,9.0346],[7.4592,9.0359]]},"properties":{"c":"m","r":""}},{"type":"Feature","geometry":{"type":"LineString","coordinates":[[3.5705,6.469],[3.5841,6.4697]]},"properties":{"c":"t","r":""}},{"type":"Feature","geometry":{"type":"LineString","coordinates":[[7.5187,9.0503],[7.5121,9.054]]},"properties":{"c":"m","r":"A234"}},{"type":"Feature","geometry":{"type":"LineString","coordinates":[[7.5121,9.054],[7.5114,9.0543]]},"properties":{"c":"m","r":"A234"}},{"type":"Feature","geometry":{"type":"LineString","coordinates":[[7.5113,9.0542],[7.512,9.0538]]},"properties":{"c":"m","r":"A234"}},{"type":"Feature","geometry":{"type":"LineString","coordinates":[[7.512,9.0538],[7.5186,9.0501]]},"properties":{"c":"m","r":"A234"}},{"type":"Feature","geometry":{"type":"LineString","coordinates":[[7.5,9.0522],[7.5113,9.0542]]},"properties":{"c":"m","r":"A234"}},{"type":"Feature","geometry":{"type":"LineString","coordinates":[[7.5114,9.0543],[7.4998,9.0522]]},"properties":{"c":"m","r":"A234"}},{"type":"Feature","geometry":{"type":"LineString","coordinates":[[7.4944,9.0506],[7.4945,9.0505]]},"properties":{"c":"t","r":""}},{"type":"Feature","geometry":{"type":"LineString","coordinates":[[7.4963,9.0518],[7.4952,9.0535]]},"properties":{"c":"t","r":""}},{"type":"Feature","geometry":{"type":"LineString","coordinates":[[6.8813,5.7498],[6.8885,5.7325],[6.9117,5.7046],[6.9322,5.6583],[6.9449,5.6503]]},"properties":{"c":"t","r":"A6"}},{"type":"Feature","geometry":{"type":"LineString","coordinates":[[6.8815,5.7497],[6.8689,5.7793]]},"properties":{"c":"t","r":"A6"}},{"type":"Feature","geometry":{"type":"LineString","coordinates":[[7.5197,9.05],[7.5187,9.0503]]},"properties":{"c":"m","r":"A234"}},{"type":"Feature","geometry":{"type":"LineString","coordinates":[[7.5186,9.0501],[7.5195,9.0499]]},"properties":{"c":"m","r":"A234"}},{"type":"Feature","geometry":{"type":"LineString","coordinates":[[7.4954,9.0378],[7.501,9.0451]]},"properties":{"c":"m","r":""}},{"type":"Feature","geometry":{"type":"LineString","coordinates":[[7.4973,9.0502],[7.4969,9.0508]]},"properties":{"c":"t","r":""}},{"type":"Feature","geometry":{"type":"LineString","coordinates":[[7.495,9.0496],[7.4954,9.0491]]},"properties":{"c":"t","r":""}},{"type":"Feature","geometry":{"type":"LineString","coordinates":[[7.4977,9.0449],[7.4951,9.0379]]},"properties":{"c":"m","r":""}},{"type":"Feature","geometry":{"type":"LineString","coordinates":[[7.4934,9.0339],[7.4936,9.0344]]},"properties":{"c":"m","r":""}},{"type":"Feature","geometry":{"type":"LineString","coordinates":[[7.4934,9.0345],[7.4932,9.034]]},"properties":{"c":"m","r":""}},{"type":"Feature","geometry":{"type":"LineString","coordinates":[[7.4617,9.0366],[7.4642,9.0372]]},"properties":{"c":"m","r":""}},{"type":"Feature","geometry":{"type":"LineString","coordinates":[[2.8912,6.427],[2.8912,6.427]]},"properties":{"c":"t","r":"F100"}},{"type":"Feature","geometry":{"type":"LineString","coordinates":[[9.0468,7.3641],[9.0468,7.3641]]},"properties":{"c":"t","r":"A344"}},{"type":"Feature","geometry":{"type":"LineString","coordinates":[[9.0472,7.3635],[9.0468,7.3641]]},"properties":{"c":"t","r":"A344"}},{"type":"Feature","geometry":{"type":"LineString","coordinates":[[9.0465,7.364],[9.0462,7.3636]]},"properties":{"c":"t","r":"A344"}},{"type":"Feature","geometry":{"type":"LineString","coordinates":[[9.0462,7.3636],[9.0466,7.3638]]},"properties":{"c":"t","r":"A344"}},{"type":"Feature","geometry":{"type":"LineString","coordinates":[[9.0467,7.3638],[9.0472,7.3635]]},"properties":{"c":"t","r":"A344"}},{"type":"Feature","geometry":{"type":"LineString","coordinates":[[7.051,4.8491],[7.0661,4.8556]]},"properties":{"c":"t","r":"A3"}},{"type":"Feature","geometry":{"type":"LineString","coordinates":[[7.4782,5.1221],[7.5251,5.1396],[7.5981,5.1555],[7.6179,5.1503],[7.6624,5.1563]]},"properties":{"c":"t","r":"A342"}},{"type":"Feature","geometry":{"type":"LineString","coordinates":[[7.7932,4.9811],[7.7855,4.9855],[7.775,5.0003],[7.7581,5.0147],[7.7435,5.0378],[7.739,5.0632],[7.7156,5.1326],[7.7181,5.1567],[7.7122,5.1793]]},"properties":{"c":"t","r":"F232"}},{"type":"Feature","geometry":{"type":"LineString","coordinates":[[7.7932,4.9809],[7.7935,4.9806]]},"properties":{"c":"t","r":"F232"}},{"type":"Feature","geometry":{"type":"LineString","coordinates":[[7.7935,4.9806],[7.7933,4.981]]},"properties":{"c":"t","r":"F232"}},{"type":"Feature","geometry":{"type":"LineString","coordinates":[[7.7932,4.9811],[7.7932,4.9811]]},"properties":{"c":"t","r":"F232"}},{"type":"Feature","geometry":{"type":"LineString","coordinates":[[8.5831,9.3807],[8.5771,9.3654],[8.5641,9.3536],[8.5567,9.3305]]},"properties":{"c":"t","r":"A3"}},{"type":"Feature","geometry":{"type":"LineString","coordinates":[[8.5833,9.381],[8.5833,9.381]]},"properties":{"c":"t","r":"A3"}},{"type":"Feature","geometry":{"type":"LineString","coordinates":[[8.5834,9.381],[8.583,9.3812]]},"properties":{"c":"t","r":"A3"}},{"type":"Feature","geometry":{"type":"LineString","coordinates":[[8.5832,9.3809],[8.5831,9.3807]]},"properties":{"c":"t","r":"A3"}},{"type":"Feature","geometry":{"type":"LineString","coordinates":[[5.4461,10.3986],[5.446,10.3999]]},"properties":{"c":"t","r":"A1"}},{"type":"Feature","geometry":{"type":"LineString","coordinates":[[5.4459,10.3999],[5.4461,10.3986]]},"properties":{"c":"t","r":"A1"}},{"type":"Feature","geometry":{"type":"LineString","coordinates":[[3.5846,6.4699],[3.57,6.4691]]},"properties":{"c":"t","r":""}},{"type":"Feature","geometry":{"type":"LineString","coordinates":[[7.9297,5.0805],[7.9295,5.0945],[7.9467,5.1092],[7.9506,5.1229],[7.9632,5.1318],[7.9682,5.142]]},"properties":{"c":"t","r":""}},{"type":"Feature","geometry":{"type":"LineString","coordinates":[[7.907,5.0266],[7.9269,5.0343]]},"properties":{"c":"t","r":""}},{"type":"Feature","geometry":{"type":"LineString","coordinates":[[7.9058,5.0264],[7.8939,5.0228]]},"properties":{"c":"t","r":""}},{"type":"Feature","geometry":{"type":"LineString","coordinates":[[7.8968,5.0458],[7.8968,5.0458]]},"properties":{"c":"t","r":""}},{"type":"Feature","geometry":{"type":"LineString","coordinates":[[7.8947,5.0443],[7.8947,5.0443]]},"properties":{"c":"t","r":""}},{"type":"Feature","geometry":{"type":"LineString","coordinates":[[7.9065,5.0265],[7.9065,5.0265]]},"properties":{"c":"t","r":""}},{"type":"Feature","geometry":{"type":"LineString","coordinates":[[7.8545,5.0057],[7.8545,5.0057]]},"properties":{"c":"t","r":""}},{"type":"Feature","geometry":{"type":"LineString","coordinates":[[7.8948,5.0441],[7.8969,5.0452]]},"properties":{"c":"t","r":""}},{"type":"Feature","geometry":{"type":"LineString","coordinates":[[7.8967,5.0454],[7.8947,5.0443]]},"properties":{"c":"t","r":""}},{"type":"Feature","geometry":{"type":"LineString","coordinates":[[7.8551,5.0059],[7.8691,5.0152],[7.8816,5.0182]]},"properties":{"c":"t","r":""}},{"type":"Feature","geometry":{"type":"LineString","coordinates":[[7.8816,5.0183],[7.8689,5.0152],[7.855,5.006]]},"properties":{"c":"t","r":""}},{"type":"Feature","geometry":{"type":"LineString","coordinates":[[7.8816,5.0182],[7.883,5.0186]]},"properties":{"c":"t","r":""}},{"type":"Feature","geometry":{"type":"LineString","coordinates":[[7.883,5.0187],[7.8816,5.0183]]},"properties":{"c":"t","r":""}},{"type":"Feature","geometry":{"type":"LineString","coordinates":[[7.927,5.0344],[7.9069,5.0267]]},"properties":{"c":"t","r":""}},{"type":"Feature","geometry":{"type":"LineString","coordinates":[[7.8492,5.0019],[7.822,4.9828],[7.7994,4.9784]]},"properties":{"c":"t","r":""}},{"type":"Feature","geometry":{"type":"LineString","coordinates":[[7.8549,5.006],[7.8617,5.021],[7.876,5.0322]]},"properties":{"c":"t","r":""}},{"type":"Feature","geometry":{"type":"LineString","coordinates":[[7.8011,4.9784],[7.8217,4.9825],[7.8497,5.0022]]},"properties":{"c":"t","r":""}},{"type":"Feature","geometry":{"type":"LineString","coordinates":[[7.9238,5.0362],[7.9275,5.035]]},"properties":{"c":"t","r":"A342"}},{"type":"Feature","geometry":{"type":"LineString","coordinates":[[7.8979,5.0452],[7.9234,5.0362]]},"properties":{"c":"t","r":"A342"}},{"type":"Feature","geometry":{"type":"LineString","coordinates":[[7.9236,5.0365],[7.9236,5.0365]]},"properties":{"c":"t","r":"A342"}},{"type":"Feature","geometry":{"type":"LineString","coordinates":[[7.9282,5.0349],[7.9282,5.0349]]},"properties":{"c":"t","r":"A342"}},{"type":"Feature","geometry":{"type":"LineString","coordinates":[[7.9275,5.035],[7.9279,5.0347]]},"properties":{"c":"t","r":"A342"}},{"type":"Feature","geometry":{"type":"LineString","coordinates":[[7.9294,5.0338],[7.9277,5.0335]]},"properties":{"c":"t","r":""}},{"type":"Feature","geometry":{"type":"LineString","coordinates":[[7.9276,5.0335],[7.9296,5.0337]]},"properties":{"c":"t","r":""}},{"type":"Feature","geometry":{"type":"LineString","coordinates":[[7.8543,5.0054],[7.8545,5.0055]]},"properties":{"c":"t","r":""}},{"type":"Feature","geometry":{"type":"LineString","coordinates":[[9.9916,7.2492],[9.9921,7.2493]]},"properties":{"c":"t","r":"A12"}},{"type":"Feature","geometry":{"type":"LineString","coordinates":[[9.9914,7.2494],[9.991,7.2493]]},"properties":{"c":"t","r":"A12"}},{"type":"Feature","geometry":{"type":"LineString","coordinates":[[9.991,7.2493],[9.9731,7.2516]]},"properties":{"c":"t","r":"A12"}},{"type":"Feature","geometry":{"type":"LineString","coordinates":[[9.9914,7.2495],[9.9914,7.2495]]},"properties":{"c":"t","r":"A12"}},{"type":"Feature","geometry":{"type":"LineString","coordinates":[[9.9921,7.2493],[9.9916,7.2494]]},"properties":{"c":"t","r":"A12"}},{"type":"Feature","geometry":{"type":"LineString","coordinates":[[9.991,7.2493],[9.9914,7.2492]]},"properties":{"c":"t","r":"A12"}},{"type":"Feature","geometry":{"type":"LineString","coordinates":[[10.1693,7.2866],[10.169,7.2864]]},"properties":{"c":"t","r":"A12"}},{"type":"Feature","geometry":{"type":"LineString","coordinates":[[10.0878,7.2696],[10.0623,7.2642],[10.0464,7.2565],[10.0369,7.2574],[9.9921,7.2493]]},"properties":{"c":"t","r":"A12"}},{"type":"Feature","geometry":{"type":"LineString","coordinates":[[4.4534,7.5001],[4.495,7.539],[4.5351,7.5669],[4.586,7.5899],[4.6252,7.5994],[4.6626,7.584],[4.7097,7.5812],[4.7526,7.5919]]},"properties":{"c":"t","r":"A122"}},{"type":"Feature","geometry":{"type":"LineString","coordinates":[[4.8203,7.6191],[4.7882,7.6174],[4.7586,7.594],[4.7103,7.5815],[4.664,7.5839],[4.6253,7.5996],[4.5846,7.5897],[4.5334,7.566],[4.4943,7.5387],[4.4527,7.5003]]},"properties":{"c":"t","r":"A122"}},{"type":"Feature","geometry":{"type":"LineString","coordinates":[[7.4057,6.4273],[7.406,6.4298]]},"properties":{"c":"t","r":"A3"}},{"type":"Feature","geometry":{"type":"LineString","coordinates":[[4.1228,6.7613],[4.0948,6.7543],[4.0815,6.7549],[3.9964,6.7845],[3.902,6.797],[3.8233,6.8234]]},"properties":{"c":"t","r":"A121-1"}},{"type":"Feature","geometry":{"type":"LineString","coordinates":[[6.0341,6.2872],[6.0574,6.288],[6.0874,6.2748],[6.1402,6.2627],[6.1643,6.2618],[6.1928,6.2671]]},"properties":{"c":"t","r":"A232"}},{"type":"Feature","geometry":{"type":"LineString","coordinates":[[4.5692,11.3725],[4.5884,11.3247],[4.5899,11.3117]]},"properties":{"c":"t","r":"A1"}},{"type":"Feature","geometry":{"type":"LineString","coordinates":[[6.1489,6.7362],[6.1496,6.7361]]},"properties":{"c":"t","r":"A2"}},{"type":"Feature","geometry":{"type":"LineString","coordinates":[[5.9725,6.611],[5.9832,6.6185],[5.98,6.64],[5.992,6.6663],[5.996,6.6888],[6.0403,6.7353],[6.0509,6.7512],[6.0615,6.7541],[6.0932,6.7419],[6.1489,6.7362]]},"properties":{"c":"t","r":"A2"}},{"type":"Feature","geometry":{"type":"LineString","coordinates":[[6.1496,6.7361],[6.1575,6.7354]]},"properties":{"c":"t","r":"A2"}},{"type":"Feature","geometry":{"type":"LineString","coordinates":[[7.7994,4.9784],[7.7943,4.9782]]},"properties":{"c":"t","r":""}},{"type":"Feature","geometry":{"type":"LineString","coordinates":[[7.7943,4.978],[7.8011,4.9784]]},"properties":{"c":"t","r":""}},{"type":"Feature","geometry":{"type":"LineString","coordinates":[[7.4606,9.0365],[7.4518,9.035]]},"properties":{"c":"m","r":""}},{"type":"Feature","geometry":{"type":"LineString","coordinates":[[7.4498,9.0366],[7.4544,9.0419]]},"properties":{"c":"m","r":""}},{"type":"Feature","geometry":{"type":"LineString","coordinates":[[7.4483,9.0351],[7.4488,9.0352]]},"properties":{"c":"m","r":""}},{"type":"Feature","geometry":{"type":"LineString","coordinates":[[7.4489,9.0353],[7.4517,9.0347]]},"properties":{"c":"m","r":""}},{"type":"Feature","geometry":{"type":"LineString","coordinates":[[7.4508,9.0358],[7.4484,9.036]]},"properties":{"c":"m","r":""}},{"type":"Feature","geometry":{"type":"LineString","coordinates":[[7.4217,9.0126],[7.422,9.0128]]},"properties":{"c":"t","r":""}},{"type":"Feature","geometry":{"type":"LineString","coordinates":[[7.422,9.0128],[7.4316,9.023]]},"properties":{"c":"t","r":""}},{"type":"Feature","geometry":{"type":"LineString","coordinates":[[7.4216,9.0127],[7.4219,9.013]]},"properties":{"c":"m","r":""}},{"type":"Feature","geometry":{"type":"LineString","coordinates":[[7.4219,9.013],[7.4315,9.0231]]},"properties":{"c":"m","r":""}},{"type":"Feature","geometry":{"type":"LineString","coordinates":[[7.4215,9.0128],[7.418,9.0091]]},"properties":{"c":"m","r":""}},{"type":"Feature","geometry":{"type":"LineString","coordinates":[[7.4217,9.0131],[7.4215,9.0128]]},"properties":{"c":"m","r":""}},{"type":"Feature","geometry":{"type":"LineString","coordinates":[[7.4213,9.0129],[7.4187,9.0103]]},"properties":{"c":"t","r":""}},{"type":"Feature","geometry":{"type":"LineString","coordinates":[[7.4216,9.0132],[7.4213,9.0129]]},"properties":{"c":"t","r":""}},{"type":"Feature","geometry":{"type":"LineString","coordinates":[[7.4316,9.023],[7.4317,9.0231]]},"properties":{"c":"t","r":""}},{"type":"Feature","geometry":{"type":"LineString","coordinates":[[7.4315,9.0231],[7.4317,9.0233]]},"properties":{"c":"m","r":""}},{"type":"Feature","geometry":{"type":"LineString","coordinates":[[7.4317,9.0233],[7.4461,9.0341]]},"properties":{"c":"m","r":""}},{"type":"Feature","geometry":{"type":"LineString","coordinates":[[7.4314,9.0233],[7.4217,9.0131]]},"properties":{"c":"m","r":""}},{"type":"Feature","geometry":{"type":"LineString","coordinates":[[7.4316,9.0235],[7.4314,9.0233]]},"properties":{"c":"m","r":""}},{"type":"Feature","geometry":{"type":"LineString","coordinates":[[7.4313,9.0235],[7.4216,9.0132]]},"properties":{"c":"t","r":""}},{"type":"Feature","geometry":{"type":"LineString","coordinates":[[7.4315,9.0237],[7.4313,9.0235]]},"properties":{"c":"t","r":""}},{"type":"Feature","geometry":{"type":"LineString","coordinates":[[8.583,9.3812],[8.5832,9.3809]]},"properties":{"c":"t","r":"A3"}},{"type":"Feature","geometry":{"type":"LineString","coordinates":[[4.9192,10.6183],[4.9192,10.6182]]},"properties":{"c":"t","r":"A1"}},{"type":"Feature","geometry":{"type":"LineString","coordinates":[[4.9192,10.6182],[4.9447,10.5883],[4.9965,10.5511],[5.0093,10.5327],[5.0565,10.5118],[5.0853,10.5101]]},"properties":{"c":"t","r":"A1"}},{"type":"Feature","geometry":{"type":"LineString","coordinates":[[7.1801,4.8974],[7.1891,4.8986],[7.2363,4.9237],[7.2613,4.9482],[7.2847,4.9816]]},"properties":{"c":"t","r":"A3-1"}},{"type":"Feature","geometry":{"type":"LineString","coordinates":[[7.1802,4.8977],[7.1798,4.8978]]},"properties":{"c":"t","r":"A3-1"}},{"type":"Feature","geometry":{"type":"LineString","coordinates":[[8.6432,7.2985],[8.643,7.2985]]},"properties":{"c":"t","r":"A344"}},{"type":"Feature","geometry":{"type":"LineString","coordinates":[[8.9982,7.3347],[8.9981,7.3345]]},"properties":{"c":"t","r":"A344"}},{"type":"Feature","geometry":{"type":"LineString","coordinates":[[8.9981,7.3345],[8.9983,7.3346]]},"properties":{"c":"t","r":"A344"}},{"type":"Feature","geometry":{"type":"LineString","coordinates":[[8.9997,7.3173],[8.9967,7.3164]]},"properties":{"c":"t","r":"A344"}},{"type":"Feature","geometry":{"type":"LineString","coordinates":[[8.9966,7.3163],[8.9962,7.3162]]},"properties":{"c":"t","r":"A344"}},{"type":"Feature","geometry":{"type":"LineString","coordinates":[[8.9986,7.3348],[8.9984,7.3347]]},"properties":{"c":"t","r":"A344"}},{"type":"Feature","geometry":{"type":"LineString","coordinates":[[8.9984,7.3347],[8.9986,7.3348]]},"properties":{"c":"t","r":"A344"}},{"type":"Feature","geometry":{"type":"LineString","coordinates":[[8.9962,7.3161],[8.9966,7.3161]]},"properties":{"c":"t","r":"A344"}},{"type":"Feature","geometry":{"type":"LineString","coordinates":[[8.9968,7.3162],[8.9997,7.3172]]},"properties":{"c":"t","r":"A344"}},{"type":"Feature","geometry":{"type":"LineString","coordinates":[[9.2293,7.1431],[9.2244,7.1569],[9.2186,7.1992],[9.2118,7.2206],[9.198,7.248],[9.1768,7.2747],[9.1652,7.2949],[9.1489,7.3034],[9.1371,7.3138]]},"properties":{"c":"t","r":"A344"}},{"type":"Feature","geometry":{"type":"LineString","coordinates":[[8.9981,7.3345],[8.9997,7.3173]]},"properties":{"c":"t","r":"A344"}},{"type":"Feature","geometry":{"type":"LineString","coordinates":[[8.9967,7.3164],[8.9967,7.3164]]},"properties":{"c":"t","r":"A344"}},{"type":"Feature","geometry":{"type":"LineString","coordinates":[[9.0101,7.343],[8.9986,7.3348]]},"properties":{"c":"t","r":"A344"}},{"type":"Feature","geometry":{"type":"LineString","coordinates":[[8.6742,7.2919],[8.6513,7.2993],[8.6432,7.2985]]},"properties":{"c":"t","r":"A344"}},{"type":"Feature","geometry":{"type":"LineString","coordinates":[[8.9804,7.3103],[8.9554,7.3054],[8.922,7.2868],[8.9006,7.2843],[8.8481,7.2971],[8.8318,7.2932],[8.8204,7.2939]]},"properties":{"c":"t","r":"A344"}},{"type":"Feature","geometry":{"type":"LineString","coordinates":[[8.643,7.2985],[8.6278,7.3016],[8.5896,7.3009],[8.5525,7.2899],[8.5138,7.2923],[8.4955,7.2965]]},"properties":{"c":"t","r":"A344"}},{"type":"Feature","geometry":{"type":"LineString","coordinates":[[8.8204,7.2939],[8.8027,7.2957],[8.7589,7.309],[8.7338,7.3003],[8.7014,7.298],[8.6823,7.2913],[8.6742,7.2919]]},"properties":{"c":"t","r":"A344"}},{"type":"Feature","geometry":{"type":"LineString","coordinates":[[8.4955,7.3138],[8.4859,7.305],[8.4854,7.2963]]},"properties":{"c":"t","r":"A3"}},{"type":"Feature","geometry":{"type":"LineString","coordinates":[[8.5664,7.6296],[8.5776,7.5985],[8.6009,7.5665],[8.6033,7.534],[8.5962,7.5121],[8.6087,7.458],[8.6056,7.4482],[8.5976,7.4439],[8.5801,7.4238],[8.581,7.3827],[8.5617,7.3622],[8.5536,7.347],[8.5345,7.3366],[8.519,7.3337],[8.4955,7.3138]]},"properties":{"c":"t","r":"A3"}},{"type":"Feature","geometry":{"type":"LineString","coordinates":[[8.008,4.9413],[8.019,4.9359],[8.026,4.9238],[8.0273,4.9064],[8.0373,4.9016]]},"properties":{"c":"t","r":"A342"}},{"type":"Feature","geometry":{"type":"LineString","coordinates":[[8.0876,4.8816],[8.0876,4.8816]]},"properties":{"c":"t","r":"A342"}},{"type":"Feature","geometry":{"type":"LineString","coordinates":[[8.0727,4.891],[8.0597,4.8883],[8.0467,4.8989],[8.0376,4.9017]]},"properties":{"c":"t","r":"A342"}},{"type":"Feature","geometry":{"type":"LineString","coordinates":[[8.0376,4.9015],[8.047,4.8985],[8.0592,4.8882],[8.0727,4.8907]]},"properties":{"c":"t","r":"A342"}},{"type":"Feature","geometry":{"type":"LineString","coordinates":[[8.0376,4.9016],[8.0376,4.9016]]},"properties":{"c":"t","r":"A342"}},{"type":"Feature","geometry":{"type":"LineString","coordinates":[[8.0373,4.9017],[8.0273,4.9067],[8.026,4.9241],[8.0193,4.9357],[8.0074,4.9419],[8.0003,4.9523],[7.9937,4.9765],[7.9843,4.9843],[7.9761,4.9867]]},"properties":{"c":"t","r":"A342"}},{"type":"Feature","geometry":{"type":"LineString","coordinates":[[5.3543,10.3891],[5.3549,10.3892]]},"properties":{"c":"t","r":"A1"}},{"type":"Feature","geometry":{"type":"LineString","coordinates":[[5.3417,10.3911],[5.3543,10.3891]]},"properties":{"c":"t","r":"A1"}},{"type":"Feature","geometry":{"type":"LineString","coordinates":[[2.712,6.381],[2.7065,6.3797]]},"properties":{"c":"t","r":"F100"}},{"type":"Feature","geometry":{"type":"LineString","coordinates":[[12.5478,9.3603],[12.5264,9.3528],[12.5208,9.3473],[12.5039,9.3402],[12.4886,9.3273],[12.4826,9.3091],[12.4726,9.2978]]},"properties":{"c":"t","r":"A13"}},{"type":"Feature","geometry":{"type":"LineString","coordinates":[[4.2378,8.1362],[4.2378,8.1362]]},"properties":{"c":"t","r":"A1"}},{"type":"Feature","geometry":{"type":"LineString","coordinates":[[11.9444,11.7379],[11.9444,11.7377]]},"properties":{"c":"t","r":"A3"}},{"type":"Feature","geometry":{"type":"LineString","coordinates":[[5.2376,13.0333],[5.2379,13.0331]]},"properties":{"c":"t","r":"A126"}},{"type":"Feature","geometry":{"type":"LineString","coordinates":[[5.2376,13.0337],[5.2376,13.0333]]},"properties":{"c":"t","r":"A126"}},{"type":"Feature","geometry":{"type":"LineString","coordinates":[[5.2379,13.0331],[5.2379,13.0334]]},"properties":{"c":"t","r":"A126"}},{"type":"Feature","geometry":{"type":"LineString","coordinates":[[6.9407,8.4678],[6.9353,8.4491],[6.9459,8.4248],[6.9413,8.3943],[6.9368,8.3879],[6.8869,8.3517],[6.8801,8.3217]]},"properties":{"c":"t","r":"A2"}},{"type":"Feature","geometry":{"type":"LineString","coordinates":[[6.9408,8.4682],[6.9407,8.4678]]},"properties":{"c":"t","r":"A2"}},{"type":"Feature","geometry":{"type":"LineString","coordinates":[[6.9409,8.4677],[6.941,8.4682]]},"properties":{"c":"t","r":"A2"}},{"type":"Feature","geometry":{"type":"LineString","coordinates":[[6.941,8.4682],[6.9427,8.4811],[6.9109,8.5908],[6.9124,8.6059]]},"properties":{"c":"t","r":"A2"}},{"type":"Feature","geometry":{"type":"LineString","coordinates":[[6.8801,8.3212],[6.8803,8.3217]]},"properties":{"c":"t","r":"A2"}},{"type":"Feature","geometry":{"type":"LineString","coordinates":[[6.8803,8.3217],[6.8873,8.3518],[6.9413,8.3937],[6.9461,8.4244],[6.9354,8.4505],[6.9409,8.4677]]},"properties":{"c":"t","r":"A2"}},{"type":"Feature","geometry":{"type":"LineString","coordinates":[[6.8801,8.3217],[6.8799,8.3213]]},"properties":{"c":"t","r":"A2"}},{"type":"Feature","geometry":{"type":"LineString","coordinates":[[6.8799,8.3213],[6.872,8.307],[6.8604,8.3023]]},"properties":{"c":"t","r":"A2"}},{"type":"Feature","geometry":{"type":"LineString","coordinates":[[6.8597,8.3022],[6.8522,8.2973],[6.8301,8.2606]]},"properties":{"c":"t","r":"A2"}},{"type":"Feature","geometry":{"type":"LineString","coordinates":[[6.8604,8.3023],[6.8597,8.3022]]},"properties":{"c":"t","r":"A2"}},{"type":"Feature","geometry":{"type":"LineString","coordinates":[[6.8597,8.302],[6.8604,8.3022]]},"properties":{"c":"t","r":"A2"}},{"type":"Feature","geometry":{"type":"LineString","coordinates":[[6.8604,8.3022],[6.8719,8.3067],[6.8801,8.3212]]},"properties":{"c":"t","r":"A2"}},{"type":"Feature","geometry":{"type":"LineString","coordinates":[[5.2957,10.4189],[5.2958,10.4188]]},"properties":{"c":"t","r":"A1"}},{"type":"Feature","geometry":{"type":"LineString","coordinates":[[5.2958,10.4188],[5.3174,10.4129],[5.3409,10.3915]]},"properties":{"c":"t","r":"A1"}},{"type":"Feature","geometry":{"type":"LineString","coordinates":[[11.9926,11.7429],[12.0138,11.7344],[12.0703,11.7347],[12.1269,11.7206],[12.1487,11.7296],[12.1843,11.7356],[12.2185,11.7548],[12.2466,11.7627],[12.2765,11.7656],[12.2976,11.7719],[12.3841,11.7769],[12.4131,11.7867],[12.4608,11.796],[12.485,11.8068]]},"properties":{"c":"t","r":"A3"}},{"type":"Feature","geometry":{"type":"LineString","coordinates":[[12.4848,11.807],[12.4615,11.7964],[12.4122,11.7867],[12.3864,11.7775],[12.2969,11.772],[12.2766,11.7658],[12.2477,11.7631],[12.2193,11.7554],[12.1848,11.7359],[12.1499,11.7301],[12.1279,11.7209],[12.0693,11.735],[12.0138,11.7345],[11.9926,11.7431]]},"properties":{"c":"t","r":"A3"}},{"type":"Feature","geometry":{"type":"LineString","coordinates":[[12.4851,11.8071],[12.4848,11.807]]},"properties":{"c":"t","r":"A3"}},{"type":"Feature","geometry":{"type":"LineString","coordinates":[[12.652,11.8265],[12.6958,11.8255],[12.7673,11.8407]]},"properties":{"c":"t","r":"A3"}},{"type":"Feature","geometry":{"type":"LineString","coordinates":[[12.7672,11.8409],[12.6941,11.8255],[12.67,11.8245],[12.6345,11.8301],[12.6155,11.8295],[12.5376,11.8121],[12.5089,11.812],[12.4851,11.8071]]},"properties":{"c":"t","r":"A3"}},{"type":"Feature","geometry":{"type":"LineString","coordinates":[[12.7693,11.8413],[12.7854,11.8446],[12.8232,11.8453],[12.8505,11.852],[12.9391,11.845],[12.9766,11.85],[13.0101,11.8487]]},"properties":{"c":"t","r":"A3"}},{"type":"Feature","geometry":{"type":"LineString","coordinates":[[8.5528,7.7465],[8.5514,7.7425]]},"properties":{"c":"t","r":"A3"}},{"type":"Feature","geometry":{"type":"LineString","coordinates":[[8.5468,7.7288],[8.5481,7.7324]]},"properties":{"c":"t","r":"A3"}},{"type":"Feature","geometry":{"type":"LineString","coordinates":[[8.5515,7.7425],[8.5528,7.7465]]},"properties":{"c":"t","r":"A3"}},{"type":"Feature","geometry":{"type":"LineString","coordinates":[[8.5514,7.7425],[8.548,7.7324]]},"properties":{"c":"t","r":"A3"}},{"type":"Feature","geometry":{"type":"LineString","coordinates":[[8.5481,7.7324],[8.5515,7.7425]]},"properties":{"c":"t","r":"A3"}},{"type":"Feature","geometry":{"type":"LineString","coordinates":[[8.5468,7.7288],[8.5466,7.7281]]},"properties":{"c":"t","r":"A3"}},{"type":"Feature","geometry":{"type":"LineString","coordinates":[[8.548,7.7324],[8.5468,7.7288]]},"properties":{"c":"t","r":"A3"}},{"type":"Feature","geometry":{"type":"LineString","coordinates":[[8.5465,7.7276],[8.5466,7.7281]]},"properties":{"c":"t","r":"A3"}},{"type":"Feature","geometry":{"type":"LineString","coordinates":[[8.5466,7.7281],[8.5464,7.7277]]},"properties":{"c":"t","r":"A3"}},{"type":"Feature","geometry":{"type":"LineString","coordinates":[[8.5462,7.7271],[8.5465,7.7273]]},"properties":{"c":"t","r":"A3"}},{"type":"Feature","geometry":{"type":"LineString","coordinates":[[8.5463,7.7274],[8.5462,7.7271]]},"properties":{"c":"t","r":"A3"}},{"type":"Feature","geometry":{"type":"LineString","coordinates":[[5.5756,10.3719],[5.5792,10.3709]]},"properties":{"c":"t","r":"A125"}},{"type":"Feature","geometry":{"type":"LineString","coordinates":[[5.5755,10.372],[5.5756,10.3719]]},"properties":{"c":"t","r":"A125"}},{"type":"Feature","geometry":{"type":"LineString","coordinates":[[5.5792,10.3709],[5.5798,10.3708]]},"properties":{"c":"t","r":"A125"}},{"type":"Feature","geometry":{"type":"LineString","coordinates":[[5.5798,10.3708],[5.5799,10.3708]]},"properties":{"c":"t","r":"A125"}},{"type":"Feature","geometry":{"type":"LineString","coordinates":[[5.5799,10.3708],[5.6124,10.3488],[5.6233,10.3345],[5.6282,10.3119],[5.6367,10.303],[5.6552,10.2899],[5.6712,10.2918]]},"properties":{"c":"t","r":"A125"}},{"type":"Feature","geometry":{"type":"LineString","coordinates":[[7.9338,5.0306],[7.9369,5.0214]]},"properties":{"c":"t","r":"A342"}},{"type":"Feature","geometry":{"type":"LineString","coordinates":[[7.9369,5.0214],[7.9394,5.0146]]},"properties":{"c":"t","r":"A342"}},{"type":"Feature","geometry":{"type":"LineString","coordinates":[[7.9394,5.0146],[7.9441,5.0061]]},"properties":{"c":"t","r":"A342"}},{"type":"Feature","geometry":{"type":"LineString","coordinates":[[7.9442,5.0059],[7.9494,5.0007]]},"properties":{"c":"t","r":"A342"}},{"type":"Feature","geometry":{"type":"LineString","coordinates":[[5.7461,6.2908],[5.7434,6.2836],[5.6941,6.2476],[5.6597,6.2171],[5.6378,6.2142]]},"properties":{"c":"t","r":""}},{"type":"Feature","geometry":{"type":"LineString","coordinates":[[5.449,6.5793],[5.5197,6.5511]]},"properties":{"c":"t","r":"A121-1"}},{"type":"Feature","geometry":{"type":"LineString","coordinates":[[7.274,8.9492],[7.291,8.9435]]},"properties":{"c":"m","r":""}},{"type":"Feature","geometry":{"type":"LineString","coordinates":[[7.2734,8.9494],[7.274,8.9492]]},"properties":{"c":"m","r":""}},{"type":"Feature","geometry":{"type":"LineString","coordinates":[[7.2741,8.9493],[7.2735,8.9496]]},"properties":{"c":"m","r":""}},{"type":"Feature","geometry":{"type":"LineString","coordinates":[[7.2735,8.9496],[7.2689,8.9513]]},"properties":{"c":"m","r":""}},{"type":"Feature","geometry":{"type":"LineString","coordinates":[[7.2739,8.949],[7.2751,8.9485]]},"properties":{"c":"t","r":""}},{"type":"Feature","geometry":{"type":"LineString","coordinates":[[7.2733,8.9492],[7.2739,8.949]]},"properties":{"c":"t","r":""}},{"type":"Feature","geometry":{"type":"LineString","coordinates":[[7.2741,8.9495],[7.2735,8.9498]]},"properties":{"c":"t","r":""}},{"type":"Feature","geometry":{"type":"LineString","coordinates":[[7.2735,8.9498],[7.2689,8.9515]]},"properties":{"c":"t","r":""}},{"type":"Feature","geometry":{"type":"LineString","coordinates":[[7.2687,8.951],[7.2733,8.9492]]},"properties":{"c":"t","r":""}},{"type":"Feature","geometry":{"type":"LineString","coordinates":[[7.2683,8.9512],[7.2687,8.951]]},"properties":{"c":"t","r":""}},{"type":"Feature","geometry":{"type":"LineString","coordinates":[[7.2688,8.9512],[7.2734,8.9494]]},"properties":{"c":"m","r":""}},{"type":"Feature","geometry":{"type":"LineString","coordinates":[[7.2683,8.9513],[7.2688,8.9512]]},"properties":{"c":"m","r":""}},{"type":"Feature","geometry":{"type":"LineString","coordinates":[[7.2689,8.9513],[7.2684,8.9515]]},"properties":{"c":"m","r":""}},{"type":"Feature","geometry":{"type":"LineString","coordinates":[[7.2684,8.9515],[7.2555,8.9564]]},"properties":{"c":"m","r":""}},{"type":"Feature","geometry":{"type":"LineString","coordinates":[[7.2689,8.9515],[7.2685,8.9517]]},"properties":{"c":"t","r":""}},{"type":"Feature","geometry":{"type":"LineString","coordinates":[[7.2685,8.9517],[7.2556,8.9566]]},"properties":{"c":"t","r":""}},{"type":"Feature","geometry":{"type":"LineString","coordinates":[[7.2307,8.9674],[7.23,8.9676]]},"properties":{"c":"t","r":""}},{"type":"Feature","geometry":{"type":"LineString","coordinates":[[7.23,8.9676],[7.1644,9.0031]]},"properties":{"c":"t","r":""}},{"type":"Feature","geometry":{"type":"LineString","coordinates":[[7.23,8.9675],[7.2306,8.9672]]},"properties":{"c":"t","r":""}},{"type":"Feature","geometry":{"type":"LineString","coordinates":[[7.1644,9.0031],[7.1639,9.0034]]},"properties":{"c":"t","r":""}},{"type":"Feature","geometry":{"type":"LineString","coordinates":[[7.1641,9.003],[7.23,8.9675]]},"properties":{"c":"t","r":""}},{"type":"Feature","geometry":{"type":"LineString","coordinates":[[7.1637,9.0033],[7.1641,9.003]]},"properties":{"c":"t","r":""}},{"type":"Feature","geometry":{"type":"LineString","coordinates":[[7.239,8.9635],[7.2546,8.9565]]},"properties":{"c":"m","r":""}},{"type":"Feature","geometry":{"type":"LineString","coordinates":[[6.1735,10.0829],[6.12,10.1163],[6.1015,10.1185],[6.0714,10.1293],[6.0546,10.1281],[6.0426,10.1324],[6.032,10.1323]]},"properties":{"c":"t","r":"A125"}},{"type":"Feature","geometry":{"type":"LineString","coordinates":[[6.1747,10.082],[6.1735,10.0829]]},"properties":{"c":"t","r":"A125"}},{"type":"Feature","geometry":{"type":"LineString","coordinates":[[7.4365,9.1181],[7.3769,9.1237],[7.3633,9.1319]]},"properties":{"c":"t","r":""}},{"type":"Feature","geometry":{"type":"LineString","coordinates":[[8.9983,7.3346],[8.9983,7.3346]]},"properties":{"c":"t","r":""}},{"type":"Feature","geometry":{"type":"LineString","coordinates":[[7.4467,9.7803],[7.4477,9.7679]]},"properties":{"c":"t","r":"A2"}},{"type":"Feature","geometry":{"type":"LineString","coordinates":[[7.4468,9.7806],[7.4467,9.7803]]},"properties":{"c":"t","r":"A2"}},{"type":"Feature","geometry":{"type":"LineString","coordinates":[[7.447,9.7801],[7.4471,9.7804]]},"properties":{"c":"t","r":"A2"}},{"type":"Feature","geometry":{"type":"LineString","coordinates":[[7.448,9.768],[7.447,9.7801]]},"properties":{"c":"t","r":"A2"}},{"type":"Feature","geometry":{"type":"LineString","coordinates":[[7.5245,9.0669],[7.5246,9.0626]]},"properties":{"c":"t","r":""}},{"type":"Feature","geometry":{"type":"LineString","coordinates":[[7.54,9.0426],[7.5434,9.0405],[7.5437,9.0337]]},"properties":{"c":"t","r":""}},{"type":"Feature","geometry":{"type":"LineString","coordinates":[[7.5441,9.0351],[7.541,9.0429]]},"properties":{"c":"t","r":""}},{"type":"Feature","geometry":{"type":"LineString","coordinates":[[13.0419,10.2571],[13.0409,10.2571]]},"properties":{"c":"t","r":"A13"}},{"type":"Feature","geometry":{"type":"LineString","coordinates":[[13.0421,10.2571],[13.0419,10.2571]]},"properties":{"c":"t","r":"A13"}},{"type":"Feature","geometry":{"type":"LineString","coordinates":[[13.0409,10.2571],[13.0254,10.2523],[13.0068,10.2403]]},"properties":{"c":"t","r":"A13"}},{"type":"Feature","geometry":{"type":"LineString","coordinates":[[13.043,10.2572],[13.0421,10.2571]]},"properties":{"c":"t","r":"A13"}},{"type":"Feature","geometry":{"type":"LineString","coordinates":[[5.6231,6.3478],[5.6193,6.3541]]},"properties":{"c":"t","r":"A121"}},{"type":"Feature","geometry":{"type":"LineString","coordinates":[[5.6254,6.3458],[5.6231,6.3478]]},"properties":{"c":"t","r":"A121"}},{"type":"Feature","geometry":{"type":"LineString","coordinates":[[5.6338,6.3421],[5.6256,6.3457]]},"properties":{"c":"t","r":"A121"}},{"type":"Feature","geometry":{"type":"LineString","coordinates":[[5.6186,6.3547],[5.6186,6.3547]]},"properties":{"c":"t","r":"A121"}},{"type":"Feature","geometry":{"type":"LineString","coordinates":[[5.7459,6.3305],[5.7461,6.2915]]},"properties":{"c":"t","r":""}},{"type":"Feature","geometry":{"type":"LineString","coordinates":[[5.7459,6.3313],[5.7459,6.3305]]},"properties":{"c":"t","r":""}},{"type":"Feature","geometry":{"type":"LineString","coordinates":[[5.746,6.3306],[5.7461,6.3313]]},"properties":{"c":"t","r":""}},{"type":"Feature","geometry":{"type":"LineString","coordinates":[[5.7462,6.2915],[5.746,6.3306]]},"properties":{"c":"t","r":""}},{"type":"Feature","geometry":{"type":"LineString","coordinates":[[3.1954,6.8182],[3.1941,6.8478],[3.1889,6.858],[3.1931,6.8696],[3.1921,6.8822],[3.2016,6.8965]]},"properties":{"c":"t","r":"A5"}},{"type":"Feature","geometry":{"type":"LineString","coordinates":[[3.2015,6.8966],[3.192,6.8822],[3.1929,6.8695],[3.1887,6.8575],[3.1939,6.8482],[3.1954,6.8181]]},"properties":{"c":"t","r":"A5"}},{"type":"Feature","geometry":{"type":"LineString","coordinates":[[3.2015,6.8965],[3.2015,6.8965]]},"properties":{"c":"t","r":"A5"}},{"type":"Feature","geometry":{"type":"LineString","coordinates":[[3.2217,6.9351],[3.2016,6.8968]]},"properties":{"c":"t","r":"A5"}},{"type":"Feature","geometry":{"type":"LineString","coordinates":[[3.2219,6.9352],[3.2217,6.9351]]},"properties":{"c":"t","r":"A5"}},{"type":"Feature","geometry":{"type":"LineString","coordinates":[[3.222,6.9352],[3.224,6.9372]]},"properties":{"c":"t","r":"A5"}},{"type":"Feature","geometry":{"type":"LineString","coordinates":[[3.2217,6.935],[3.222,6.9352]]},"properties":{"c":"t","r":"A5"}},{"type":"Feature","geometry":{"type":"LineString","coordinates":[[3.2239,6.9373],[3.2219,6.9352]]},"properties":{"c":"t","r":"A5"}},{"type":"Feature","geometry":{"type":"LineString","coordinates":[[3.224,6.9376],[3.2239,6.9373]]},"properties":{"c":"t","r":"A5"}},{"type":"Feature","geometry":{"type":"LineString","coordinates":[[3.224,6.9372],[3.2242,6.9375]]},"properties":{"c":"t","r":"A5"}},{"type":"Feature","geometry":{"type":"LineString","coordinates":[[3.2018,6.8968],[3.2217,6.935]]},"properties":{"c":"t","r":"A5"}},{"type":"Feature","geometry":{"type":"LineString","coordinates":[[3.223,6.948],[3.224,6.9376]]},"properties":{"c":"t","r":"A5"}},{"type":"Feature","geometry":{"type":"LineString","coordinates":[[3.2229,6.9483],[3.223,6.948]]},"properties":{"c":"t","r":"A5"}},{"type":"Feature","geometry":{"type":"LineString","coordinates":[[3.2231,6.948],[3.223,6.9483]]},"properties":{"c":"t","r":"A5"}},{"type":"Feature","geometry":{"type":"LineString","coordinates":[[3.2242,6.9375],[3.2231,6.948]]},"properties":{"c":"t","r":"A5"}},{"type":"Feature","geometry":{"type":"LineString","coordinates":[[3.4136,6.4222],[3.4099,6.4246],[3.4088,6.4346]]},"properties":{"c":"t","r":"F263"}},{"type":"Feature","geometry":{"type":"LineString","coordinates":[[3.2389,6.6993],[3.2391,6.6996]]},"properties":{"c":"t","r":"A5-1"}},{"type":"Feature","geometry":{"type":"LineString","coordinates":[[3.1591,6.6814],[3.1446,6.6825],[3.0984,6.6642]]},"properties":{"c":"t","r":"A5-1"}},{"type":"Feature","geometry":{"type":"LineString","coordinates":[[3.2389,6.6992],[3.2389,6.6992]]},"properties":{"c":"t","r":""}},{"type":"Feature","geometry":{"type":"LineString","coordinates":[[3.2266,6.6888],[3.2266,6.6888]]},"properties":{"c":"t","r":""}},{"type":"Feature","geometry":{"type":"LineString","coordinates":[[3.9113,7.8718],[3.9019,7.8404],[3.9155,7.798],[3.9175,7.7656]]},"properties":{"c":"m","r":"E1"}},{"type":"Feature","geometry":{"type":"LineString","coordinates":[[7.4126,6.4256],[7.426,6.4404],[7.4334,6.4653]]},"properties":{"c":"t","r":"A343"}},{"type":"Feature","geometry":{"type":"LineString","coordinates":[[7.4057,6.4273],[7.4056,6.427]]},"properties":{"c":"t","r":"A3"}},{"type":"Feature","geometry":{"type":"LineString","coordinates":[[7.4053,6.4298],[7.406,6.4297]]},"properties":{"c":"t","r":"A3"}},{"type":"Feature","geometry":{"type":"LineString","coordinates":[[7.1756,6.261],[7.1808,6.264],[7.2547,6.263],[7.2598,6.2668]]},"properties":{"c":"t","r":"A232-1"}},{"type":"Feature","geometry":{"type":"LineString","coordinates":[[7.4058,6.4271],[7.4058,6.4271]]},"properties":{"c":"t","r":"A3"}},{"type":"Feature","geometry":{"type":"LineString","coordinates":[[7.4128,6.4259],[7.3999,6.4214],[7.3865,6.4058],[7.3219,6.313],[7.2971,6.2827],[7.2602,6.2675]]},"properties":{"c":"t","r":"A232-1"}},{"type":"Feature","geometry":{"type":"LineString","coordinates":[[7.4056,6.4264],[7.4058,6.4268]]},"properties":{"c":"t","r":"A3"}},{"type":"Feature","geometry":{"type":"LineString","coordinates":[[7.4058,6.427],[7.4057,6.4273]]},"properties":{"c":"t","r":"A3"}},{"type":"Feature","geometry":{"type":"LineString","coordinates":[[7.406,6.4298],[7.4053,6.4298]]},"properties":{"c":"t","r":"A3"}},{"type":"Feature","geometry":{"type":"LineString","coordinates":[[7.4056,6.4269],[7.4056,6.4264]]},"properties":{"c":"t","r":"A3"}},{"type":"Feature","geometry":{"type":"LineString","coordinates":[[7.4053,6.4238],[7.4052,6.4232]]},"properties":{"c":"t","r":"A3"}},{"type":"Feature","geometry":{"type":"LineString","coordinates":[[7.4052,6.4232],[7.4045,6.4178]]},"properties":{"c":"t","r":"A3"}},{"type":"Feature","geometry":{"type":"LineString","coordinates":[[4.8339,6.7604],[4.885,6.7618]]},"properties":{"c":"t","r":"A121-1"}},{"type":"Feature","geometry":{"type":"LineString","coordinates":[[5.1235,6.7593],[5.0371,6.7753]]},"properties":{"c":"t","r":"A121-1"}},{"type":"Feature","geometry":{"type":"LineString","coordinates":[[4.885,6.7618],[4.8856,6.7619]]},"properties":{"c":"t","r":"A121-1"}},{"type":"Feature","geometry":{"type":"LineString","coordinates":[[4.8856,6.7619],[4.8952,6.76],[4.9151,6.7466],[4.9401,6.7475],[4.9764,6.7693],[5.0026,6.7781]]},"properties":{"c":"t","r":"A121-1"}},{"type":"Feature","geometry":{"type":"LineString","coordinates":[[4.885,6.7619],[4.8205,6.7602],[4.7785,6.7505],[4.7341,6.7243],[4.7138,6.7213]]},"properties":{"c":"t","r":"A121-1"}},{"type":"Feature","geometry":{"type":"LineString","coordinates":[[4.8856,6.762],[4.885,6.7619]]},"properties":{"c":"t","r":"A121-1"}},{"type":"Feature","geometry":{"type":"LineString","coordinates":[[5.0026,6.7782],[4.9772,6.7698],[4.9406,6.7477],[4.9148,6.7468],[4.8941,6.7607],[4.8856,6.762]]},"properties":{"c":"t","r":"A121-1"}},{"type":"Feature","geometry":{"type":"LineString","coordinates":[[5.0036,6.7785],[5.0026,6.7782]]},"properties":{"c":"t","r":"A121-1"}},{"type":"Feature","geometry":{"type":"LineString","coordinates":[[5.1486,6.752],[5.2961,6.6521]]},"properties":{"c":"t","r":"A121-1"}},{"type":"Feature","geometry":{"type":"LineString","coordinates":[[5.0026,6.7781],[5.0036,6.7784]]},"properties":{"c":"t","r":"A121-1"}},{"type":"Feature","geometry":{"type":"LineString","coordinates":[[5.5197,6.5511],[5.5206,6.5509]]},"properties":{"c":"t","r":"A121-1"}},{"type":"Feature","geometry":{"type":"LineString","coordinates":[[5.5206,6.5509],[5.5295,6.5461],[5.5767,6.493],[5.5924,6.4608]]},"properties":{"c":"t","r":"A121-1"}},{"type":"Feature","geometry":{"type":"LineString","coordinates":[[5.5198,6.5512],[5.449,6.5794]]},"properties":{"c":"t","r":"A121-1"}},{"type":"Feature","geometry":{"type":"LineString","coordinates":[[5.5206,6.551],[5.5198,6.5512]]},"properties":{"c":"t","r":"A121-1"}},{"type":"Feature","geometry":{"type":"LineString","coordinates":[[5.6454,6.4532],[5.6449,6.4534]]},"properties":{"c":"t","r":""}},{"type":"Feature","geometry":{"type":"LineString","coordinates":[[5.6449,6.4534],[5.6241,6.4618],[5.5994,6.461]]},"properties":{"c":"t","r":""}},{"type":"Feature","geometry":{"type":"LineString","coordinates":[[5.6454,6.4531],[5.6914,6.433],[5.7316,6.3894]]},"properties":{"c":"t","r":""}},{"type":"Feature","geometry":{"type":"LineString","coordinates":[[5.6448,6.4533],[5.6454,6.4531]]},"properties":{"c":"t","r":""}},{"type":"Feature","geometry":{"type":"LineString","coordinates":[[5.6192,6.3543],[5.619,6.3547]]},"properties":{"c":"t","r":"A121"}},{"type":"Feature","geometry":{"type":"LineString","coordinates":[[5.765,6.3268],[5.7646,6.3271]]},"properties":{"c":"t","r":"A232"}},{"type":"Feature","geometry":{"type":"LineString","coordinates":[[5.7646,6.3271],[5.7586,6.3312],[5.7489,6.3304],[5.6871,6.3463],[5.6642,6.349]]},"properties":{"c":"t","r":"A2"}},{"type":"Feature","geometry":{"type":"LineString","coordinates":[[5.7648,6.3266],[5.765,6.3264]]},"properties":{"c":"t","r":"A232"}},{"type":"Feature","geometry":{"type":"LineString","coordinates":[[5.765,6.3264],[5.7854,6.3243],[5.7886,6.3216]]},"properties":{"c":"t","r":"A232"}},{"type":"Feature","geometry":{"type":"LineString","coordinates":[[5.7891,6.3216],[5.7887,6.322]]},"properties":{"c":"t","r":"A232"}},{"type":"Feature","geometry":{"type":"LineString","coordinates":[[5.7887,6.322],[5.765,6.3268]]},"properties":{"c":"t","r":"A232"}},{"type":"Feature","geometry":{"type":"LineString","coordinates":[[5.7887,6.3215],[5.7948,6.3164],[5.8375,6.3089],[5.8436,6.3108]]},"properties":{"c":"t","r":"A232"}},{"type":"Feature","geometry":{"type":"LineString","coordinates":[[5.7886,6.3216],[5.7887,6.3215]]},"properties":{"c":"t","r":"A232"}},{"type":"Feature","geometry":{"type":"LineString","coordinates":[[5.8436,6.3108],[5.8438,6.3108]]},"properties":{"c":"t","r":"A232"}},{"type":"Feature","geometry":{"type":"LineString","coordinates":[[5.8438,6.3108],[5.8517,6.312],[5.9231,6.2941],[5.9588,6.2923],[5.9667,6.2858]]},"properties":{"c":"t","r":"A232"}},{"type":"Feature","geometry":{"type":"LineString","coordinates":[[5.8434,6.311],[5.8368,6.3092],[5.7942,6.3169],[5.7891,6.3216]]},"properties":{"c":"t","r":"A232"}},{"type":"Feature","geometry":{"type":"LineString","coordinates":[[5.8437,6.3112],[5.8434,6.311]]},"properties":{"c":"t","r":"A232"}},{"type":"Feature","geometry":{"type":"LineString","coordinates":[[6.1934,6.2672],[6.193,6.2672]]},"properties":{"c":"t","r":"A232"}},{"type":"Feature","geometry":{"type":"LineString","coordinates":[[6.193,6.2672],[6.1636,6.2618],[6.1396,6.2631],[6.0879,6.275],[6.0583,6.2881],[6.0341,6.2875]]},"properties":{"c":"t","r":"A232"}},{"type":"Feature","geometry":{"type":"LineString","coordinates":[[6.1928,6.2671],[6.1935,6.2671]]},"properties":{"c":"t","r":"A232"}},{"type":"Feature","geometry":{"type":"LineString","coordinates":[[7.4553,6.4692],[7.4555,6.4691]]},"properties":{"c":"t","r":"A343"}},{"type":"Feature","geometry":{"type":"LineString","coordinates":[[7.4556,6.4692],[7.4555,6.4693]]},"properties":{"c":"t","r":"A343"}},{"type":"Feature","geometry":{"type":"LineString","coordinates":[[7.4333,6.4655],[7.4258,6.4405],[7.4128,6.4259]]},"properties":{"c":"t","r":"A343"}},{"type":"Feature","geometry":{"type":"LineString","coordinates":[[7.465,6.4667],[7.4979,6.4721],[7.509,6.4767],[7.5137,6.4754]]},"properties":{"c":"t","r":"A343"}},{"type":"Feature","geometry":{"type":"LineString","coordinates":[[7.4555,6.4691],[7.461,6.4655],[7.465,6.4667]]},"properties":{"c":"t","r":"A343"}},{"type":"Feature","geometry":{"type":"LineString","coordinates":[[5.7798,5.5472],[5.7798,5.5472]]},"properties":{"c":"t","r":"A2"}},{"type":"Feature","geometry":{"type":"LineString","coordinates":[[5.7801,5.5474],[5.7847,5.5561]]},"properties":{"c":"t","r":"A2"}},{"type":"Feature","geometry":{"type":"LineString","coordinates":[[5.7846,5.5562],[5.7845,5.5561]]},"properties":{"c":"t","r":"A2"}},{"type":"Feature","geometry":{"type":"LineString","coordinates":[[5.7845,5.5561],[5.78,5.5476]]},"properties":{"c":"t","r":"A2"}},{"type":"Feature","geometry":{"type":"LineString","coordinates":[[3.9244,7.8325],[3.9341,7.8339],[3.9616,7.8555],[3.9729,7.8571],[3.9781,7.874],[4.0017,7.8843],[4.0141,7.9097],[4.0135,7.9256],[4.0199,7.9321],[4.0273,7.9339],[4.0384,7.9457],[4.0739,7.9628],[4.106,8.0103],[4.1221,8.0251],[4.1321,8.0428],[4.1434,8.0479]]},"properties":{"c":"t","r":"A1"}},{"type":"Feature","geometry":{"type":"LineString","coordinates":[[7.1467,6.2559],[7.1474,6.2561]]},"properties":{"c":"t","r":"A232-1"}},{"type":"Feature","geometry":{"type":"LineString","coordinates":[[7.1474,6.2561],[7.1632,6.2612],[7.1702,6.259],[7.1756,6.261]]},"properties":{"c":"t","r":"A232-1"}},{"type":"Feature","geometry":{"type":"LineString","coordinates":[[7.1473,6.2563],[7.1466,6.2561]]},"properties":{"c":"t","r":"A232-1"}},{"type":"Feature","geometry":{"type":"LineString","coordinates":[[7.2598,6.2668],[7.2603,6.2672]]},"properties":{"c":"t","r":"A232-1"}},{"type":"Feature","geometry":{"type":"LineString","coordinates":[[7.2603,6.2672],[7.297,6.2823],[7.3221,6.3129],[7.3867,6.4057],[7.4003,6.4215],[7.4126,6.4256]]},"properties":{"c":"t","r":"A232-1"}},{"type":"Feature","geometry":{"type":"LineString","coordinates":[[7.2599,6.2671],[7.2541,6.2631],[7.1806,6.2642],[7.1754,6.2611]]},"properties":{"c":"t","r":"A232-1"}},{"type":"Feature","geometry":{"type":"LineString","coordinates":[[7.2602,6.2675],[7.2599,6.2671]]},"properties":{"c":"t","r":"A232-1"}},{"type":"Feature","geometry":{"type":"LineString","coordinates":[[7.1754,6.2611],[7.1559,6.2591]]},"properties":{"c":"t","r":"A232-1"}},{"type":"Feature","geometry":{"type":"LineString","coordinates":[[7.5262,6.4079],[7.5376,6.4237],[7.5401,6.4548]]},"properties":{"c":"t","r":"A3-1"}},{"type":"Feature","geometry":{"type":"LineString","coordinates":[[7.4942,6.3668],[7.4943,6.3672]]},"properties":{"c":"t","r":"A3-1"}},{"type":"Feature","geometry":{"type":"LineString","coordinates":[[7.4775,6.316],[7.4682,6.2942],[7.4597,6.2511],[7.4747,6.2268],[7.5015,6.2134],[7.5088,6.2001],[7.5126,6.1809],[7.512,6.1713],[7.4993,6.1362],[7.5003,6.1221],[7.494,6.0883],[7.4975,6.0693],[7.4884,6.042],[7.4784,6.0262],[7.476,5.9895],[7.4672,5.9803],[7.4505,5.9753],[7.4376,5.9626],[7.4084,5.9151]]},"properties":{"c":"t","r":"A3-1"}},{"type":"Feature","geometry":{"type":"LineString","coordinates":[[7.494,6.3672],[7.4939,6.3668]]},"properties":{"c":"t","r":"A3-1"}},{"type":"Feature","geometry":{"type":"LineString","coordinates":[[7.6627,5.1564],[7.6958,5.1819],[7.711,5.1812]]},"properties":{"c":"t","r":"A342"}},{"type":"Feature","geometry":{"type":"LineString","coordinates":[[7.6624,5.1563],[7.6627,5.1564]]},"properties":{"c":"t","r":"A342"}},{"type":"Feature","geometry":{"type":"LineString","coordinates":[[5.647,6.3517],[5.6468,6.3516]]},"properties":{"c":"t","r":"A2"}},{"type":"Feature","geometry":{"type":"LineString","coordinates":[[5.6468,6.3516],[5.6236,6.3333]]},"properties":{"c":"t","r":"A2"}},{"type":"Feature","geometry":{"type":"LineString","coordinates":[[5.6468,6.3516],[5.647,6.3516]]},"properties":{"c":"t","r":"A2"}},{"type":"Feature","geometry":{"type":"LineString","coordinates":[[5.647,6.3516],[5.6566,6.3498]]},"properties":{"c":"t","r":"A2"}},{"type":"Feature","geometry":{"type":"LineString","coordinates":[[5.6642,6.3489],[5.6875,6.3461],[5.7487,6.3301],[5.7577,6.3311],[5.7648,6.3266]]},"properties":{"c":"t","r":"A2"}},{"type":"Feature","geometry":{"type":"LineString","coordinates":[[5.6566,6.3499],[5.647,6.3517]]},"properties":{"c":"t","r":"A2"}},{"type":"Feature","geometry":{"type":"LineString","coordinates":[[5.6278,6.3144],[5.6236,6.3322]]},"properties":{"c":"t","r":"A2"}},{"type":"Feature","geometry":{"type":"LineString","coordinates":[[5.6276,6.3142],[5.6363,6.2557],[5.6377,6.207],[5.6643,6.0858],[5.6638,6.0526]]},"properties":{"c":"t","r":"A2"}},{"type":"Feature","geometry":{"type":"LineString","coordinates":[[5.6279,6.3143],[5.6279,6.3143]]},"properties":{"c":"t","r":"A2"}},{"type":"Feature","geometry":{"type":"LineString","coordinates":[[3.8201,6.8246],[3.8011,6.8353],[3.7739,6.8688],[3.7376,6.882],[3.7037,6.8843],[3.6572,6.8672]]},"properties":{"c":"t","r":"A121-1"}},{"type":"Feature","geometry":{"type":"LineString","coordinates":[[3.8208,6.8244],[3.8201,6.8246]]},"properties":{"c":"t","r":"A121-1"}},{"type":"Feature","geometry":{"type":"LineString","coordinates":[[3.8201,6.8246],[3.8208,6.8243]]},"properties":{"c":"t","r":"A121-1"}},{"type":"Feature","geometry":{"type":"LineString","coordinates":[[3.8208,6.8243],[3.8229,6.8234]]},"properties":{"c":"t","r":"A121-1"}},{"type":"Feature","geometry":{"type":"LineString","coordinates":[[3.8229,6.8234],[3.8232,6.8233]]},"properties":{"c":"t","r":"A121-1"}},{"type":"Feature","geometry":{"type":"LineString","coordinates":[[3.8232,6.8233],[3.904,6.7964],[3.9935,6.7851],[4.0834,6.7544],[4.0948,6.7542],[4.1228,6.7612]]},"properties":{"c":"t","r":"A121-1"}},{"type":"Feature","geometry":{"type":"LineString","coordinates":[[3.8233,6.8234],[3.8229,6.8235]]},"properties":{"c":"t","r":"A121-1"}},{"type":"Feature","geometry":{"type":"LineString","coordinates":[[3.8229,6.8235],[3.8208,6.8244]]},"properties":{"c":"t","r":"A121-1"}},{"type":"Feature","geometry":{"type":"LineString","coordinates":[[3.6237,6.8602],[3.6195,6.8663],[3.6024,6.8683],[3.5786,6.8831]]},"properties":{"c":"t","r":"A121-1"}},{"type":"Feature","geometry":{"type":"LineString","coordinates":[[8.4921,8.83],[8.4807,8.8397],[8.4709,8.8307],[8.4571,8.8307],[8.4523,8.8397]]},"properties":{"c":"t","r":"A3"}},{"type":"Feature","geometry":{"type":"LineString","coordinates":[[8.4065,8.9108],[8.4065,8.9108]]},"properties":{"c":"t","r":"A3"}},{"type":"Feature","geometry":{"type":"LineString","coordinates":[[8.4074,8.9088],[8.4068,8.9106]]},"properties":{"c":"t","r":"A3"}},{"type":"Feature","geometry":{"type":"LineString","coordinates":[[8.4067,8.9106],[8.4073,8.9087]]},"properties":{"c":"t","r":"A3"}},{"type":"Feature","geometry":{"type":"LineString","coordinates":[[8.4063,8.9108],[8.4065,8.9107]]},"properties":{"c":"t","r":"A234"}},{"type":"Feature","geometry":{"type":"LineString","coordinates":[[8.4066,8.9109],[8.4063,8.9109]]},"properties":{"c":"t","r":"A234"}},{"type":"Feature","geometry":{"type":"LineString","coordinates":[[8.4068,8.9106],[8.4067,8.9111]]},"properties":{"c":"t","r":"A3"}},{"type":"Feature","geometry":{"type":"LineString","coordinates":[[8.4066,8.9113],[8.4066,8.911]]},"properties":{"c":"t","r":"A3"}},{"type":"Feature","geometry":{"type":"LineString","coordinates":[[8.6835,11.881],[8.7042,11.865],[8.7282,11.8368],[8.7642,11.8255]]},"properties":{"c":"t","r":"A237"}},{"type":"Feature","geometry":{"type":"LineString","coordinates":[[8.5171,8.4993],[8.524,8.5281],[8.5453,8.562]]},"properties":{"c":"t","r":"A3"}},{"type":"Feature","geometry":{"type":"LineString","coordinates":[[8.6244,9.5188],[8.6247,9.519]]},"properties":{"c":"t","r":"A3"}},{"type":"Feature","geometry":{"type":"LineString","coordinates":[[8.6247,9.519],[8.6269,9.5307],[8.6227,9.5413],[8.6361,9.544]]},"properties":{"c":"t","r":"A3"}},{"type":"Feature","geometry":{"type":"LineString","coordinates":[[8.3478,5.1437],[8.3465,5.1586],[8.3623,5.2184],[8.3596,5.2474]]},"properties":{"c":"t","r":"A4"}},{"type":"Feature","geometry":{"type":"LineString","coordinates":[[8.3288,5.3394],[8.3297,5.3391]]},"properties":{"c":"t","r":"A4"}},{"type":"Feature","geometry":{"type":"LineString","coordinates":[[8.236,5.3916],[8.2364,5.3914]]},"properties":{"c":"t","r":"A4"}},{"type":"Feature","geometry":{"type":"LineString","coordinates":[[8.2364,5.3914],[8.2555,5.3879],[8.2655,5.3818],[8.2846,5.3512],[8.3128,5.3529],[8.3214,5.3424],[8.3288,5.3394]]},"properties":{"c":"t","r":"A4"}},{"type":"Feature","geometry":{"type":"LineString","coordinates":[[8.2347,5.9317],[8.2342,5.9311]]},"properties":{"c":"t","r":"A4"}},{"type":"Feature","geometry":{"type":"LineString","coordinates":[[8.2342,5.9311],[8.2259,5.9162],[8.217,5.9149],[8.2101,5.9031],[8.1983,5.8954],[8.1813,5.8609],[8.1633,5.8465],[8.1549,5.8443],[8.1486,5.8491],[8.1418,5.8628]]},"properties":{"c":"t","r":"A4"}},{"type":"Feature","geometry":{"type":"LineString","coordinates":[[9.2671,7.1191],[9.2533,7.0899],[9.2611,7.0533],[9.2583,7.0302]]},"properties":{"c":"t","r":"A4"}},{"type":"Feature","geometry":{"type":"LineString","coordinates":[[9.2672,7.1197],[9.2672,7.1197]]},"properties":{"c":"t","r":"A4"}},{"type":"Feature","geometry":{"type":"LineString","coordinates":[[9.2671,7.1191],[9.2674,7.1197]]},"properties":{"c":"t","r":"A4"}},{"type":"Feature","geometry":{"type":"LineString","coordinates":[[9.2673,7.1197],[9.2671,7.1191]]},"properties":{"c":"t","r":"A4"}},{"type":"Feature","geometry":{"type":"LineString","coordinates":[[9.2675,7.1199],[9.2677,7.1208]]},"properties":{"c":"t","r":"A4"}},{"type":"Feature","geometry":{"type":"LineString","coordinates":[[9.2677,7.1208],[9.2673,7.12]]},"properties":{"c":"t","r":"A4"}},{"type":"Feature","geometry":{"type":"LineString","coordinates":[[9.2673,7.1199],[9.2664,7.1199]]},"properties":{"c":"t","r":"A344"}},{"type":"Feature","geometry":{"type":"LineString","coordinates":[[9.2664,7.1199],[9.2672,7.1197]]},"properties":{"c":"t","r":"A344"}},{"type":"Feature","geometry":{"type":"LineString","coordinates":[[7.7177,5.1731],[7.7126,5.1798]]},"properties":{"c":"t","r":"A342"}},{"type":"Feature","geometry":{"type":"LineString","coordinates":[[7.9647,6.3993],[7.9651,6.3994]]},"properties":{"c":"t","r":"A343"}},{"type":"Feature","geometry":{"type":"LineString","coordinates":[[8.0433,6.3649],[8.0281,6.3784],[8.0092,6.3856]]},"properties":{"c":"t","r":"A343"}},{"type":"Feature","geometry":{"type":"LineString","coordinates":[[7.9753,6.3959],[7.9669,6.3996]]},"properties":{"c":"t","r":"A343"}},{"type":"Feature","geometry":{"type":"LineString","coordinates":[[7.9669,6.3996],[7.9753,6.3959]]},"properties":{"c":"t","r":"A343"}},{"type":"Feature","geometry":{"type":"LineString","coordinates":[[8.5325,11.9903],[8.5321,11.9905]]},"properties":{"c":"t","r":"A2"}},{"type":"Feature","geometry":{"type":"LineString","coordinates":[[3.556,6.462],[3.5552,6.46]]},"properties":{"c":"t","r":""}},{"type":"Feature","geometry":{"type":"LineString","coordinates":[[3.5619,6.4657],[3.5628,6.4663]]},"properties":{"c":"t","r":""}},{"type":"Feature","geometry":{"type":"LineString","coordinates":[[3.5686,6.469],[3.5662,6.4686]]},"properties":{"c":"t","r":""}},{"type":"Feature","geometry":{"type":"LineString","coordinates":[[5.7683,6.7614],[5.7879,6.7398],[5.7859,6.7303],[5.7781,6.7237],[5.7763,6.7155],[5.7838,6.6867],[5.7712,6.6698],[5.7669,6.6541],[5.7655,6.6364],[5.7752,6.6083],[5.7687,6.593],[5.7394,6.5587],[5.6638,6.5337],[5.6339,6.5305],[5.6142,6.5002],[5.5998,6.4626]]},"properties":{"c":"t","r":"A122"}},{"type":"Feature","geometry":{"type":"LineString","coordinates":[[5.768,6.7621],[5.7683,6.7614]]},"properties":{"c":"t","r":"A122"}},{"type":"Feature","geometry":{"type":"LineString","coordinates":[[11.3923,9.7758],[11.3995,9.7622],[11.3984,9.7417],[11.4083,9.7216]]},"properties":{"c":"t","r":"A345"}},{"type":"Feature","geometry":{"type":"LineString","coordinates":[[11.3362,9.8252],[11.3365,9.8252]]},"properties":{"c":"t","r":"A345"}},{"type":"Feature","geometry":{"type":"LineString","coordinates":[[11.1197,10.2715],[11.114,10.2653],[11.1051,10.2315],[11.1154,10.2001],[11.1108,10.1807],[11.111,10.1524],[11.1055,10.1336],[11.1079,10.1126],[11.113,10.1003],[11.1368,10.0908],[11.1523,10.0785]]},"properties":{"c":"t","r":"A345"}},{"type":"Feature","geometry":{"type":"LineString","coordinates":[[5.7777,6.796],[5.7781,6.7946]]},"properties":{"c":"t","r":"A122"}},{"type":"Feature","geometry":{"type":"LineString","coordinates":[[5.7781,6.7946],[5.7801,6.7858],[5.7681,6.7712],[5.768,6.7621]]},"properties":{"c":"t","r":"A122"}},{"type":"Feature","geometry":{"type":"LineString","coordinates":[[4.3913,11.9172],[4.3947,11.8886],[4.4162,11.8456]]},"properties":{"c":"t","r":"A1"}},{"type":"Feature","geometry":{"type":"LineString","coordinates":[[4.3913,11.9174],[4.3913,11.9172]]},"properties":{"c":"t","r":"A1"}},{"type":"Feature","geometry":{"type":"LineString","coordinates":[[3.9137,7.475],[3.914,7.4823]]},"properties":{"c":"t","r":"A1"}},{"type":"Feature","geometry":{"type":"LineString","coordinates":[[3.914,7.4823],[3.9138,7.4894]]},"properties":{"c":"t","r":"A1"}},{"type":"Feature","geometry":{"type":"LineString","coordinates":[[11.1525,10.0783],[11.1629,10.0698],[11.1857,10.0647],[11.2061,10.0428],[11.207,10.0347]]},"properties":{"c":"t","r":"A345"}},{"type":"Feature","geometry":{"type":"LineString","coordinates":[[11.1523,10.0785],[11.1525,10.0783]]},"properties":{"c":"t","r":"A345"}},{"type":"Feature","geometry":{"type":"LineString","coordinates":[[5.7663,6.9253],[5.7679,6.923]]},"properties":{"c":"t","r":"A122"}},{"type":"Feature","geometry":{"type":"LineString","coordinates":[[5.7679,6.923],[5.7681,6.9228]]},"properties":{"c":"t","r":"A122"}},{"type":"Feature","geometry":{"type":"LineString","coordinates":[[5.7681,6.9228],[5.7682,6.9227]]},"properties":{"c":"t","r":"A122"}},{"type":"Feature","geometry":{"type":"LineString","coordinates":[[5.7682,6.9227],[5.7694,6.9216]]},"properties":{"c":"t","r":"A122"}},{"type":"Feature","geometry":{"type":"LineString","coordinates":[[5.7694,6.9216],[5.7707,6.9202]]},"properties":{"c":"t","r":"A122"}},{"type":"Feature","geometry":{"type":"LineString","coordinates":[[5.7707,6.9202],[5.771,6.9197]]},"properties":{"c":"t","r":"A122"}},{"type":"Feature","geometry":{"type":"LineString","coordinates":[[5.7714,6.919],[5.7776,6.9047],[5.7776,6.8634],[5.7824,6.8345],[5.7771,6.8198],[5.7777,6.796]]},"properties":{"c":"t","r":"A122"}},{"type":"Feature","geometry":{"type":"LineString","coordinates":[[5.771,6.9197],[5.7714,6.919]]},"properties":{"c":"t","r":"A122"}},{"type":"Feature","geometry":{"type":"LineString","coordinates":[[5.662,6.3519],[5.6628,6.3524]]},"properties":{"c":"t","r":"A2"}},{"type":"Feature","geometry":{"type":"LineString","coordinates":[[7.391,10.4567],[7.391,10.4564]]},"properties":{"c":"t","r":"A2"}},{"type":"Feature","geometry":{"type":"LineString","coordinates":[[7.391,10.4564],[7.3927,10.4515]]},"properties":{"c":"t","r":"A2"}},{"type":"Feature","geometry":{"type":"LineString","coordinates":[[7.391,10.4563],[7.3911,10.4565]]},"properties":{"c":"t","r":"A2"}},{"type":"Feature","geometry":{"type":"LineString","coordinates":[[7.3928,10.4515],[7.391,10.4563]]},"properties":{"c":"t","r":"A2"}},{"type":"Feature","geometry":{"type":"LineString","coordinates":[[7.3929,10.4514],[7.3928,10.4515]]},"properties":{"c":"t","r":"A2"}},{"type":"Feature","geometry":{"type":"LineString","coordinates":[[7.3982,10.4458],[7.3929,10.4514]]},"properties":{"c":"t","r":"A2"}},{"type":"Feature","geometry":{"type":"LineString","coordinates":[[7.3927,10.4515],[7.3928,10.4514]]},"properties":{"c":"t","r":"A2"}},{"type":"Feature","geometry":{"type":"LineString","coordinates":[[7.3928,10.4514],[7.3982,10.4455]]},"properties":{"c":"t","r":"A2"}},{"type":"Feature","geometry":{"type":"LineString","coordinates":[[5.6253,6.3457],[5.6255,6.3456]]},"properties":{"c":"t","r":"A121"}},{"type":"Feature","geometry":{"type":"LineString","coordinates":[[5.6256,6.3457],[5.6254,6.3458]]},"properties":{"c":"t","r":"A121"}},{"type":"Feature","geometry":{"type":"LineString","coordinates":[[4.5205,7.75],[4.5202,7.75]]},"properties":{"c":"t","r":""}},{"type":"Feature","geometry":{"type":"LineString","coordinates":[[4.5202,7.7499],[4.5204,7.7499]]},"properties":{"c":"t","r":""}},{"type":"Feature","geometry":{"type":"LineString","coordinates":[[4.5211,7.75],[4.5205,7.75]]},"properties":{"c":"t","r":""}},{"type":"Feature","geometry":{"type":"LineString","coordinates":[[4.521,7.7499],[4.5379,7.7536],[4.5485,7.7453]]},"properties":{"c":"t","r":""}},{"type":"Feature","geometry":{"type":"LineString","coordinates":[[3.385,6.4823],[3.3856,6.4836]]},"properties":{"c":"t","r":"F266"}},{"type":"Feature","geometry":{"type":"LineString","coordinates":[[3.3836,6.488],[3.3773,6.5021],[3.3785,6.5087],[3.3756,6.5158],[3.3687,6.5167]]},"properties":{"c":"t","r":"F266"}},{"type":"Feature","geometry":{"type":"LineString","coordinates":[[3.3627,6.4772],[3.3476,6.4792]]},"properties":{"c":"t","r":"F100"}},{"type":"Feature","geometry":{"type":"LineString","coordinates":[[3.6691,6.9438],[3.6752,6.9534],[3.6713,6.973]]},"properties":{"c":"t","r":"A1"}},{"type":"Feature","geometry":{"type":"LineString","coordinates":[[4.5081,7.7816],[4.5094,7.7755]]},"properties":{"c":"t","r":""}},{"type":"Feature","geometry":{"type":"LineString","coordinates":[[6.7911,8.0732],[6.7901,8.0722]]},"properties":{"c":"t","r":"A2"}},{"type":"Feature","geometry":{"type":"LineString","coordinates":[[6.7901,8.0722],[6.7878,8.07]]},"properties":{"c":"t","r":"A2"}},{"type":"Feature","geometry":{"type":"LineString","coordinates":[[6.8301,8.2606],[6.8224,8.2464],[6.8226,8.23],[6.7986,8.1992],[6.7868,8.1645]]},"properties":{"c":"t","r":"A2"}},{"type":"Feature","geometry":{"type":"LineString","coordinates":[[3.5104,6.6327],[3.5061,6.6264]]},"properties":{"c":"t","r":"A1"}},{"type":"Feature","geometry":{"type":"LineString","coordinates":[[3.506,6.6264],[3.506,6.6264]]},"properties":{"c":"t","r":"A1"}},{"type":"Feature","geometry":{"type":"LineString","coordinates":[[3.5062,6.6264],[3.5104,6.6327]]},"properties":{"c":"t","r":"A1"}},{"type":"Feature","geometry":{"type":"LineString","coordinates":[[3.5104,6.6327],[3.5196,6.6548],[3.5193,6.6634],[3.5127,6.67],[3.5109,6.6814],[3.5127,6.6918],[3.5104,6.707],[3.516,6.7156]]},"properties":{"c":"t","r":"A1"}},{"type":"Feature","geometry":{"type":"LineString","coordinates":[[12.7368,10.1508],[12.7368,10.1508]]},"properties":{"c":"t","r":"A13"}},{"type":"Feature","geometry":{"type":"LineString","coordinates":[[12.7369,10.1508],[12.7369,10.1508]]},"properties":{"c":"t","r":"A13"}},{"type":"Feature","geometry":{"type":"LineString","coordinates":[[12.7368,10.1508],[12.7369,10.1508]]},"properties":{"c":"t","r":"A13"}},{"type":"Feature","geometry":{"type":"LineString","coordinates":[[12.7369,10.1508],[12.7368,10.1508]]},"properties":{"c":"t","r":"A13"}},{"type":"Feature","geometry":{"type":"LineString","coordinates":[[4.6162,6.7286],[4.67,6.7266],[4.6958,6.7164],[4.7133,6.721]]},"properties":{"c":"t","r":"A121-1"}},{"type":"Feature","geometry":{"type":"LineString","coordinates":[[4.1233,6.7614],[4.1228,6.7613]]},"properties":{"c":"t","r":"A121-1"}},{"type":"Feature","geometry":{"type":"LineString","coordinates":[[4.5265,8.5688],[4.5272,8.5695]]},"properties":{"c":"m","r":"A14"}},{"type":"Feature","geometry":{"type":"LineString","coordinates":[[4.5499,8.6148],[4.5562,8.6272],[4.5775,8.646]]},"properties":{"c":"m","r":"A14"}},{"type":"Feature","geometry":{"type":"LineString","coordinates":[[4.7133,6.7211],[4.6958,6.7165],[4.67,6.7268],[4.6162,6.7287]]},"properties":{"c":"t","r":"A121-1"}},{"type":"Feature","geometry":{"type":"LineString","coordinates":[[4.7138,6.7213],[4.7133,6.7211]]},"properties":{"c":"t","r":"A121-1"}},{"type":"Feature","geometry":{"type":"LineString","coordinates":[[4.7139,6.7212],[4.7344,6.7243],[4.7764,6.7498],[4.8206,6.7601],[4.8339,6.7604]]},"properties":{"c":"t","r":"A121-1"}},{"type":"Feature","geometry":{"type":"LineString","coordinates":[[4.7133,6.721],[4.7139,6.7212]]},"properties":{"c":"t","r":"A121-1"}},{"type":"Feature","geometry":{"type":"LineString","coordinates":[[4.1228,6.7612],[4.1233,6.7613]]},"properties":{"c":"t","r":"A121-1"}},{"type":"Feature","geometry":{"type":"LineString","coordinates":[[4.5057,6.7272],[4.486,6.7269],[4.4523,6.7191],[4.3949,6.7294]]},"properties":{"c":"t","r":"A121-1"}},{"type":"Feature","geometry":{"type":"LineString","coordinates":[[4.5062,6.7272],[4.5057,6.7272]]},"properties":{"c":"t","r":"A121-1"}},{"type":"Feature","geometry":{"type":"LineString","coordinates":[[4.5057,6.7271],[4.5062,6.7271]]},"properties":{"c":"t","r":"A121-1"}},{"type":"Feature","geometry":{"type":"LineString","coordinates":[[4.3949,6.7292],[4.4523,6.719],[4.4872,6.727],[4.5057,6.7271]]},"properties":{"c":"t","r":"A121-1"}},{"type":"Feature","geometry":{"type":"LineString","coordinates":[[4.2903,6.744],[4.29,6.7442]]},"properties":{"c":"t","r":"A121-1"}},{"type":"Feature","geometry":{"type":"LineString","coordinates":[[4.29,6.7442],[4.2739,6.7535],[4.2252,6.7576],[4.1955,6.7651],[4.1466,6.7665],[4.1233,6.7614]]},"properties":{"c":"t","r":"A121-1"}},{"type":"Feature","geometry":{"type":"LineString","coordinates":[[4.2899,6.7442],[4.2902,6.7439]]},"properties":{"c":"t","r":"A121-1"}},{"type":"Feature","geometry":{"type":"LineString","coordinates":[[4.1233,6.7613],[4.1466,6.7664],[4.1955,6.765],[4.2252,6.7575],[4.2739,6.7534],[4.2899,6.7442]]},"properties":{"c":"t","r":"A121-1"}},{"type":"Feature","geometry":{"type":"LineString","coordinates":[[5.6193,6.3541],[5.6192,6.3543]]},"properties":{"c":"t","r":"A121"}},{"type":"Feature","geometry":{"type":"LineString","coordinates":[[9.8333,10.318],[9.8342,10.3177]]},"properties":{"c":"t","r":"A345"}},{"type":"Feature","geometry":{"type":"LineString","coordinates":[[9.8331,10.318],[9.8333,10.318]]},"properties":{"c":"t","r":"A345"}},{"type":"Feature","geometry":{"type":"LineString","coordinates":[[9.8333,10.3181],[9.8332,10.3181]]},"properties":{"c":"t","r":"A345"}},{"type":"Feature","geometry":{"type":"LineString","coordinates":[[9.8344,10.3179],[9.8333,10.3181]]},"properties":{"c":"t","r":"A345"}},{"type":"Feature","geometry":{"type":"LineString","coordinates":[[5.014,7.403],[5.0142,7.4033]]},"properties":{"c":"t","r":"A122"}},{"type":"Feature","geometry":{"type":"LineString","coordinates":[[4.9169,7.4443],[4.9575,7.4179],[4.9787,7.4084],[5.008,7.4002],[5.014,7.403]]},"properties":{"c":"t","r":"A122"}},{"type":"Feature","geometry":{"type":"LineString","coordinates":[[7.3366,5.8207],[7.3366,5.8207]]},"properties":{"c":"t","r":"A3-1"}},{"type":"Feature","geometry":{"type":"LineString","coordinates":[[7.3329,5.8321],[7.3327,5.8406],[7.3391,5.8534],[7.3489,5.8611],[7.3659,5.8682],[7.3858,5.8842],[7.4085,5.915]]},"properties":{"c":"t","r":"A3-1"}},{"type":"Feature","geometry":{"type":"LineString","coordinates":[[7.4084,5.915],[7.3858,5.8846],[7.3652,5.8681],[7.348,5.8609],[7.3382,5.8528],[7.3321,5.8397],[7.3326,5.8321]]},"properties":{"c":"t","r":"A3-1"}},{"type":"Feature","geometry":{"type":"LineString","coordinates":[[5.597,6.454],[5.5964,6.4535]]},"properties":{"c":"t","r":"A122"}},{"type":"Feature","geometry":{"type":"LineString","coordinates":[[5.597,6.4538],[5.5971,6.4543]]},"properties":{"c":"t","r":"A122"}},{"type":"Feature","geometry":{"type":"LineString","coordinates":[[6.2352,6.268],[6.2357,6.268]]},"properties":{"c":"t","r":"A232"}},{"type":"Feature","geometry":{"type":"LineString","coordinates":[[6.1935,6.2671],[6.2352,6.268]]},"properties":{"c":"t","r":"A232"}},{"type":"Feature","geometry":{"type":"LineString","coordinates":[[6.2357,6.2681],[6.2352,6.2681]]},"properties":{"c":"t","r":"A232"}},{"type":"Feature","geometry":{"type":"LineString","coordinates":[[6.2352,6.2681],[6.1934,6.2672]]},"properties":{"c":"t","r":"A232"}},{"type":"Feature","geometry":{"type":"LineString","coordinates":[[6.681,6.2057],[6.7126,6.1945]]},"properties":{"c":"t","r":"A232"}},{"type":"Feature","geometry":{"type":"LineString","coordinates":[[6.7127,6.1946],[6.681,6.2059]]},"properties":{"c":"t","r":"A232"}},{"type":"Feature","geometry":{"type":"LineString","coordinates":[[7.7045,6.4598],[7.7043,6.4598]]},"properties":{"c":"t","r":"A343"}},{"type":"Feature","geometry":{"type":"LineString","coordinates":[[7.7043,6.4598],[7.6776,6.4586],[7.6189,6.4725],[7.6062,6.4696]]},"properties":{"c":"t","r":"A343"}},{"type":"Feature","geometry":{"type":"LineString","coordinates":[[4.4527,7.5003],[4.4523,7.5]]},"properties":{"c":"t","r":"A122"}},{"type":"Feature","geometry":{"type":"LineString","coordinates":[[4.4527,7.4993],[4.4534,7.5001]]},"properties":{"c":"t","r":"A122"}},{"type":"Feature","geometry":{"type":"LineString","coordinates":[[7.3981,10.3958],[7.399,10.3957]]},"properties":{"c":"t","r":""}},{"type":"Feature","geometry":{"type":"LineString","coordinates":[[7.399,10.3959],[7.3981,10.3959]]},"properties":{"c":"t","r":""}},{"type":"Feature","geometry":{"type":"LineString","coordinates":[[9.8485,10.348],[9.8486,10.348]]},"properties":{"c":"t","r":"A3"}},{"type":"Feature","geometry":{"type":"LineString","coordinates":[[9.8422,10.3462],[9.8485,10.348]]},"properties":{"c":"t","r":"A3"}},{"type":"Feature","geometry":{"type":"LineString","coordinates":[[7.4949,10.3966],[7.4952,10.3966]]},"properties":{"c":"t","r":""}},{"type":"Feature","geometry":{"type":"LineString","coordinates":[[7.4901,10.3961],[7.4949,10.3966]]},"properties":{"c":"t","r":""}},{"type":"Feature","geometry":{"type":"LineString","coordinates":[[7.4951,10.3967],[7.4949,10.3967]]},"properties":{"c":"t","r":""}},{"type":"Feature","geometry":{"type":"LineString","coordinates":[[7.4949,10.3967],[7.4901,10.3962]]},"properties":{"c":"t","r":""}},{"type":"Feature","geometry":{"type":"LineString","coordinates":[[7.4894,10.396],[7.4901,10.3961]]},"properties":{"c":"t","r":""}},{"type":"Feature","geometry":{"type":"LineString","coordinates":[[7.4952,10.3966],[7.5062,10.4034],[7.5146,10.429]]},"properties":{"c":"t","r":""}},{"type":"Feature","geometry":{"type":"LineString","coordinates":[[7.4901,10.3962],[7.4894,10.3961]]},"properties":{"c":"t","r":""}},{"type":"Feature","geometry":{"type":"LineString","coordinates":[[7.5173,10.4355],[7.5068,10.4047],[7.4951,10.3967]]},"properties":{"c":"t","r":""}},{"type":"Feature","geometry":{"type":"LineString","coordinates":[[6.2723,6.923],[6.2724,6.9226]]},"properties":{"c":"t","r":"A2"}},{"type":"Feature","geometry":{"type":"LineString","coordinates":[[6.2714,6.9522],[6.2723,6.923]]},"properties":{"c":"t","r":"A2"}},{"type":"Feature","geometry":{"type":"LineString","coordinates":[[7.5305,6.4614],[7.5309,6.4613]]},"properties":{"c":"t","r":"A343"}},{"type":"Feature","geometry":{"type":"LineString","coordinates":[[7.5217,6.4647],[7.5305,6.4614]]},"properties":{"c":"t","r":"A343"}},{"type":"Feature","geometry":{"type":"LineString","coordinates":[[7.531,6.4614],[7.5306,6.4615]]},"properties":{"c":"t","r":"A343"}},{"type":"Feature","geometry":{"type":"LineString","coordinates":[[7.5306,6.4615],[7.5218,6.4648]]},"properties":{"c":"t","r":"A343"}},{"type":"Feature","geometry":{"type":"LineString","coordinates":[[7.526,6.4076],[7.5262,6.4079]]},"properties":{"c":"t","r":"A3-1"}},{"type":"Feature","geometry":{"type":"LineString","coordinates":[[7.4963,6.3755],[7.4992,6.3853]]},"properties":{"c":"t","r":"A3-1"}},{"type":"Feature","geometry":{"type":"LineString","coordinates":[[7.5261,6.408],[7.5259,6.4078]]},"properties":{"c":"t","r":"A3-1"}},{"type":"Feature","geometry":{"type":"LineString","coordinates":[[7.5246,6.4055],[7.5164,6.3953],[7.5067,6.3907]]},"properties":{"c":"t","r":""}},{"type":"Feature","geometry":{"type":"LineString","coordinates":[[7.3802,10.5902],[7.3801,10.5902]]},"properties":{"c":"t","r":"A125"}},{"type":"Feature","geometry":{"type":"LineString","coordinates":[[7.3801,10.5902],[7.3618,10.5923]]},"properties":{"c":"t","r":"A125"}},{"type":"Feature","geometry":{"type":"LineString","coordinates":[[7.3801,10.5901],[7.3802,10.5901]]},"properties":{"c":"t","r":"A125"}},{"type":"Feature","geometry":{"type":"LineString","coordinates":[[7.3618,10.5921],[7.3801,10.5901]]},"properties":{"c":"t","r":"A125"}},{"type":"Feature","geometry":{"type":"LineString","coordinates":[[7.2881,5.308],[7.2953,5.2993]]},"properties":{"c":"t","r":"A6"}},{"type":"Feature","geometry":{"type":"LineString","coordinates":[[7.1543,5.3891],[7.2075,5.3538]]},"properties":{"c":"t","r":"A6"}},{"type":"Feature","geometry":{"type":"LineString","coordinates":[[4.6158,6.7286],[4.6162,6.7286]]},"properties":{"c":"t","r":"A121-1"}},{"type":"Feature","geometry":{"type":"LineString","coordinates":[[4.5062,6.7271],[4.5785,6.7273]]},"properties":{"c":"t","r":"A121-1"}},{"type":"Feature","geometry":{"type":"LineString","coordinates":[[4.6162,6.7287],[4.6158,6.7287]]},"properties":{"c":"t","r":"A121-1"}},{"type":"Feature","geometry":{"type":"LineString","coordinates":[[4.5785,6.7274],[4.5062,6.7272]]},"properties":{"c":"t","r":"A121-1"}},{"type":"Feature","geometry":{"type":"LineString","coordinates":[[6.2735,6.973],[6.2714,6.9522]]},"properties":{"c":"t","r":"A2"}},{"type":"Feature","geometry":{"type":"LineString","coordinates":[[6.2737,6.9733],[6.2735,6.973]]},"properties":{"c":"t","r":"A2"}},{"type":"Feature","geometry":{"type":"LineString","coordinates":[[7.3089,5.2868],[7.3273,5.2889]]},"properties":{"c":"t","r":"A6"}},{"type":"Feature","geometry":{"type":"LineString","coordinates":[[11.2866,9.8319],[11.2875,9.8311]]},"properties":{"c":"t","r":"A345"}},{"type":"Feature","geometry":{"type":"LineString","coordinates":[[11.2811,9.8377],[11.2866,9.8319]]},"properties":{"c":"t","r":"A345"}},{"type":"Feature","geometry":{"type":"LineString","coordinates":[[8.8784,9.8908],[8.8766,9.8889]]},"properties":{"c":"t","r":"A236"}},{"type":"Feature","geometry":{"type":"LineString","coordinates":[[11.0103,8.042],[11.0103,8.0422]]},"properties":{"c":"t","r":"A12"}},{"type":"Feature","geometry":{"type":"LineString","coordinates":[[10.9835,7.9556],[10.9985,7.998],[11.0082,8.0124],[11.0037,8.0258],[11.0103,8.042]]},"properties":{"c":"t","r":"A12"}},{"type":"Feature","geometry":{"type":"LineString","coordinates":[[8.119,7.2105],[8.1197,7.2101]]},"properties":{"c":"t","r":"A3"}},{"type":"Feature","geometry":{"type":"LineString","coordinates":[[8.1196,7.2107],[8.119,7.2105]]},"properties":{"c":"t","r":"A3"}},{"type":"Feature","geometry":{"type":"LineString","coordinates":[[8.1201,7.21],[8.1211,7.2096]]},"properties":{"c":"t","r":"A3"}},{"type":"Feature","geometry":{"type":"LineString","coordinates":[[8.1211,7.2096],[8.1205,7.2104]]},"properties":{"c":"t","r":"A3"}},{"type":"Feature","geometry":{"type":"LineString","coordinates":[[8.1197,7.2108],[8.1197,7.2108]]},"properties":{"c":"t","r":"A3;F.238"}},{"type":"Feature","geometry":{"type":"LineString","coordinates":[[10.2741,7.3575],[10.274,7.3574]]},"properties":{"c":"t","r":"A12"}},{"type":"Feature","geometry":{"type":"LineString","coordinates":[[10.274,7.3574],[10.2639,7.337],[10.2498,7.3204]]},"properties":{"c":"t","r":"A12"}},{"type":"Feature","geometry":{"type":"LineString","coordinates":[[10.2957,7.406],[10.2956,7.4057]]},"properties":{"c":"t","r":"A12"}},{"type":"Feature","geometry":{"type":"LineString","coordinates":[[10.2956,7.4057],[10.2741,7.3575]]},"properties":{"c":"t","r":"A12"}},{"type":"Feature","geometry":{"type":"LineString","coordinates":[[10.2031,7.295],[10.2029,7.2949]]},"properties":{"c":"t","r":"A12"}},{"type":"Feature","geometry":{"type":"LineString","coordinates":[[10.2029,7.2949],[10.1693,7.2866]]},"properties":{"c":"t","r":"A12"}},{"type":"Feature","geometry":{"type":"LineString","coordinates":[[7.6692,7.1397],[7.6692,7.1401]]},"properties":{"c":"t","r":"A233"}},{"type":"Feature","geometry":{"type":"LineString","coordinates":[[8.6421,9.6314],[8.6419,9.6317]]},"properties":{"c":"t","r":"A235"}},{"type":"Feature","geometry":{"type":"LineString","coordinates":[[8.6545,9.6088],[8.6421,9.6314]]},"properties":{"c":"t","r":"A235"}},{"type":"Feature","geometry":{"type":"LineString","coordinates":[[8.7007,9.6046],[8.7006,9.6047]]},"properties":{"c":"t","r":"A235"}},{"type":"Feature","geometry":{"type":"LineString","coordinates":[[8.7142,9.6018],[8.7007,9.6046]]},"properties":{"c":"t","r":"A235"}},{"type":"Feature","geometry":{"type":"LineString","coordinates":[[8.6712,9.6024],[8.6588,9.6059]]},"properties":{"c":"t","r":"A235"}},{"type":"Feature","geometry":{"type":"LineString","coordinates":[[8.6712,9.6024],[8.6712,9.6024]]},"properties":{"c":"t","r":"A235"}},{"type":"Feature","geometry":{"type":"LineString","coordinates":[[6.0684,7.8593],[6.0683,7.8595]]},"properties":{"c":"t","r":"A123"}},{"type":"Feature","geometry":{"type":"LineString","coordinates":[[6.0683,7.8595],[6.0582,7.8738],[6.0519,7.891],[6.0315,7.9206],[6.0034,7.9402],[5.9949,7.9546]]},"properties":{"c":"t","r":"A123"}},{"type":"Feature","geometry":{"type":"LineString","coordinates":[[8.8889,9.9596],[8.8889,9.9597]]},"properties":{"c":"t","r":"A3"}},{"type":"Feature","geometry":{"type":"LineString","coordinates":[[9.0341,7.3529],[9.0345,7.3537]]},"properties":{"c":"t","r":"A344"}},{"type":"Feature","geometry":{"type":"LineString","coordinates":[[9.0342,7.3536],[9.0341,7.3529]]},"properties":{"c":"t","r":"A344"}},{"type":"Feature","geometry":{"type":"LineString","coordinates":[[9.0462,7.3636],[9.0342,7.3536]]},"properties":{"c":"t","r":"A344"}},{"type":"Feature","geometry":{"type":"LineString","coordinates":[[6.0927,7.8403],[6.0907,7.8395]]},"properties":{"c":"t","r":"A123"}},{"type":"Feature","geometry":{"type":"LineString","coordinates":[[6.0907,7.8395],[6.0927,7.8403]]},"properties":{"c":"t","r":"A123"}},{"type":"Feature","geometry":{"type":"LineString","coordinates":[[6.577,7.8263],[6.5769,7.8264]]},"properties":{"c":"t","r":"A123"}},{"type":"Feature","geometry":{"type":"LineString","coordinates":[[6.5769,7.8264],[6.5768,7.8263]]},"properties":{"c":"t","r":"A123"}},{"type":"Feature","geometry":{"type":"LineString","coordinates":[[6.2271,7.5961],[6.2254,7.5953]]},"properties":{"c":"t","r":"A2"}},{"type":"Feature","geometry":{"type":"LineString","coordinates":[[6.2254,7.5953],[6.2271,7.5961]]},"properties":{"c":"t","r":"A2"}},{"type":"Feature","geometry":{"type":"LineString","coordinates":[[6.2271,7.5961],[6.2736,7.6133],[6.2866,7.6213],[6.3203,7.6272],[6.365,7.6559],[6.4273,7.6822],[6.4407,7.6978]]},"properties":{"c":"t","r":"A2"}},{"type":"Feature","geometry":{"type":"LineString","coordinates":[[6.7462,7.8106],[6.7462,7.8106]]},"properties":{"c":"t","r":"A233"}},{"type":"Feature","geometry":{"type":"LineString","coordinates":[[6.7495,7.8102],[6.7495,7.8103]]},"properties":{"c":"t","r":"A233"}},{"type":"Feature","geometry":{"type":"LineString","coordinates":[[6.7495,7.8103],[6.7494,7.8103]]},"properties":{"c":"t","r":"A233"}},{"type":"Feature","geometry":{"type":"LineString","coordinates":[[6.7494,7.8103],[6.7494,7.8102]]},"properties":{"c":"t","r":"A233"}},{"type":"Feature","geometry":{"type":"LineString","coordinates":[[6.7494,7.8102],[6.7495,7.8102]]},"properties":{"c":"t","r":"A233"}},{"type":"Feature","geometry":{"type":"LineString","coordinates":[[6.7465,7.8105],[6.7494,7.8102]]},"properties":{"c":"t","r":"A233"}},{"type":"Feature","geometry":{"type":"LineString","coordinates":[[6.7458,7.8069],[6.7465,7.8104]]},"properties":{"c":"t","r":"A233"}},{"type":"Feature","geometry":{"type":"LineString","coordinates":[[6.7493,7.8165],[6.7503,7.8313],[6.7466,7.8423]]},"properties":{"c":"t","r":"A233"}},{"type":"Feature","geometry":{"type":"LineString","coordinates":[[6.7487,7.8228],[6.7492,7.8165]]},"properties":{"c":"t","r":"A233"}},{"type":"Feature","geometry":{"type":"LineString","coordinates":[[6.7495,7.8103],[6.7493,7.8165]]},"properties":{"c":"t","r":"A233"}},{"type":"Feature","geometry":{"type":"LineString","coordinates":[[6.7492,7.8165],[6.7494,7.8103]]},"properties":{"c":"t","r":"A233"}},{"type":"Feature","geometry":{"type":"LineString","coordinates":[[6.7494,7.8103],[6.7464,7.8106]]},"properties":{"c":"t","r":"A233"}},{"type":"Feature","geometry":{"type":"LineString","coordinates":[[6.7298,7.7856],[6.7408,7.7765],[6.7462,7.7392]]},"properties":{"c":"t","r":"A233"}},{"type":"Feature","geometry":{"type":"LineString","coordinates":[[3.4492,6.4363],[3.4545,6.4366]]},"properties":{"c":"t","r":""}},{"type":"Feature","geometry":{"type":"LineString","coordinates":[[3.4426,6.4358],[3.4401,6.4373]]},"properties":{"c":"t","r":""}},{"type":"Feature","geometry":{"type":"LineString","coordinates":[[3.5553,6.4595],[3.5557,6.4612]]},"properties":{"c":"t","r":""}},{"type":"Feature","geometry":{"type":"LineString","coordinates":[[3.5553,6.4592],[3.5553,6.4594]]},"properties":{"c":"t","r":""}},{"type":"Feature","geometry":{"type":"LineString","coordinates":[[3.5551,6.4592],[3.5544,6.4516],[3.5477,6.4483]]},"properties":{"c":"t","r":""}},{"type":"Feature","geometry":{"type":"LineString","coordinates":[[3.5551,6.4594],[3.5551,6.4592]]},"properties":{"c":"t","r":""}},{"type":"Feature","geometry":{"type":"LineString","coordinates":[[3.3572,7.1494],[3.348,7.1538]]},"properties":{"c":"t","r":""}},{"type":"Feature","geometry":{"type":"LineString","coordinates":[[3.3707,7.1722],[3.3725,7.1674],[3.3687,7.1584]]},"properties":{"c":"t","r":""}},{"type":"Feature","geometry":{"type":"LineString","coordinates":[[3.3571,7.1259],[3.366,7.1333],[3.3621,7.1456]]},"properties":{"c":"t","r":""}},{"type":"Feature","geometry":{"type":"LineString","coordinates":[[8.533,11.9926],[8.5343,11.9943]]},"properties":{"c":"t","r":"A2"}},{"type":"Feature","geometry":{"type":"LineString","coordinates":[[8.5343,11.9943],[8.533,11.9927]]},"properties":{"c":"t","r":"A2"}},{"type":"Feature","geometry":{"type":"LineString","coordinates":[[4.2799,8.209],[4.2798,8.2087]]},"properties":{"c":"m","r":""}},{"type":"Feature","geometry":{"type":"LineString","coordinates":[[4.2798,8.2087],[4.2709,8.1922],[4.2481,8.1671]]},"properties":{"c":"m","r":""}},{"type":"Feature","geometry":{"type":"LineString","coordinates":[[4.28,8.2086],[4.2802,8.2089]]},"properties":{"c":"m","r":""}},{"type":"Feature","geometry":{"type":"LineString","coordinates":[[4.2483,8.1669],[4.2706,8.1913],[4.28,8.2086]]},"properties":{"c":"m","r":""}},{"type":"Feature","geometry":{"type":"LineString","coordinates":[[8.5503,11.9683],[8.551,11.9675]]},"properties":{"c":"t","r":"A2"}},{"type":"Feature","geometry":{"type":"LineString","coordinates":[[8.5511,11.9676],[8.5503,11.9683]]},"properties":{"c":"t","r":"A2"}},{"type":"Feature","geometry":{"type":"LineString","coordinates":[[3.3575,7.1493],[3.3574,7.1493]]},"properties":{"c":"t","r":""}},{"type":"Feature","geometry":{"type":"LineString","coordinates":[[3.3574,7.1493],[3.3572,7.1494]]},"properties":{"c":"t","r":""}},{"type":"Feature","geometry":{"type":"LineString","coordinates":[[3.3577,7.1493],[3.3575,7.1493]]},"properties":{"c":"t","r":""}},{"type":"Feature","geometry":{"type":"LineString","coordinates":[[3.3591,7.1488],[3.3577,7.1493]]},"properties":{"c":"t","r":""}},{"type":"Feature","geometry":{"type":"LineString","coordinates":[[3.3604,7.1481],[3.3617,7.1476]]},"properties":{"c":"t","r":""}},{"type":"Feature","geometry":{"type":"LineString","coordinates":[[3.3601,7.1483],[3.3604,7.1481]]},"properties":{"c":"t","r":""}},{"type":"Feature","geometry":{"type":"LineString","coordinates":[[3.3592,7.1486],[3.3601,7.1483]]},"properties":{"c":"t","r":""}},{"type":"Feature","geometry":{"type":"LineString","coordinates":[[3.362,7.1455],[3.3659,7.1333],[3.357,7.126]]},"properties":{"c":"t","r":""}},{"type":"Feature","geometry":{"type":"LineString","coordinates":[[3.3593,7.1487],[3.3591,7.1488]]},"properties":{"c":"t","r":""}},{"type":"Feature","geometry":{"type":"LineString","coordinates":[[3.359,7.1487],[3.3592,7.1486]]},"properties":{"c":"t","r":""}},{"type":"Feature","geometry":{"type":"LineString","coordinates":[[8.9997,7.3173],[8.9997,7.3172]]},"properties":{"c":"t","r":"A344"}},{"type":"Feature","geometry":{"type":"LineString","coordinates":[[8.5321,11.9906],[8.5328,11.9922]]},"properties":{"c":"t","r":"A2"}},{"type":"Feature","geometry":{"type":"LineString","coordinates":[[9.8852,10.3082],[9.9025,10.2969]]},"properties":{"c":"t","r":"A345"}},{"type":"Feature","geometry":{"type":"LineString","coordinates":[[11.1173,10.2898],[11.1171,10.29]]},"properties":{"c":"t","r":"A345"}},{"type":"Feature","geometry":{"type":"LineString","coordinates":[[11.1175,10.2895],[11.1173,10.2898]]},"properties":{"c":"t","r":"A345"}},{"type":"Feature","geometry":{"type":"LineString","coordinates":[[3.9173,7.6448],[3.9169,7.659]]},"properties":{"c":"m","r":"E1"}},{"type":"Feature","geometry":{"type":"LineString","coordinates":[[3.9166,7.6589],[3.917,7.6448]]},"properties":{"c":"m","r":"E1"}},{"type":"Feature","geometry":{"type":"LineString","coordinates":[[3.9169,7.659],[3.9167,7.6591]]},"properties":{"c":"m","r":"E1"}},{"type":"Feature","geometry":{"type":"LineString","coordinates":[[3.9165,7.659],[3.9166,7.6589]]},"properties":{"c":"m","r":"E1"}},{"type":"Feature","geometry":{"type":"LineString","coordinates":[[3.9167,7.6591],[3.9078,7.6797],[3.9055,7.7215],[3.9176,7.7652]]},"properties":{"c":"m","r":"E1"}},{"type":"Feature","geometry":{"type":"LineString","coordinates":[[3.9174,7.7653],[3.9052,7.7227],[3.9078,7.6781],[3.9165,7.659]]},"properties":{"c":"m","r":"E1"}},{"type":"Feature","geometry":{"type":"LineString","coordinates":[[3.9512,6.5861],[3.9504,6.5847]]},"properties":{"c":"t","r":""}},{"type":"Feature","geometry":{"type":"LineString","coordinates":[[3.9512,6.5861],[3.9515,6.5865]]},"properties":{"c":"t","r":""}},{"type":"Feature","geometry":{"type":"LineString","coordinates":[[9.8418,10.3176],[9.8419,10.3176]]},"properties":{"c":"t","r":"A345"}},{"type":"Feature","geometry":{"type":"LineString","coordinates":[[9.8347,10.3175],[9.8418,10.3176]]},"properties":{"c":"t","r":"A345"}},{"type":"Feature","geometry":{"type":"LineString","coordinates":[[9.8419,10.3176],[9.8347,10.3177]]},"properties":{"c":"t","r":"A345"}},{"type":"Feature","geometry":{"type":"LineString","coordinates":[[7.4356,9.0133],[7.4403,9.0162]]},"properties":{"c":"t","r":""}},{"type":"Feature","geometry":{"type":"LineString","coordinates":[[11.9637,11.7437],[11.9629,11.7435]]},"properties":{"c":"t","r":"A3"}},{"type":"Feature","geometry":{"type":"LineString","coordinates":[[11.962,11.7427],[11.9624,11.7429]]},"properties":{"c":"t","r":"A3"}},{"type":"Feature","geometry":{"type":"LineString","coordinates":[[7.4544,9.0421],[7.4497,9.0383]]},"properties":{"c":"m","r":""}},{"type":"Feature","geometry":{"type":"LineString","coordinates":[[7.4483,9.0359],[7.4481,9.0357]]},"properties":{"c":"m","r":""}},{"type":"Feature","geometry":{"type":"LineString","coordinates":[[7.4489,9.0353],[7.4498,9.0364]]},"properties":{"c":"m","r":""}},{"type":"Feature","geometry":{"type":"LineString","coordinates":[[7.4463,9.0346],[7.4315,9.0237]]},"properties":{"c":"t","r":""}},{"type":"Feature","geometry":{"type":"LineString","coordinates":[[7.0322,4.841],[7.0354,4.8424]]},"properties":{"c":"t","r":"A3"}},{"type":"Feature","geometry":{"type":"LineString","coordinates":[[7.0355,4.8425],[7.0321,4.841]]},"properties":{"c":"t","r":"A3"}},{"type":"Feature","geometry":{"type":"LineString","coordinates":[[3.8911,7.3612],[3.8908,7.361]]},"properties":{"c":"t","r":"A1"}},{"type":"Feature","geometry":{"type":"LineString","coordinates":[[6.6795,12.184],[6.6794,12.1841]]},"properties":{"c":"t","r":"A126"}},{"type":"Feature","geometry":{"type":"LineString","coordinates":[[6.6946,12.1825],[6.6795,12.184]]},"properties":{"c":"t","r":"A126"}},{"type":"Feature","geometry":{"type":"LineString","coordinates":[[6.6794,12.184],[6.6946,12.1824]]},"properties":{"c":"t","r":"A126"}},{"type":"Feature","geometry":{"type":"LineString","coordinates":[[6.6794,12.1841],[6.6794,12.184]]},"properties":{"c":"t","r":"A126"}},{"type":"Feature","geometry":{"type":"LineString","coordinates":[[8.4506,12.0791],[8.4515,12.0786]]},"properties":{"c":"t","r":"A2"}},{"type":"Feature","geometry":{"type":"LineString","coordinates":[[8.4515,12.0786],[8.4692,12.0618]]},"properties":{"c":"t","r":"A2"}},{"type":"Feature","geometry":{"type":"LineString","coordinates":[[7.0509,4.849],[7.051,4.8491]]},"properties":{"c":"t","r":"A3"}},{"type":"Feature","geometry":{"type":"LineString","coordinates":[[7.0509,4.8491],[7.0439,4.8461]]},"properties":{"c":"t","r":"A3"}},{"type":"Feature","geometry":{"type":"LineString","coordinates":[[7.0509,4.8492],[7.0509,4.8491]]},"properties":{"c":"t","r":"A3"}},{"type":"Feature","geometry":{"type":"LineString","coordinates":[[6.6603,12.1924],[6.6602,12.1925]]},"properties":{"c":"t","r":"A126"}},{"type":"Feature","geometry":{"type":"LineString","coordinates":[[6.6794,12.1841],[6.6714,12.1875]]},"properties":{"c":"t","r":"A126"}},{"type":"Feature","geometry":{"type":"LineString","coordinates":[[6.6601,12.1924],[6.6602,12.1924]]},"properties":{"c":"t","r":"A126"}},{"type":"Feature","geometry":{"type":"LineString","coordinates":[[6.6602,12.1924],[6.6684,12.1881]]},"properties":{"c":"t","r":"A126"}},{"type":"Feature","geometry":{"type":"LineString","coordinates":[[6.6714,12.1874],[6.6794,12.1841]]},"properties":{"c":"t","r":"A126"}},{"type":"Feature","geometry":{"type":"LineString","coordinates":[[6.6713,12.1875],[6.6714,12.1874]]},"properties":{"c":"t","r":"A126"}},{"type":"Feature","geometry":{"type":"LineString","coordinates":[[6.6684,12.1882],[6.6603,12.1924]]},"properties":{"c":"t","r":"A126"}},{"type":"Feature","geometry":{"type":"LineString","coordinates":[[6.6714,12.1875],[6.6712,12.1876]]},"properties":{"c":"t","r":"A126"}},{"type":"Feature","geometry":{"type":"LineString","coordinates":[[3.3212,6.5633],[3.3238,6.5549],[3.3355,6.5491]]},"properties":{"c":"m","r":"F269"}},{"type":"Feature","geometry":{"type":"LineString","coordinates":[[3.3717,6.5557],[3.3739,6.5534]]},"properties":{"c":"m","r":"F265"}},{"type":"Feature","geometry":{"type":"LineString","coordinates":[[3.3718,6.5558],[3.3677,6.5584]]},"properties":{"c":"m","r":"F265"}},{"type":"Feature","geometry":{"type":"LineString","coordinates":[[3.3741,6.5535],[3.3718,6.5558]]},"properties":{"c":"m","r":"F265"}},{"type":"Feature","geometry":{"type":"LineString","coordinates":[[3.3739,6.5534],[3.3799,6.5483]]},"properties":{"c":"m","r":"F265"}},{"type":"Feature","geometry":{"type":"LineString","coordinates":[[8.7259,5.9623],[8.7271,5.9623]]},"properties":{"c":"t","r":""}},{"type":"Feature","geometry":{"type":"LineString","coordinates":[[8.7271,5.9623],[8.7259,5.9624]]},"properties":{"c":"t","r":""}},{"type":"Feature","geometry":{"type":"LineString","coordinates":[[3.8506,7.3811],[3.8479,7.3827]]},"properties":{"c":"t","r":"A5"}},{"type":"Feature","geometry":{"type":"LineString","coordinates":[[3.8507,7.381],[3.8506,7.3811]]},"properties":{"c":"t","r":"A5"}},{"type":"Feature","geometry":{"type":"LineString","coordinates":[[7.1679,9.2184],[7.1832,9.1718]]},"properties":{"c":"t","r":"A124"}},{"type":"Feature","geometry":{"type":"LineString","coordinates":[[7.1679,9.2185],[7.1679,9.2184]]},"properties":{"c":"t","r":"A124"}},{"type":"Feature","geometry":{"type":"LineString","coordinates":[[8.9803,7.3103],[8.9805,7.3101]]},"properties":{"c":"t","r":"A344"}},{"type":"Feature","geometry":{"type":"LineString","coordinates":[[8.9806,7.3102],[8.9804,7.3103]]},"properties":{"c":"t","r":"A344"}},{"type":"Feature","geometry":{"type":"LineString","coordinates":[[5.242,13.0225],[5.2419,13.0226]]},"properties":{"c":"t","r":"A126"}},{"type":"Feature","geometry":{"type":"LineString","coordinates":[[5.2419,13.0225],[5.2434,13.0189]]},"properties":{"c":"t","r":"A126"}},{"type":"Feature","geometry":{"type":"LineString","coordinates":[[5.2418,13.0225],[5.2419,13.0225]]},"properties":{"c":"t","r":"A126"}},{"type":"Feature","geometry":{"type":"LineString","coordinates":[[7.3723,5.116],[7.3722,5.1159]]},"properties":{"c":"t","r":"A342"}},{"type":"Feature","geometry":{"type":"LineString","coordinates":[[7.3724,5.1158],[7.3724,5.1158]]},"properties":{"c":"t","r":"A342"}},{"type":"Feature","geometry":{"type":"LineString","coordinates":[[6.6517,12.1997],[6.6397,12.204]]},"properties":{"c":"t","r":"A126"}},{"type":"Feature","geometry":{"type":"LineString","coordinates":[[6.6518,12.1996],[6.6517,12.1997]]},"properties":{"c":"t","r":"A126"}},{"type":"Feature","geometry":{"type":"LineString","coordinates":[[6.6516,12.1996],[6.6518,12.1996]]},"properties":{"c":"t","r":"A126"}},{"type":"Feature","geometry":{"type":"LineString","coordinates":[[6.6397,12.2038],[6.6516,12.1996]]},"properties":{"c":"t","r":"A126"}},{"type":"Feature","geometry":{"type":"LineString","coordinates":[[7.3686,5.1086],[7.3724,5.1158]]},"properties":{"c":"t","r":"A3"}},{"type":"Feature","geometry":{"type":"LineString","coordinates":[[7.3685,5.1085],[7.3686,5.1086]]},"properties":{"c":"t","r":"A3"}},{"type":"Feature","geometry":{"type":"LineString","coordinates":[[7.3685,5.1086],[7.3684,5.1085]]},"properties":{"c":"t","r":"A3"}},{"type":"Feature","geometry":{"type":"LineString","coordinates":[[7.3724,5.1158],[7.3685,5.1086]]},"properties":{"c":"t","r":"A3"}},{"type":"Feature","geometry":{"type":"LineString","coordinates":[[6.1082,9.0715],[6.1191,9.0733],[6.1262,9.0702]]},"properties":{"c":"t","r":"A124"}},{"type":"Feature","geometry":{"type":"LineString","coordinates":[[6.1079,9.0714],[6.1082,9.0715]]},"properties":{"c":"t","r":"A124"}},{"type":"Feature","geometry":{"type":"LineString","coordinates":[[6.1442,9.05],[6.1533,9.0518],[6.1792,9.0482],[6.2282,9.0526],[6.2536,9.044]]},"properties":{"c":"t","r":"A124"}},{"type":"Feature","geometry":{"type":"LineString","coordinates":[[6.1362,9.0588],[6.137,9.0579]]},"properties":{"c":"t","r":"A124"}},{"type":"Feature","geometry":{"type":"LineString","coordinates":[[9.2802,7.1455],[9.2765,7.1407]]},"properties":{"c":"t","r":"A4"}},{"type":"Feature","geometry":{"type":"LineString","coordinates":[[9.2765,7.1407],[9.2803,7.1455]]},"properties":{"c":"t","r":"A4"}},{"type":"Feature","geometry":{"type":"LineString","coordinates":[[9.289,7.1565],[9.287,7.154]]},"properties":{"c":"t","r":"A4"}},{"type":"Feature","geometry":{"type":"LineString","coordinates":[[9.2803,7.1455],[9.287,7.1539]]},"properties":{"c":"t","r":"A4"}},{"type":"Feature","geometry":{"type":"LineString","coordinates":[[9.287,7.1539],[9.289,7.1565]]},"properties":{"c":"t","r":"A4"}},{"type":"Feature","geometry":{"type":"LineString","coordinates":[[3.8471,9.092],[3.8471,9.092]]},"properties":{"c":"t","r":"A7"}},{"type":"Feature","geometry":{"type":"LineString","coordinates":[[3.8502,9.0837],[3.8471,9.092]]},"properties":{"c":"t","r":"A7"}},{"type":"Feature","geometry":{"type":"LineString","coordinates":[[7.3722,5.1159],[7.3724,5.1158]]},"properties":{"c":"t","r":"A3"}},{"type":"Feature","geometry":{"type":"LineString","coordinates":[[7.3724,5.1158],[7.3723,5.116]]},"properties":{"c":"t","r":"A3"}},{"type":"Feature","geometry":{"type":"LineString","coordinates":[[7.5989,12.9949],[7.5986,12.9949]]},"properties":{"c":"t","r":""}},{"type":"Feature","geometry":{"type":"LineString","coordinates":[[7.4498,9.0364],[7.4498,9.0366]]},"properties":{"c":"m","r":""}},{"type":"Feature","geometry":{"type":"LineString","coordinates":[[3.6223,6.4742],[3.6048,6.4751],[3.5857,6.4701]]},"properties":{"c":"t","r":""}},{"type":"Feature","geometry":{"type":"LineString","coordinates":[[3.6391,6.4708],[3.6389,6.4708]]},"properties":{"c":"t","r":""}},{"type":"Feature","geometry":{"type":"LineString","coordinates":[[3.6389,6.4707],[3.6391,6.4707]]},"properties":{"c":"t","r":""}},{"type":"Feature","geometry":{"type":"LineString","coordinates":[[3.5856,6.4698],[3.6061,6.4751],[3.6389,6.4707]]},"properties":{"c":"t","r":""}},{"type":"Feature","geometry":{"type":"LineString","coordinates":[[5.2277,13.2992],[5.2277,13.299]]},"properties":{"c":"t","r":"A1"}},{"type":"Feature","geometry":{"type":"LineString","coordinates":[[5.2277,13.299],[5.2293,13.288],[5.2531,13.2505],[5.2647,13.2132],[5.2553,13.1707],[5.2407,13.1329],[5.2409,13.128],[5.2468,13.1229]]},"properties":{"c":"t","r":"A1"}},{"type":"Feature","geometry":{"type":"LineString","coordinates":[[3.9176,7.5095],[3.9176,7.5096]]},"properties":{"c":"m","r":"E1"}},{"type":"Feature","geometry":{"type":"LineString","coordinates":[[3.9164,7.4911],[3.9176,7.5095]]},"properties":{"c":"m","r":"E1"}},{"type":"Feature","geometry":{"type":"LineString","coordinates":[[3.9174,7.5095],[3.9162,7.4911]]},"properties":{"c":"m","r":"E1"}},{"type":"Feature","geometry":{"type":"LineString","coordinates":[[3.9174,7.5097],[3.9174,7.5095]]},"properties":{"c":"m","r":"E1"}},{"type":"Feature","geometry":{"type":"LineString","coordinates":[[3.6713,6.973],[3.6682,6.9883]]},"properties":{"c":"t","r":"A1"}},{"type":"Feature","geometry":{"type":"LineString","coordinates":[[3.6671,6.9887],[3.6669,6.989]]},"properties":{"c":"t","r":"A1"}},{"type":"Feature","geometry":{"type":"LineString","coordinates":[[3.6676,6.9885],[3.6671,6.9887]]},"properties":{"c":"t","r":"A1"}},{"type":"Feature","geometry":{"type":"LineString","coordinates":[[3.8648,7.2815],[3.8651,7.2817]]},"properties":{"c":"t","r":"A1"}},{"type":"Feature","geometry":{"type":"LineString","coordinates":[[8.3276,4.9672],[8.3275,4.9671]]},"properties":{"c":"t","r":"A4"}},{"type":"Feature","geometry":{"type":"LineString","coordinates":[[8.3276,4.9671],[8.3276,4.9672]]},"properties":{"c":"t","r":"A4"}},{"type":"Feature","geometry":{"type":"LineString","coordinates":[[8.3361,4.9632],[8.3276,4.9672]]},"properties":{"c":"t","r":""}},{"type":"Feature","geometry":{"type":"LineString","coordinates":[[8.3276,4.9672],[8.3276,4.9672]]},"properties":{"c":"t","r":""}},{"type":"Feature","geometry":{"type":"LineString","coordinates":[[8.3275,4.9671],[8.3276,4.9671]]},"properties":{"c":"t","r":""}},{"type":"Feature","geometry":{"type":"LineString","coordinates":[[8.333,4.9876],[8.3276,4.9672]]},"properties":{"c":"t","r":"A4"}},{"type":"Feature","geometry":{"type":"LineString","coordinates":[[8.3348,4.9991],[8.3339,5.0168]]},"properties":{"c":"t","r":"A4"}},{"type":"Feature","geometry":{"type":"LineString","coordinates":[[7.9761,4.9867],[7.96,4.994]]},"properties":{"c":"t","r":"A342"}},{"type":"Feature","geometry":{"type":"LineString","coordinates":[[8.3451,4.9937],[8.3493,5.0163],[8.364,5.0217],[8.3657,5.0256],[8.3627,5.0436],[8.3576,5.0452]]},"properties":{"c":"t","r":""}},{"type":"Feature","geometry":{"type":"LineString","coordinates":[[8.3331,4.9877],[8.333,4.9876]]},"properties":{"c":"t","r":"A4"}},{"type":"Feature","geometry":{"type":"LineString","coordinates":[[8.3346,4.9989],[8.3331,4.9877]]},"properties":{"c":"t","r":"A4"}},{"type":"Feature","geometry":{"type":"LineString","coordinates":[[8.3332,4.9877],[8.3347,4.9989]]},"properties":{"c":"t","r":"A4"}},{"type":"Feature","geometry":{"type":"LineString","coordinates":[[7.9065,5.0263],[7.907,5.0266]]},"properties":{"c":"t","r":""}},{"type":"Feature","geometry":{"type":"LineString","coordinates":[[7.9069,5.0267],[7.9065,5.0266]]},"properties":{"c":"t","r":""}},{"type":"Feature","geometry":{"type":"LineString","coordinates":[[8.3361,4.9631],[8.3361,4.9631]]},"properties":{"c":"t","r":""}},{"type":"Feature","geometry":{"type":"LineString","coordinates":[[8.3449,4.9937],[8.3449,4.9937]]},"properties":{"c":"t","r":""}},{"type":"Feature","geometry":{"type":"LineString","coordinates":[[8.3577,5.045],[8.3624,5.0438],[8.3622,5.034],[8.3658,5.0264],[8.3641,5.0219],[8.349,5.0161],[8.345,4.9937]]},"properties":{"c":"t","r":""}},{"type":"Feature","geometry":{"type":"LineString","coordinates":[[7.1639,9.0034],[7.159,9.0066]]},"properties":{"c":"t","r":""}},{"type":"Feature","geometry":{"type":"LineString","coordinates":[[8.3346,4.9991],[8.3346,4.9991]]},"properties":{"c":"t","r":"A4"}},{"type":"Feature","geometry":{"type":"LineString","coordinates":[[8.3338,5.0168],[8.3346,4.9991]]},"properties":{"c":"t","r":"A4"}},{"type":"Feature","geometry":{"type":"LineString","coordinates":[[3.9001,7.3815],[3.9,7.3815]]},"properties":{"c":"t","r":"A1"}},{"type":"Feature","geometry":{"type":"LineString","coordinates":[[8.3572,5.0452],[8.3572,5.0452]]},"properties":{"c":"t","r":"A4"}},{"type":"Feature","geometry":{"type":"LineString","coordinates":[[8.3574,5.0448],[8.3575,5.04],[8.3515,5.0354],[8.34,5.0349],[8.3345,5.0298]]},"properties":{"c":"t","r":"A4"}},{"type":"Feature","geometry":{"type":"LineString","coordinates":[[8.3566,5.0484],[8.3572,5.0452]]},"properties":{"c":"t","r":"A4"}},{"type":"Feature","geometry":{"type":"LineString","coordinates":[[8.3576,5.0453],[8.3567,5.0484]]},"properties":{"c":"t","r":"A4"}},{"type":"Feature","geometry":{"type":"LineString","coordinates":[[8.3501,5.0347],[8.3574,5.0398],[8.3576,5.0449]]},"properties":{"c":"t","r":"A4"}},{"type":"Feature","geometry":{"type":"LineString","coordinates":[[8.3347,5.0297],[8.3402,5.0349],[8.3501,5.0347]]},"properties":{"c":"t","r":"A4"}},{"type":"Feature","geometry":{"type":"LineString","coordinates":[[8.3338,5.0171],[8.3338,5.0171]]},"properties":{"c":"t","r":"A4"}},{"type":"Feature","geometry":{"type":"LineString","coordinates":[[8.3343,5.0296],[8.3343,5.0296]]},"properties":{"c":"t","r":"A4"}},{"type":"Feature","geometry":{"type":"LineString","coordinates":[[8.334,5.0171],[8.3344,5.0294]]},"properties":{"c":"t","r":"A4"}},{"type":"Feature","geometry":{"type":"LineString","coordinates":[[8.3343,5.0295],[8.3338,5.0171]]},"properties":{"c":"t","r":"A4"}},{"type":"Feature","geometry":{"type":"LineString","coordinates":[[8.3331,4.9876],[8.3332,4.9877]]},"properties":{"c":"t","r":"A4"}},{"type":"Feature","geometry":{"type":"LineString","coordinates":[[7.855,5.006],[7.8545,5.0056]]},"properties":{"c":"t","r":""}},{"type":"Feature","geometry":{"type":"LineString","coordinates":[[7.8547,5.0064],[7.8547,5.006]]},"properties":{"c":"t","r":""}},{"type":"Feature","geometry":{"type":"LineString","coordinates":[[7.8545,5.0055],[7.8551,5.0059]]},"properties":{"c":"t","r":""}},{"type":"Feature","geometry":{"type":"LineString","coordinates":[[7.8545,5.0056],[7.8492,5.0019]]},"properties":{"c":"t","r":""}},{"type":"Feature","geometry":{"type":"LineString","coordinates":[[7.8497,5.0022],[7.8543,5.0054]]},"properties":{"c":"t","r":""}},{"type":"Feature","geometry":{"type":"LineString","coordinates":[[7.894,5.0227],[7.9059,5.0262]]},"properties":{"c":"t","r":""}},{"type":"Feature","geometry":{"type":"LineString","coordinates":[[7.9017,5.05],[7.8972,5.0458]]},"properties":{"c":"t","r":""}},{"type":"Feature","geometry":{"type":"LineString","coordinates":[[7.8961,5.0459],[7.8979,5.0452]]},"properties":{"c":"t","r":"A342"}},{"type":"Feature","geometry":{"type":"LineString","coordinates":[[7.8937,5.0466],[7.8961,5.0459]]},"properties":{"c":"t","r":"A342"}},{"type":"Feature","geometry":{"type":"LineString","coordinates":[[7.876,5.0323],[7.8618,5.0213],[7.8547,5.0064]]},"properties":{"c":"t","r":""}},{"type":"Feature","geometry":{"type":"LineString","coordinates":[[7.9277,5.0335],[7.9276,5.0336]]},"properties":{"c":"t","r":""}},{"type":"Feature","geometry":{"type":"LineString","coordinates":[[7.9271,5.0344],[7.927,5.0344]]},"properties":{"c":"t","r":""}},{"type":"Feature","geometry":{"type":"LineString","coordinates":[[7.9276,5.0336],[7.9271,5.0344]]},"properties":{"c":"t","r":""}},{"type":"Feature","geometry":{"type":"LineString","coordinates":[[7.9443,5.006],[7.9442,5.0061]]},"properties":{"c":"t","r":"A342"}},{"type":"Feature","geometry":{"type":"LineString","coordinates":[[7.9494,5.0007],[7.9443,5.006]]},"properties":{"c":"t","r":"A342"}},{"type":"Feature","geometry":{"type":"LineString","coordinates":[[7.9441,5.0061],[7.9442,5.0059]]},"properties":{"c":"t","r":"A342"}},{"type":"Feature","geometry":{"type":"LineString","coordinates":[[7.927,5.0344],[7.9272,5.035]]},"properties":{"c":"t","r":""}},{"type":"Feature","geometry":{"type":"LineString","coordinates":[[7.9276,5.0335],[7.9276,5.0335]]},"properties":{"c":"t","r":""}},{"type":"Feature","geometry":{"type":"LineString","coordinates":[[7.927,5.0343],[7.9276,5.0335]]},"properties":{"c":"t","r":""}},{"type":"Feature","geometry":{"type":"LineString","coordinates":[[7.927,5.0343],[7.9271,5.0344]]},"properties":{"c":"t","r":""}},{"type":"Feature","geometry":{"type":"LineString","coordinates":[[7.927,5.0344],[7.927,5.0343]]},"properties":{"c":"t","r":""}},{"type":"Feature","geometry":{"type":"LineString","coordinates":[[7.927,5.0344],[7.927,5.0344]]},"properties":{"c":"t","r":""}},{"type":"Feature","geometry":{"type":"LineString","coordinates":[[7.927,5.0351],[7.927,5.0344]]},"properties":{"c":"t","r":""}},{"type":"Feature","geometry":{"type":"LineString","coordinates":[[7.9269,5.0343],[7.927,5.0343]]},"properties":{"c":"t","r":""}},{"type":"Feature","geometry":{"type":"LineString","coordinates":[[7.9495,5.0006],[7.9494,5.0007]]},"properties":{"c":"t","r":"A342"}},{"type":"Feature","geometry":{"type":"LineString","coordinates":[[7.9545,4.9962],[7.9495,5.0006]]},"properties":{"c":"t","r":"A342"}},{"type":"Feature","geometry":{"type":"LineString","coordinates":[[7.9494,5.0007],[7.9495,5.0006]]},"properties":{"c":"t","r":"A342"}},{"type":"Feature","geometry":{"type":"LineString","coordinates":[[5.261,13.0777],[5.2613,13.0779]]},"properties":{"c":"t","r":"A1"}},{"type":"Feature","geometry":{"type":"LineString","coordinates":[[5.2613,13.0779],[5.2609,13.0778]]},"properties":{"c":"t","r":"A1"}},{"type":"Feature","geometry":{"type":"LineString","coordinates":[[5.2607,13.0777],[5.2607,13.0777]]},"properties":{"c":"t","r":""}},{"type":"Feature","geometry":{"type":"LineString","coordinates":[[5.2623,13.0784],[5.2613,13.0779]]},"properties":{"c":"t","r":"A1"}},{"type":"Feature","geometry":{"type":"LineString","coordinates":[[7.928,5.0349],[7.9237,5.0364]]},"properties":{"c":"t","r":"A342"}},{"type":"Feature","geometry":{"type":"LineString","coordinates":[[7.9235,5.0364],[7.8979,5.0453]]},"properties":{"c":"t","r":"A342"}},{"type":"Feature","geometry":{"type":"LineString","coordinates":[[7.8979,5.0453],[7.8961,5.0459]]},"properties":{"c":"t","r":"A342"}},{"type":"Feature","geometry":{"type":"LineString","coordinates":[[7.8961,5.0459],[7.8937,5.0467]]},"properties":{"c":"t","r":"A342"}},{"type":"Feature","geometry":{"type":"LineString","coordinates":[[7.8829,5.0505],[7.8577,5.0784],[7.843,5.1008],[7.7879,5.1148],[7.7789,5.1226]]},"properties":{"c":"t","r":"A342"}},{"type":"Feature","geometry":{"type":"LineString","coordinates":[[7.8737,5.0598],[7.8829,5.0504]]},"properties":{"c":"t","r":"A342"}},{"type":"Feature","geometry":{"type":"LineString","coordinates":[[7.7789,5.1226],[7.7566,5.1485],[7.7434,5.1576]]},"properties":{"c":"t","r":"A342"}},{"type":"Feature","geometry":{"type":"LineString","coordinates":[[7.8762,5.0323],[7.8943,5.0437]]},"properties":{"c":"t","r":""}},{"type":"Feature","geometry":{"type":"LineString","coordinates":[[7.876,5.0322],[7.8762,5.0323]]},"properties":{"c":"t","r":""}},{"type":"Feature","geometry":{"type":"LineString","coordinates":[[7.8761,5.0324],[7.876,5.0323]]},"properties":{"c":"t","r":""}},{"type":"Feature","geometry":{"type":"LineString","coordinates":[[7.8942,5.0439],[7.8761,5.0324]]},"properties":{"c":"t","r":""}},{"type":"Feature","geometry":{"type":"LineString","coordinates":[[8.5453,8.562],[8.5565,8.5723],[8.5562,8.5799]]},"properties":{"c":"t","r":"A3"}},{"type":"Feature","geometry":{"type":"LineString","coordinates":[[8.5562,8.5799],[8.5562,8.58]]},"properties":{"c":"t","r":"A3"}},{"type":"Feature","geometry":{"type":"LineString","coordinates":[[7.9682,5.142],[7.9766,5.1481]]},"properties":{"c":"t","r":"A4-1"}},{"type":"Feature","geometry":{"type":"LineString","coordinates":[[7.968,5.142],[7.9682,5.142]]},"properties":{"c":"t","r":"A4-1"}},{"type":"Feature","geometry":{"type":"LineString","coordinates":[[8.5788,9.386],[8.579,9.3857]]},"properties":{"c":"t","r":"A3"}},{"type":"Feature","geometry":{"type":"LineString","coordinates":[[8.579,9.3857],[8.583,9.3812]]},"properties":{"c":"t","r":"A3"}},{"type":"Feature","geometry":{"type":"LineString","coordinates":[[7.9598,4.9937],[7.976,4.9866]]},"properties":{"c":"t","r":"A342"}},{"type":"Feature","geometry":{"type":"LineString","coordinates":[[7.9495,5.0006],[7.9578,4.9947]]},"properties":{"c":"t","r":"A342"}},{"type":"Feature","geometry":{"type":"LineString","coordinates":[[7.2249,9.0944],[7.244,9.1006]]},"properties":{"c":"m","r":"A234"}},{"type":"Feature","geometry":{"type":"LineString","coordinates":[[7.2439,9.1008],[7.2249,9.0946]]},"properties":{"c":"m","r":"A234"}},{"type":"Feature","geometry":{"type":"LineString","coordinates":[[4.1437,8.7399],[4.1208,8.7563]]},"properties":{"c":"t","r":"A7"}},{"type":"Feature","geometry":{"type":"LineString","coordinates":[[7.2143,9.1085],[7.2143,9.1083]]},"properties":{"c":"t","r":"A124"}},{"type":"Feature","geometry":{"type":"LineString","coordinates":[[9.8314,11.3262],[9.7643,11.3328],[9.7322,11.3455],[9.7187,11.3448]]},"properties":{"c":"t","r":"A237"}},{"type":"Feature","geometry":{"type":"LineString","coordinates":[[9.642,11.346],[9.7085,11.347],[9.7187,11.3448]]},"properties":{"c":"t","r":"A237"}},{"type":"Feature","geometry":{"type":"LineString","coordinates":[[7.883,5.0504],[7.8829,5.0505]]},"properties":{"c":"t","r":"A342"}},{"type":"Feature","geometry":{"type":"LineString","coordinates":[[7.8936,5.0468],[7.883,5.0504]]},"properties":{"c":"t","r":"A342"}},{"type":"Feature","geometry":{"type":"LineString","coordinates":[[7.883,5.0503],[7.8936,5.0467]]},"properties":{"c":"t","r":"A342"}},{"type":"Feature","geometry":{"type":"LineString","coordinates":[[7.8829,5.0504],[7.883,5.0503]]},"properties":{"c":"t","r":"A342"}},{"type":"Feature","geometry":{"type":"LineString","coordinates":[[7.8936,5.0467],[7.8937,5.0466]]},"properties":{"c":"t","r":"A342"}},{"type":"Feature","geometry":{"type":"LineString","coordinates":[[7.8937,5.0467],[7.8936,5.0468]]},"properties":{"c":"t","r":"A342"}},{"type":"Feature","geometry":{"type":"LineString","coordinates":[[7.2146,9.1082],[7.2143,9.1083]]},"properties":{"c":"t","r":"A124"}},{"type":"Feature","geometry":{"type":"LineString","coordinates":[[7.4899,9.0112],[7.4885,9.0079]]},"properties":{"c":"t","r":""}},{"type":"Feature","geometry":{"type":"LineString","coordinates":[[7.8859,5.0194],[7.8859,5.0194]]},"properties":{"c":"t","r":""}},{"type":"Feature","geometry":{"type":"LineString","coordinates":[[7.883,5.0186],[7.8859,5.0194]]},"properties":{"c":"t","r":""}},{"type":"Feature","geometry":{"type":"LineString","coordinates":[[7.8858,5.0194],[7.883,5.0187]]},"properties":{"c":"t","r":""}},{"type":"Feature","geometry":{"type":"LineString","coordinates":[[7.8859,5.0195],[7.8858,5.0194]]},"properties":{"c":"t","r":""}},{"type":"Feature","geometry":{"type":"LineString","coordinates":[[5.1821,7.2845],[5.1828,7.2844]]},"properties":{"c":"t","r":"A122"}},{"type":"Feature","geometry":{"type":"LineString","coordinates":[[7.9442,5.0061],[7.9339,5.0306]]},"properties":{"c":"t","r":"A342"}},{"type":"Feature","geometry":{"type":"LineString","coordinates":[[7.9282,5.0345],[7.9337,5.0308]]},"properties":{"c":"t","r":"A342"}},{"type":"Feature","geometry":{"type":"LineString","coordinates":[[7.9339,5.0308],[7.9283,5.0347]]},"properties":{"c":"t","r":"A342"}},{"type":"Feature","geometry":{"type":"LineString","coordinates":[[3.2156,6.7379],[3.2152,6.7606],[3.2001,6.7911],[3.2016,6.8004],[3.1954,6.8182]]},"properties":{"c":"t","r":"A5"}},{"type":"Feature","geometry":{"type":"LineString","coordinates":[[3.259,6.6908],[3.2589,6.691]]},"properties":{"c":"t","r":"A5"}},{"type":"Feature","geometry":{"type":"LineString","coordinates":[[3.2588,6.6909],[3.259,6.6908]]},"properties":{"c":"t","r":"A5"}},{"type":"Feature","geometry":{"type":"LineString","coordinates":[[3.1954,6.8181],[3.2015,6.8004],[3.2001,6.7907],[3.215,6.7607],[3.2166,6.7316],[3.2243,6.7161],[3.2391,6.7089]]},"properties":{"c":"t","r":"A5"}},{"type":"Feature","geometry":{"type":"LineString","coordinates":[[3.9132,7.472],[3.9137,7.4748]]},"properties":{"c":"t","r":"A1"}},{"type":"Feature","geometry":{"type":"LineString","coordinates":[[3.9137,7.4748],[3.9137,7.475]]},"properties":{"c":"t","r":"A1"}},{"type":"Feature","geometry":{"type":"LineString","coordinates":[[3.9138,7.4894],[3.9137,7.4895]]},"properties":{"c":"t","r":"A1"}},{"type":"Feature","geometry":{"type":"LineString","coordinates":[[6.7263,7.7925],[6.7265,7.7924]]},"properties":{"c":"t","r":"A233"}},{"type":"Feature","geometry":{"type":"LineString","coordinates":[[6.7266,7.7924],[6.7265,7.7926]]},"properties":{"c":"t","r":"A233"}},{"type":"Feature","geometry":{"type":"LineString","coordinates":[[6.7265,7.7924],[6.7267,7.7922]]},"properties":{"c":"t","r":"A233"}},{"type":"Feature","geometry":{"type":"LineString","coordinates":[[6.7268,7.7929],[6.7271,7.793]]},"properties":{"c":"t","r":"A233"}},{"type":"Feature","geometry":{"type":"LineString","coordinates":[[6.7463,7.7393],[6.7463,7.7393]]},"properties":{"c":"t","r":"A233"}},{"type":"Feature","geometry":{"type":"LineString","coordinates":[[6.7464,7.7393],[6.7408,7.7765],[6.7299,7.7856]]},"properties":{"c":"t","r":"A233"}},{"type":"Feature","geometry":{"type":"LineString","coordinates":[[6.7457,7.807],[6.7414,7.7956],[6.7269,7.7931]]},"properties":{"c":"t","r":"A233"}},{"type":"Feature","geometry":{"type":"LineString","coordinates":[[6.7271,7.793],[6.7417,7.7957],[6.7458,7.8069]]},"properties":{"c":"t","r":"A233"}},{"type":"Feature","geometry":{"type":"LineString","coordinates":[[6.7267,7.7928],[6.7268,7.7929]]},"properties":{"c":"t","r":"A233"}},{"type":"Feature","geometry":{"type":"LineString","coordinates":[[6.7269,7.7931],[6.7266,7.7931]]},"properties":{"c":"t","r":"A233"}},{"type":"Feature","geometry":{"type":"LineString","coordinates":[[6.7299,7.7866],[6.7298,7.7856]]},"properties":{"c":"t","r":"A233"}},{"type":"Feature","geometry":{"type":"LineString","coordinates":[[6.7299,7.7856],[6.73,7.7866]]},"properties":{"c":"t","r":"A233"}},{"type":"Feature","geometry":{"type":"LineString","coordinates":[[6.7267,7.7922],[6.7299,7.7866]]},"properties":{"c":"t","r":"A233"}},{"type":"Feature","geometry":{"type":"LineString","coordinates":[[6.73,7.7866],[6.7266,7.7924]]},"properties":{"c":"t","r":"A233"}},{"type":"Feature","geometry":{"type":"LineString","coordinates":[[3.9145,7.475],[3.9145,7.4749]]},"properties":{"c":"m","r":"E1"}},{"type":"Feature","geometry":{"type":"LineString","coordinates":[[3.9145,7.4749],[3.9139,7.4699]]},"properties":{"c":"m","r":"E1"}},{"type":"Feature","geometry":{"type":"LineString","coordinates":[[3.9146,7.4749],[3.9147,7.475]]},"properties":{"c":"m","r":"E1"}},{"type":"Feature","geometry":{"type":"LineString","coordinates":[[3.9141,7.4699],[3.9146,7.4749]]},"properties":{"c":"m","r":"E1"}},{"type":"Feature","geometry":{"type":"LineString","coordinates":[[3.9159,7.4814],[3.9159,7.4815]]},"properties":{"c":"m","r":"E1"}},{"type":"Feature","geometry":{"type":"LineString","coordinates":[[3.9147,7.475],[3.9159,7.4814]]},"properties":{"c":"m","r":"E1"}},{"type":"Feature","geometry":{"type":"LineString","coordinates":[[3.9157,7.4816],[3.9157,7.4814]]},"properties":{"c":"m","r":"E1"}},{"type":"Feature","geometry":{"type":"LineString","coordinates":[[3.9163,7.4892],[3.9157,7.4816]]},"properties":{"c":"m","r":"E1"}},{"type":"Feature","geometry":{"type":"LineString","coordinates":[[6.7464,7.7391],[6.7494,7.7367]]},"properties":{"c":"t","r":"A233"}},{"type":"Feature","geometry":{"type":"LineString","coordinates":[[13.0917,11.835],[13.0964,11.8346]]},"properties":{"c":"t","r":"A3"}},{"type":"Feature","geometry":{"type":"LineString","coordinates":[[13.1169,11.8341],[13.1177,11.8338]]},"properties":{"c":"t","r":"A4"}},{"type":"Feature","geometry":{"type":"LineString","coordinates":[[13.1183,11.8338],[13.1168,11.8341]]},"properties":{"c":"t","r":"A4"}},{"type":"Feature","geometry":{"type":"LineString","coordinates":[[5.3095,12.9051],[5.3095,12.9049]]},"properties":{"c":"t","r":"A126"}},{"type":"Feature","geometry":{"type":"LineString","coordinates":[[5.308,12.933],[5.3126,12.9164],[5.3095,12.9051]]},"properties":{"c":"t","r":"A126"}},{"type":"Feature","geometry":{"type":"LineString","coordinates":[[6.7551,7.9396],[6.7599,7.9712],[6.7723,8.0025],[6.7594,8.0219],[6.7634,8.0426],[6.7689,8.0513]]},"properties":{"c":"t","r":"A2"}},{"type":"Feature","geometry":{"type":"LineString","coordinates":[[3.1591,6.6814],[3.2,6.6813],[3.2265,6.6887]]},"properties":{"c":"t","r":"A5-1"}},{"type":"Feature","geometry":{"type":"LineString","coordinates":[[3.2264,6.6888],[3.2011,6.6815],[3.1591,6.6814]]},"properties":{"c":"t","r":"A5-1"}},{"type":"Feature","geometry":{"type":"LineString","coordinates":[[3.2266,6.6888],[3.2315,6.6959],[3.2388,6.6992]]},"properties":{"c":"t","r":"A5-1"}},{"type":"Feature","geometry":{"type":"LineString","coordinates":[[4.4983,8.5428],[4.5265,8.5688]]},"properties":{"c":"m","r":"A14"}},{"type":"Feature","geometry":{"type":"LineString","coordinates":[[4.5147,8.5117],[4.5146,8.5117]]},"properties":{"c":"t","r":"A7"}},{"type":"Feature","geometry":{"type":"LineString","coordinates":[[4.5146,8.5117],[4.513,8.5127]]},"properties":{"c":"t","r":"A7"}},{"type":"Feature","geometry":{"type":"LineString","coordinates":[[4.5146,8.5117],[4.5147,8.5116]]},"properties":{"c":"t","r":"A7"}},{"type":"Feature","geometry":{"type":"LineString","coordinates":[[4.513,8.5127],[4.5146,8.5117]]},"properties":{"c":"t","r":"A7"}},{"type":"Feature","geometry":{"type":"LineString","coordinates":[[4.4668,8.4923],[4.4763,8.5203]]},"properties":{"c":"t","r":"A14"}},{"type":"Feature","geometry":{"type":"LineString","coordinates":[[4.4667,8.4922],[4.4532,8.4493],[4.4567,8.416]]},"properties":{"c":"m","r":"A14"}},{"type":"Feature","geometry":{"type":"LineString","coordinates":[[8.3459,5.1412],[8.3412,5.1354],[8.3404,5.1231],[8.3445,5.1127],[8.3418,5.1058],[8.3566,5.0484]]},"properties":{"c":"t","r":"A4"}},{"type":"Feature","geometry":{"type":"LineString","coordinates":[[4.5136,8.4544],[4.5208,8.4628]]},"properties":{"c":"t","r":"A1"}},{"type":"Feature","geometry":{"type":"LineString","coordinates":[[4.5135,8.4543],[4.5136,8.4544]]},"properties":{"c":"t","r":"A1"}},{"type":"Feature","geometry":{"type":"LineString","coordinates":[[4.5135,8.4545],[4.5134,8.4544]]},"properties":{"c":"t","r":"A1"}},{"type":"Feature","geometry":{"type":"LineString","coordinates":[[4.5208,8.4629],[4.5135,8.4545]]},"properties":{"c":"t","r":"A1"}},{"type":"Feature","geometry":{"type":"LineString","coordinates":[[4.5527,8.5002],[4.5527,8.5003]]},"properties":{"c":"t","r":"A14"}},{"type":"Feature","geometry":{"type":"LineString","coordinates":[[4.5537,8.5144],[4.5537,8.5145]]},"properties":{"c":"t","r":"A14"}},{"type":"Feature","geometry":{"type":"LineString","coordinates":[[4.5527,8.5003],[4.5537,8.5144]]},"properties":{"c":"t","r":"A14"}},{"type":"Feature","geometry":{"type":"LineString","coordinates":[[3.2425,6.7073],[3.2431,6.707]]},"properties":{"c":"t","r":"A5"}},{"type":"Feature","geometry":{"type":"LineString","coordinates":[[3.2431,6.7071],[3.2426,6.7073]]},"properties":{"c":"t","r":"A5"}},{"type":"Feature","geometry":{"type":"LineString","coordinates":[[3.2426,6.7072],[3.2426,6.7072]]},"properties":{"c":"t","r":""}},{"type":"Feature","geometry":{"type":"LineString","coordinates":[[3.2455,6.7059],[3.2588,6.6909]]},"properties":{"c":"t","r":"A5"}},{"type":"Feature","geometry":{"type":"LineString","coordinates":[[3.2589,6.691],[3.2456,6.706]]},"properties":{"c":"t","r":"A5"}},{"type":"Feature","geometry":{"type":"LineString","coordinates":[[3.2426,6.707],[3.2388,6.6994]]},"properties":{"c":"t","r":"A5-1"}},{"type":"Feature","geometry":{"type":"LineString","coordinates":[[3.2387,6.6993],[3.2311,6.6957],[3.2265,6.6889]]},"properties":{"c":"t","r":"A5-1"}},{"type":"Feature","geometry":{"type":"LineString","coordinates":[[4.6791,11.1324],[4.6792,11.1323]]},"properties":{"c":"t","r":"A1"}},{"type":"Feature","geometry":{"type":"LineString","coordinates":[[4.6539,11.1603],[4.6791,11.1324]]},"properties":{"c":"t","r":"A1"}},{"type":"Feature","geometry":{"type":"LineString","coordinates":[[3.9223,7.8289],[3.9244,7.8325]]},"properties":{"c":"t","r":"A1"}},{"type":"Feature","geometry":{"type":"LineString","coordinates":[[3.9222,7.8288],[3.9223,7.8289]]},"properties":{"c":"t","r":"A1"}},{"type":"Feature","geometry":{"type":"LineString","coordinates":[[4.5532,8.5283],[4.5532,8.5284]]},"properties":{"c":"t","r":"A14"}},{"type":"Feature","geometry":{"type":"LineString","coordinates":[[4.5537,8.5145],[4.5532,8.5283]]},"properties":{"c":"t","r":"A14"}},{"type":"Feature","geometry":{"type":"LineString","coordinates":[[12.7673,11.8407],[12.7693,11.8413]]},"properties":{"c":"t","r":"A3"}},{"type":"Feature","geometry":{"type":"LineString","coordinates":[[12.7693,11.8413],[12.7672,11.8409]]},"properties":{"c":"t","r":"A3"}},{"type":"Feature","geometry":{"type":"LineString","coordinates":[[3.365,7.1521],[3.3649,7.152]]},"properties":{"c":"t","r":""}},{"type":"Feature","geometry":{"type":"LineString","coordinates":[[3.3649,7.152],[3.3625,7.1484]]},"properties":{"c":"t","r":""}},{"type":"Feature","geometry":{"type":"LineString","coordinates":[[3.365,7.152],[3.3651,7.152]]},"properties":{"c":"t","r":""}},{"type":"Feature","geometry":{"type":"LineString","coordinates":[[3.3626,7.1483],[3.365,7.152]]},"properties":{"c":"t","r":""}},{"type":"Feature","geometry":{"type":"LineString","coordinates":[[3.3617,7.1476],[3.362,7.1474]]},"properties":{"c":"t","r":""}},{"type":"Feature","geometry":{"type":"LineString","coordinates":[[7.5218,6.4648],[7.5217,6.4648]]},"properties":{"c":"t","r":"A343"}},{"type":"Feature","geometry":{"type":"LineString","coordinates":[[4.5292,8.4726],[4.5293,8.4727]]},"properties":{"c":"t","r":"A1"}},{"type":"Feature","geometry":{"type":"LineString","coordinates":[[4.5293,8.4727],[4.535,8.4783]]},"properties":{"c":"t","r":"A1"}},{"type":"Feature","geometry":{"type":"LineString","coordinates":[[4.5292,8.4727],[4.5292,8.4727]]},"properties":{"c":"t","r":"A1"}},{"type":"Feature","geometry":{"type":"LineString","coordinates":[[4.5344,8.4789],[4.5292,8.4727]]},"properties":{"c":"t","r":"A1"}},{"type":"Feature","geometry":{"type":"LineString","coordinates":[[4.6126,8.4153],[4.6124,8.4155]]},"properties":{"c":"t","r":"A123"}},{"type":"Feature","geometry":{"type":"LineString","coordinates":[[4.6621,8.3976],[4.6305,8.4129],[4.6187,8.4138]]},"properties":{"c":"t","r":"A123"}},{"type":"Feature","geometry":{"type":"LineString","coordinates":[[7.4797,9.1071],[7.4801,9.1082]]},"properties":{"c":"t","r":""}},{"type":"Feature","geometry":{"type":"LineString","coordinates":[[7.3762,11.3403],[7.376,11.3405]]},"properties":{"c":"t","r":"A126"}},{"type":"Feature","geometry":{"type":"LineString","coordinates":[[7.3534,11.3508],[7.3403,11.3648],[7.333,11.3923],[7.3274,11.4374]]},"properties":{"c":"t","r":"A126"}},{"type":"Feature","geometry":{"type":"LineString","coordinates":[[7.3968,11.3199],[7.3968,11.32]]},"properties":{"c":"t","r":"A126"}},{"type":"Feature","geometry":{"type":"LineString","coordinates":[[7.3968,11.32],[7.3849,11.3352],[7.3762,11.3403]]},"properties":{"c":"t","r":"A126"}},{"type":"Feature","geometry":{"type":"LineString","coordinates":[[11.5561,9.1407],[11.5562,9.1407]]},"properties":{"c":"t","r":"A4"}},{"type":"Feature","geometry":{"type":"LineString","coordinates":[[11.4877,9.1036],[11.5561,9.1407]]},"properties":{"c":"t","r":"A4"}},{"type":"Feature","geometry":{"type":"LineString","coordinates":[[11.2352,8.8768],[11.2384,8.8779]]},"properties":{"c":"t","r":"A4"}},{"type":"Feature","geometry":{"type":"LineString","coordinates":[[11.2351,8.8767],[11.2352,8.8768]]},"properties":{"c":"t","r":"A4"}},{"type":"Feature","geometry":{"type":"LineString","coordinates":[[10.8065,8.6697],[10.8066,8.6697]]},"properties":{"c":"t","r":"A4"}},{"type":"Feature","geometry":{"type":"LineString","coordinates":[[10.7678,8.6318],[10.8065,8.6697]]},"properties":{"c":"t","r":"A4"}},{"type":"Feature","geometry":{"type":"LineString","coordinates":[[10.7368,8.6014],[10.7677,8.6317]]},"properties":{"c":"t","r":"A4"}},{"type":"Feature","geometry":{"type":"LineString","coordinates":[[10.7367,8.6012],[10.7368,8.6014]]},"properties":{"c":"t","r":"A4"}},{"type":"Feature","geometry":{"type":"LineString","coordinates":[[9.7616,7.7681],[9.7615,7.7676]]},"properties":{"c":"t","r":"A4"}},{"type":"Feature","geometry":{"type":"LineString","coordinates":[[9.7616,7.7681],[9.7616,7.7681]]},"properties":{"c":"t","r":"A4"}},{"type":"Feature","geometry":{"type":"LineString","coordinates":[[4.5636,7.7983],[4.564,7.7982]]},"properties":{"c":"t","r":""}},{"type":"Feature","geometry":{"type":"LineString","coordinates":[[4.564,7.7982],[4.5744,7.7945]]},"properties":{"c":"t","r":""}},{"type":"Feature","geometry":{"type":"LineString","coordinates":[[4.564,7.7983],[4.5637,7.7983]]},"properties":{"c":"t","r":""}},{"type":"Feature","geometry":{"type":"LineString","coordinates":[[4.5745,7.7946],[4.564,7.7983]]},"properties":{"c":"t","r":""}},{"type":"Feature","geometry":{"type":"LineString","coordinates":[[11.7525,8.9905],[11.7526,8.9905]]},"properties":{"c":"t","r":"A13"}},{"type":"Feature","geometry":{"type":"LineString","coordinates":[[11.6813,8.9947],[11.6919,8.9927],[11.6998,8.9972],[11.7344,9.0025],[11.7525,8.9905]]},"properties":{"c":"t","r":"A13"}},{"type":"Feature","geometry":{"type":"LineString","coordinates":[[11.6813,8.9948],[11.6813,8.9947]]},"properties":{"c":"t","r":"A13"}},{"type":"Feature","geometry":{"type":"LineString","coordinates":[[11.6132,9.0235],[11.6458,9.0068],[11.6813,8.9948]]},"properties":{"c":"t","r":"A13"}},{"type":"Feature","geometry":{"type":"LineString","coordinates":[[3.2984,6.6257],[3.2984,6.6259]]},"properties":{"c":"t","r":"A5"}},{"type":"Feature","geometry":{"type":"LineString","coordinates":[[3.3161,6.6055],[3.3063,6.6106],[3.2984,6.6257]]},"properties":{"c":"t","r":"A5"}},{"type":"Feature","geometry":{"type":"LineString","coordinates":[[3.2983,6.6259],[3.2982,6.6257]]},"properties":{"c":"t","r":"A5"}},{"type":"Feature","geometry":{"type":"LineString","coordinates":[[3.2982,6.6257],[3.3062,6.6104],[3.3162,6.6054]]},"properties":{"c":"t","r":"A5"}},{"type":"Feature","geometry":{"type":"LineString","coordinates":[[10.5516,7.7697],[10.5515,7.7697]]},"properties":{"c":"t","r":"A12"}},{"type":"Feature","geometry":{"type":"LineString","coordinates":[[10.586,7.8141],[10.5516,7.7697]]},"properties":{"c":"t","r":"A12"}},{"type":"Feature","geometry":{"type":"LineString","coordinates":[[10.5861,7.8143],[10.586,7.8141]]},"properties":{"c":"t","r":"A12"}},{"type":"Feature","geometry":{"type":"LineString","coordinates":[[10.5931,7.825],[10.5861,7.8143]]},"properties":{"c":"t","r":"A12"}},{"type":"Feature","geometry":{"type":"LineString","coordinates":[[10.5936,7.8255],[10.5931,7.825]]},"properties":{"c":"t","r":"A12"}},{"type":"Feature","geometry":{"type":"LineString","coordinates":[[10.6904,7.8988],[10.6689,7.9053],[10.654,7.9048],[10.6275,7.8648],[10.5936,7.8255]]},"properties":{"c":"t","r":"A12"}},{"type":"Feature","geometry":{"type":"LineString","coordinates":[[10.088,7.2696],[10.0878,7.2696]]},"properties":{"c":"t","r":"A12"}},{"type":"Feature","geometry":{"type":"LineString","coordinates":[[10.1397,7.28],[10.088,7.2696]]},"properties":{"c":"t","r":"A12"}},{"type":"Feature","geometry":{"type":"LineString","coordinates":[[10.1398,7.2801],[10.1397,7.28]]},"properties":{"c":"t","r":"A12"}},{"type":"Feature","geometry":{"type":"LineString","coordinates":[[10.169,7.2864],[10.1398,7.2801]]},"properties":{"c":"t","r":"A12"}},{"type":"Feature","geometry":{"type":"LineString","coordinates":[[10.375,7.5339],[10.3749,7.5338]]},"properties":{"c":"t","r":"A12"}},{"type":"Feature","geometry":{"type":"LineString","coordinates":[[10.3965,7.6057],[10.3991,7.5935],[10.3959,7.5772],[10.375,7.5339]]},"properties":{"c":"t","r":"A12"}},{"type":"Feature","geometry":{"type":"LineString","coordinates":[[10.3968,7.6068],[10.3965,7.6057]]},"properties":{"c":"t","r":"A12"}},{"type":"Feature","geometry":{"type":"LineString","coordinates":[[10.5515,7.7697],[10.5414,7.7605],[10.5261,7.7367],[10.4469,7.6737],[10.4287,7.6676],[10.4248,7.6565],[10.3967,7.6335],[10.3968,7.6068]]},"properties":{"c":"t","r":"A12"}},{"type":"Feature","geometry":{"type":"LineString","coordinates":[[7.0118,10.6321],[7.0116,10.6321]]},"properties":{"c":"t","r":"A125"}},{"type":"Feature","geometry":{"type":"LineString","coordinates":[[7.0729,10.637],[7.0636,10.6378],[7.0511,10.6476],[7.0331,10.6513],[7.0118,10.6321]]},"properties":{"c":"t","r":"A125"}},{"type":"Feature","geometry":{"type":"LineString","coordinates":[[6.8678,10.6547],[6.8676,10.6546]]},"properties":{"c":"t","r":"A125"}},{"type":"Feature","geometry":{"type":"LineString","coordinates":[[6.8676,10.6546],[6.8604,10.6523],[6.8541,10.6548]]},"properties":{"c":"t","r":"A125"}},{"type":"Feature","geometry":{"type":"LineString","coordinates":[[10.2976,7.4101],[10.2957,7.406]]},"properties":{"c":"t","r":"A12"}},{"type":"Feature","geometry":{"type":"LineString","coordinates":[[10.2978,7.4104],[10.2976,7.4101]]},"properties":{"c":"t","r":"A12"}},{"type":"Feature","geometry":{"type":"LineString","coordinates":[[7.4517,9.0347],[7.455,9.0346]]},"properties":{"c":"m","r":""}},{"type":"Feature","geometry":{"type":"LineString","coordinates":[[6.7623,10.724],[6.7619,10.7241]]},"properties":{"c":"t","r":"A125"}},{"type":"Feature","geometry":{"type":"LineString","coordinates":[[6.7619,10.7241],[6.7436,10.7276]]},"properties":{"c":"t","r":"A125"}},{"type":"Feature","geometry":{"type":"LineString","coordinates":[[6.5255,10.6447],[6.5252,10.6443]]},"properties":{"c":"t","r":"A125"}},{"type":"Feature","geometry":{"type":"LineString","coordinates":[[6.5269,10.6465],[6.5255,10.6447]]},"properties":{"c":"t","r":"A125"}},{"type":"Feature","geometry":{"type":"LineString","coordinates":[[7.4881,9.0606],[7.4882,9.0604]]},"properties":{"c":"t","r":""}},{"type":"Feature","geometry":{"type":"LineString","coordinates":[[7.4817,9.0668],[7.483,9.0661]]},"properties":{"c":"m","r":""}},{"type":"Feature","geometry":{"type":"LineString","coordinates":[[3.8965,7.4013],[3.8963,7.4013]]},"properties":{"c":"t","r":"A5"}},{"type":"Feature","geometry":{"type":"LineString","coordinates":[[3.8981,7.4012],[3.897,7.4014]]},"properties":{"c":"t","r":"A5"}},{"type":"Feature","geometry":{"type":"LineString","coordinates":[[3.8964,7.4012],[3.8981,7.4011]]},"properties":{"c":"t","r":"A5"}},{"type":"Feature","geometry":{"type":"LineString","coordinates":[[3.8963,7.4012],[3.8964,7.4012]]},"properties":{"c":"t","r":"A5"}},{"type":"Feature","geometry":{"type":"LineString","coordinates":[[5.0678,12.7388],[5.0586,12.72]]},"properties":{"c":"t","r":"A1"}},{"type":"Feature","geometry":{"type":"LineString","coordinates":[[5.0678,12.7389],[5.0678,12.7388]]},"properties":{"c":"t","r":"A1"}},{"type":"Feature","geometry":{"type":"LineString","coordinates":[[7.9574,9.8644],[7.958,9.8642]]},"properties":{"c":"t","r":"A235"}},{"type":"Feature","geometry":{"type":"LineString","coordinates":[[7.958,9.8642],[7.9723,9.8521]]},"properties":{"c":"t","r":"A235"}},{"type":"Feature","geometry":{"type":"LineString","coordinates":[[3.9113,7.4152],[3.9112,7.4155]]},"properties":{"c":"t","r":"A1"}},{"type":"Feature","geometry":{"type":"LineString","coordinates":[[3.9107,7.4086],[3.9113,7.4152]]},"properties":{"c":"t","r":"A1"}},{"type":"Feature","geometry":{"type":"LineString","coordinates":[[3.9112,7.4152],[3.9104,7.4088]]},"properties":{"c":"t","r":"A1"}},{"type":"Feature","geometry":{"type":"LineString","coordinates":[[3.9111,7.4155],[3.9112,7.4152]]},"properties":{"c":"t","r":"A1"}},{"type":"Feature","geometry":{"type":"LineString","coordinates":[[8.5662,9.6532],[8.5659,9.6533]]},"properties":{"c":"t","r":"A235"}},{"type":"Feature","geometry":{"type":"LineString","coordinates":[[8.5659,9.6533],[8.5558,9.6537]]},"properties":{"c":"t","r":"A235"}},{"type":"Feature","geometry":{"type":"LineString","coordinates":[[7.4969,9.0508],[7.4963,9.0518]]},"properties":{"c":"t","r":""}},{"type":"Feature","geometry":{"type":"LineString","coordinates":[[8.5831,9.3807],[8.5833,9.3808]]},"properties":{"c":"t","r":"A3"}},{"type":"Feature","geometry":{"type":"LineString","coordinates":[[7.4945,9.0505],[7.495,9.0496]]},"properties":{"c":"t","r":""}},{"type":"Feature","geometry":{"type":"LineString","coordinates":[[7.5245,9.0575],[7.525,9.0608]]},"properties":{"c":"t","r":""}},{"type":"Feature","geometry":{"type":"LineString","coordinates":[[7.5251,9.0625],[7.5251,9.0664]]},"properties":{"c":"t","r":""}},{"type":"Feature","geometry":{"type":"LineString","coordinates":[[3.3687,6.5167],[3.3685,6.5167]]},"properties":{"c":"t","r":"A5"}},{"type":"Feature","geometry":{"type":"LineString","coordinates":[[3.3686,6.5166],[3.3687,6.5166]]},"properties":{"c":"t","r":"A5"}},{"type":"Feature","geometry":{"type":"LineString","coordinates":[[5.9395,12.5847],[5.9396,12.5846]]},"properties":{"c":"t","r":"A126"}},{"type":"Feature","geometry":{"type":"LineString","coordinates":[[5.8588,12.6073],[5.9395,12.5847]]},"properties":{"c":"t","r":"A126"}},{"type":"Feature","geometry":{"type":"LineString","coordinates":[[5.8587,12.6073],[5.8588,12.6073]]},"properties":{"c":"t","r":"A126"}},{"type":"Feature","geometry":{"type":"LineString","coordinates":[[5.9396,12.5846],[5.9704,12.5727],[5.9849,12.5763]]},"properties":{"c":"t","r":"A126"}},{"type":"Feature","geometry":{"type":"LineString","coordinates":[[6.0826,12.5646],[6.083,12.565]]},"properties":{"c":"t","r":"A126"}},{"type":"Feature","geometry":{"type":"LineString","coordinates":[[6.0743,12.565],[6.0826,12.5646]]},"properties":{"c":"t","r":"A126"}},{"type":"Feature","geometry":{"type":"LineString","coordinates":[[6.0741,12.5651],[6.0743,12.565]]},"properties":{"c":"t","r":"A126"}},{"type":"Feature","geometry":{"type":"LineString","coordinates":[[6.083,12.565],[6.0869,12.5673],[6.1012,12.5633],[6.1308,12.5356]]},"properties":{"c":"t","r":"A126"}},{"type":"Feature","geometry":{"type":"LineString","coordinates":[[6.4452,12.2644],[6.4453,12.2644]]},"properties":{"c":"t","r":"A126"}},{"type":"Feature","geometry":{"type":"LineString","coordinates":[[6.4453,12.2644],[6.4502,12.2628]]},"properties":{"c":"t","r":"A126"}},{"type":"Feature","geometry":{"type":"LineString","coordinates":[[6.8693,12.0778],[6.8692,12.0779]]},"properties":{"c":"t","r":"A126"}},{"type":"Feature","geometry":{"type":"LineString","coordinates":[[6.8853,12.0394],[6.8789,12.0492],[6.8693,12.0778]]},"properties":{"c":"t","r":"A126"}},{"type":"Feature","geometry":{"type":"LineString","coordinates":[[6.801,12.1325],[6.8009,12.1325]]},"properties":{"c":"t","r":"A126"}},{"type":"Feature","geometry":{"type":"LineString","coordinates":[[6.8009,12.1325],[6.7946,12.1328]]},"properties":{"c":"t","r":"A126"}},{"type":"Feature","geometry":{"type":"LineString","coordinates":[[7.0143,11.832],[7.0142,11.832]]},"properties":{"c":"t","r":"A126"}},{"type":"Feature","geometry":{"type":"LineString","coordinates":[[7.033,11.8206],[7.0143,11.832]]},"properties":{"c":"t","r":"A126"}},{"type":"Feature","geometry":{"type":"LineString","coordinates":[[6.3565,12.3512],[6.3611,12.3531]]},"properties":{"c":"t","r":"A126"}},{"type":"Feature","geometry":{"type":"LineString","coordinates":[[6.3565,12.3511],[6.3565,12.3512]]},"properties":{"c":"t","r":"A126"}},{"type":"Feature","geometry":{"type":"LineString","coordinates":[[3.8981,7.4011],[3.9087,7.3984]]},"properties":{"c":"t","r":"A5"}},{"type":"Feature","geometry":{"type":"LineString","coordinates":[[5.0142,7.4033],[5.0205,7.4063],[5.071,7.3927],[5.0929,7.372],[5.1053,7.3329],[5.1176,7.3191],[5.1492,7.303],[5.1646,7.2878],[5.1821,7.2845]]},"properties":{"c":"t","r":"A122"}},{"type":"Feature","geometry":{"type":"LineString","coordinates":[[6.7699,8.0523],[6.7704,8.0527]]},"properties":{"c":"t","r":"A2"}},{"type":"Feature","geometry":{"type":"LineString","coordinates":[[6.7703,8.0528],[6.7699,8.0523]]},"properties":{"c":"t","r":"A2"}},{"type":"Feature","geometry":{"type":"LineString","coordinates":[[6.7817,8.064],[6.7703,8.0528]]},"properties":{"c":"t","r":"A2"}},{"type":"Feature","geometry":{"type":"LineString","coordinates":[[8.2291,5.1796],[8.2302,5.1791]]},"properties":{"c":"t","r":"A4-1"}},{"type":"Feature","geometry":{"type":"LineString","coordinates":[[8.2614,5.1884],[8.2768,5.1953],[8.2851,5.1954],[8.3187,5.1722]]},"properties":{"c":"t","r":"A4-1"}},{"type":"Feature","geometry":{"type":"LineString","coordinates":[[7.7935,4.9806],[7.7943,4.978]]},"properties":{"c":"t","r":"F232"}},{"type":"Feature","geometry":{"type":"LineString","coordinates":[[7.6318,12.9579],[7.6318,12.9579]]},"properties":{"c":"t","r":"A9"}},{"type":"Feature","geometry":{"type":"LineString","coordinates":[[7.6269,12.9633],[7.6316,12.9578]]},"properties":{"c":"t","r":"A9"}},{"type":"Feature","geometry":{"type":"LineString","coordinates":[[7.6318,12.9579],[7.6271,12.9634]]},"properties":{"c":"t","r":"A9"}},{"type":"Feature","geometry":{"type":"LineString","coordinates":[[7.3535,11.3508],[7.3534,11.3508]]},"properties":{"c":"t","r":"A126"}},{"type":"Feature","geometry":{"type":"LineString","coordinates":[[7.376,11.3405],[7.3535,11.3508]]},"properties":{"c":"t","r":"A126"}},{"type":"Feature","geometry":{"type":"LineString","coordinates":[[13.1627,10.3121],[13.1624,10.3124]]},"properties":{"c":"t","r":"A13"}},{"type":"Feature","geometry":{"type":"LineString","coordinates":[[13.1627,10.312],[13.1627,10.3121]]},"properties":{"c":"t","r":"A13"}},{"type":"Feature","geometry":{"type":"LineString","coordinates":[[13.1627,10.312],[13.1627,10.312]]},"properties":{"c":"t","r":"A13"}},{"type":"Feature","geometry":{"type":"LineString","coordinates":[[13.1627,10.3121],[13.1626,10.3121]]},"properties":{"c":"t","r":"A13"}},{"type":"Feature","geometry":{"type":"LineString","coordinates":[[13.1626,10.3121],[13.1627,10.312]]},"properties":{"c":"t","r":"A13"}},{"type":"Feature","geometry":{"type":"LineString","coordinates":[[13.1624,10.3124],[13.1626,10.3121]]},"properties":{"c":"t","r":"A13"}},{"type":"Feature","geometry":{"type":"LineString","coordinates":[[13.1623,10.3119],[13.1627,10.312]]},"properties":{"c":"t","r":"A13"}},{"type":"Feature","geometry":{"type":"LineString","coordinates":[[13.1626,10.3121],[13.1623,10.3119]]},"properties":{"c":"t","r":"A13"}},{"type":"Feature","geometry":{"type":"LineString","coordinates":[[4.3011,8.2442],[4.3009,8.244]]},"properties":{"c":"m","r":""}},{"type":"Feature","geometry":{"type":"LineString","coordinates":[[4.3009,8.244],[4.2799,8.209]]},"properties":{"c":"m","r":""}},{"type":"Feature","geometry":{"type":"LineString","coordinates":[[4.3012,8.2439],[4.3014,8.2442]]},"properties":{"c":"m","r":""}},{"type":"Feature","geometry":{"type":"LineString","coordinates":[[4.2802,8.2089],[4.3012,8.2439]]},"properties":{"c":"m","r":""}},{"type":"Feature","geometry":{"type":"LineString","coordinates":[[8.5507,11.9682],[8.55,11.9687]]},"properties":{"c":"t","r":"A2"}},{"type":"Feature","geometry":{"type":"LineString","coordinates":[[8.5493,11.9692],[8.5504,11.968]]},"properties":{"c":"t","r":"A2"}},{"type":"Feature","geometry":{"type":"LineString","coordinates":[[8.5525,11.9661],[8.5509,11.9679]]},"properties":{"c":"t","r":"A2"}},{"type":"Feature","geometry":{"type":"LineString","coordinates":[[8.5506,11.9677],[8.5524,11.966]]},"properties":{"c":"t","r":"A2"}},{"type":"Feature","geometry":{"type":"LineString","coordinates":[[8.549,11.9696],[8.5493,11.9692]]},"properties":{"c":"t","r":"A2"}},{"type":"Feature","geometry":{"type":"LineString","coordinates":[[8.55,11.9687],[8.549,11.9696]]},"properties":{"c":"t","r":"A2"}},{"type":"Feature","geometry":{"type":"LineString","coordinates":[[5.2131,7.2814],[5.2147,7.2816]]},"properties":{"c":"t","r":"A122"}},{"type":"Feature","geometry":{"type":"LineString","coordinates":[[5.2147,7.2816],[5.2131,7.2814]]},"properties":{"c":"t","r":"A122"}},{"type":"Feature","geometry":{"type":"LineString","coordinates":[[5.1828,7.2844],[5.1971,7.2796],[5.2131,7.2814]]},"properties":{"c":"t","r":"A122"}},{"type":"Feature","geometry":{"type":"LineString","coordinates":[[5.2208,7.2813],[5.2189,7.2817]]},"properties":{"c":"t","r":"A122"}},{"type":"Feature","geometry":{"type":"LineString","coordinates":[[5.2189,7.2817],[5.2208,7.2813]]},"properties":{"c":"t","r":"A122"}},{"type":"Feature","geometry":{"type":"LineString","coordinates":[[5.2147,7.2816],[5.2189,7.2817]]},"properties":{"c":"t","r":"A122"}},{"type":"Feature","geometry":{"type":"LineString","coordinates":[[8.5936,9.6556],[8.5931,9.6555]]},"properties":{"c":"t","r":"A235"}},{"type":"Feature","geometry":{"type":"LineString","coordinates":[[8.5931,9.6555],[8.5662,9.6532]]},"properties":{"c":"t","r":"A235"}},{"type":"Feature","geometry":{"type":"LineString","coordinates":[[11.3481,9.8201],[11.3484,9.8202]]},"properties":{"c":"t","r":"A345"}},{"type":"Feature","geometry":{"type":"LineString","coordinates":[[11.3365,9.8252],[11.3481,9.8201]]},"properties":{"c":"t","r":"A345"}},{"type":"Feature","geometry":{"type":"LineString","coordinates":[[8.6361,9.544],[8.6364,9.5442]]},"properties":{"c":"t","r":"A3"}},{"type":"Feature","geometry":{"type":"LineString","coordinates":[[8.6364,9.5442],[8.6546,9.5586]]},"properties":{"c":"t","r":"A3"}},{"type":"Feature","geometry":{"type":"LineString","coordinates":[[8.2658,8.8789],[8.2624,8.888]]},"properties":{"c":"t","r":"A234"}},{"type":"Feature","geometry":{"type":"LineString","coordinates":[[8.2656,8.8764],[8.2657,8.8774]]},"properties":{"c":"t","r":"A234"}},{"type":"Feature","geometry":{"type":"LineString","coordinates":[[8.2657,8.8782],[8.2655,8.8764]]},"properties":{"c":"t","r":"A234"}},{"type":"Feature","geometry":{"type":"LineString","coordinates":[[8.2658,8.8781],[8.2658,8.8789]]},"properties":{"c":"t","r":"A234"}},{"type":"Feature","geometry":{"type":"LineString","coordinates":[[8.2657,8.8774],[8.2658,8.8781]]},"properties":{"c":"t","r":"A234"}},{"type":"Feature","geometry":{"type":"LineString","coordinates":[[8.2657,8.8791],[8.2657,8.8782]]},"properties":{"c":"t","r":"A234"}},{"type":"Feature","geometry":{"type":"LineString","coordinates":[[8.4312,8.8715],[8.4314,8.8714]]},"properties":{"c":"t","r":"A3"}},{"type":"Feature","geometry":{"type":"LineString","coordinates":[[8.4109,8.902],[8.42,8.8791],[8.4312,8.8715]]},"properties":{"c":"t","r":"A3"}},{"type":"Feature","geometry":{"type":"LineString","coordinates":[[8.5794,8.4732],[8.5799,8.4736]]},"properties":{"c":"t","r":"A3"}},{"type":"Feature","geometry":{"type":"LineString","coordinates":[[7.5394,6.4597],[7.5422,6.4598]]},"properties":{"c":"t","r":"A343"}},{"type":"Feature","geometry":{"type":"LineString","coordinates":[[7.5343,6.4612],[7.5381,6.461]]},"properties":{"c":"t","r":"A343"}},{"type":"Feature","geometry":{"type":"LineString","coordinates":[[7.5339,6.4612],[7.5343,6.4612]]},"properties":{"c":"t","r":"A343"}},{"type":"Feature","geometry":{"type":"LineString","coordinates":[[7.5309,6.4613],[7.5339,6.4612]]},"properties":{"c":"t","r":"A343"}},{"type":"Feature","geometry":{"type":"LineString","coordinates":[[7.5342,6.4613],[7.5339,6.4613]]},"properties":{"c":"t","r":"A343"}},{"type":"Feature","geometry":{"type":"LineString","coordinates":[[7.5339,6.4613],[7.531,6.4614]]},"properties":{"c":"t","r":"A343"}},{"type":"Feature","geometry":{"type":"LineString","coordinates":[[9.1371,7.3138],[9.1368,7.3141]]},"properties":{"c":"t","r":"A344"}},{"type":"Feature","geometry":{"type":"LineString","coordinates":[[9.1368,7.3141],[9.0995,7.332],[9.0854,7.3453],[9.0518,7.359],[9.0472,7.3635]]},"properties":{"c":"t","r":"A344"}},{"type":"Feature","geometry":{"type":"LineString","coordinates":[[9.2294,7.1426],[9.2293,7.1431]]},"properties":{"c":"t","r":"A344"}},{"type":"Feature","geometry":{"type":"LineString","coordinates":[[9.2664,7.1199],[9.2546,7.1223],[9.2294,7.1426]]},"properties":{"c":"t","r":"A344"}},{"type":"Feature","geometry":{"type":"LineString","coordinates":[[8.5803,7.9279],[8.5806,7.9275]]},"properties":{"c":"t","r":"A3"}},{"type":"Feature","geometry":{"type":"LineString","coordinates":[[8.5542,8.0503],[8.5532,8.0259],[8.5577,7.9962],[8.5757,7.9489],[8.5764,7.9331],[8.5803,7.9279]]},"properties":{"c":"t","r":"A3"}},{"type":"Feature","geometry":{"type":"LineString","coordinates":[[8.0577,6.3509],[8.0641,6.3448]]},"properties":{"c":"t","r":"A343"}},{"type":"Feature","geometry":{"type":"LineString","coordinates":[[8.0641,6.3448],[8.0657,6.3432]]},"properties":{"c":"t","r":"A343"}},{"type":"Feature","geometry":{"type":"LineString","coordinates":[[8.0657,6.3432],[8.0762,6.333]]},"properties":{"c":"t","r":"A343"}},{"type":"Feature","geometry":{"type":"LineString","coordinates":[[8.0762,6.333],[8.0834,6.3262]]},"properties":{"c":"t","r":"A343"}},{"type":"Feature","geometry":{"type":"LineString","coordinates":[[8.0959,6.3143],[8.0863,6.3235]]},"properties":{"c":"t","r":"A343"}},{"type":"Feature","geometry":{"type":"LineString","coordinates":[[8.0958,6.3142],[8.096,6.314]]},"properties":{"c":"t","r":"A343"}},{"type":"Feature","geometry":{"type":"LineString","coordinates":[[8.0916,6.3182],[8.0958,6.3142]]},"properties":{"c":"t","r":"A343"}},{"type":"Feature","geometry":{"type":"LineString","coordinates":[[8.1442,6.3092],[8.1483,6.308]]},"properties":{"c":"t","r":"A343"}},{"type":"Feature","geometry":{"type":"LineString","coordinates":[[8.1392,6.3089],[8.1442,6.3092]]},"properties":{"c":"t","r":"A343"}},{"type":"Feature","geometry":{"type":"LineString","coordinates":[[8.139,6.3089],[8.1392,6.3089]]},"properties":{"c":"t","r":"A343"}},{"type":"Feature","geometry":{"type":"LineString","coordinates":[[8.1229,6.3073],[8.139,6.3089]]},"properties":{"c":"t","r":"A343"}},{"type":"Feature","geometry":{"type":"LineString","coordinates":[[8.1225,6.3073],[8.1229,6.3073]]},"properties":{"c":"t","r":"A343"}},{"type":"Feature","geometry":{"type":"LineString","coordinates":[[8.9962,7.3162],[8.9806,7.3102]]},"properties":{"c":"t","r":"A344"}},{"type":"Feature","geometry":{"type":"LineString","coordinates":[[8.9805,7.3101],[8.9962,7.3161]]},"properties":{"c":"t","r":"A344"}},{"type":"Feature","geometry":{"type":"LineString","coordinates":[[10.4585,11.3124],[10.4577,11.3136]]},"properties":{"c":"t","r":"A237"}},{"type":"Feature","geometry":{"type":"LineString","coordinates":[[10.4585,11.3124],[10.4594,11.3107]]},"properties":{"c":"t","r":"A237"}},{"type":"Feature","geometry":{"type":"LineString","coordinates":[[10.4577,11.3136],[10.4585,11.3124]]},"properties":{"c":"t","r":"A237"}},{"type":"Feature","geometry":{"type":"LineString","coordinates":[[10.46,11.3096],[10.471,11.2959],[10.5009,11.291],[10.51,11.284],[10.5349,11.2734],[10.5548,11.26],[10.557,11.2548]]},"properties":{"c":"t","r":"A237"}},{"type":"Feature","geometry":{"type":"LineString","coordinates":[[10.46,11.3096],[10.4594,11.3107]]},"properties":{"c":"t","r":"A237"}},{"type":"Feature","geometry":{"type":"LineString","coordinates":[[10.4594,11.3107],[10.46,11.3096]]},"properties":{"c":"t","r":"A237"}},{"type":"Feature","geometry":{"type":"LineString","coordinates":[[6.7953,8.079],[6.795,8.0784]]},"properties":{"c":"t","r":"A2"}},{"type":"Feature","geometry":{"type":"LineString","coordinates":[[6.795,8.0784],[6.7911,8.0732]]},"properties":{"c":"t","r":"A2"}},{"type":"Feature","geometry":{"type":"LineString","coordinates":[[6.7878,8.07],[6.7872,8.0695]]},"properties":{"c":"t","r":"A2"}},{"type":"Feature","geometry":{"type":"LineString","coordinates":[[6.7872,8.0695],[6.7856,8.0679]]},"properties":{"c":"t","r":"A2"}},{"type":"Feature","geometry":{"type":"LineString","coordinates":[[6.7856,8.0679],[6.785,8.0673]]},"properties":{"c":"t","r":"A2"}},{"type":"Feature","geometry":{"type":"LineString","coordinates":[[6.785,8.0673],[6.7822,8.0645]]},"properties":{"c":"t","r":"A2"}},{"type":"Feature","geometry":{"type":"LineString","coordinates":[[6.7498,7.844],[6.7496,7.844]]},"properties":{"c":"t","r":"A2"}},{"type":"Feature","geometry":{"type":"LineString","coordinates":[[6.7496,7.8439],[6.7447,7.8425],[6.7203,7.8531]]},"properties":{"c":"t","r":"A2"}},{"type":"Feature","geometry":{"type":"LineString","coordinates":[[6.7496,7.8439],[6.7497,7.8439]]},"properties":{"c":"t","r":"A2"}},{"type":"Feature","geometry":{"type":"LineString","coordinates":[[6.7498,7.844],[6.7576,7.8505],[6.7604,7.8611],[6.7601,7.8762],[6.7541,7.8898],[6.7531,7.9007]]},"properties":{"c":"t","r":"A2"}},{"type":"Feature","geometry":{"type":"LineString","coordinates":[[6.9271,8.6746],[6.9242,8.6639]]},"properties":{"c":"t","r":"A2"}},{"type":"Feature","geometry":{"type":"LineString","coordinates":[[6.9272,8.6751],[6.9271,8.6746]]},"properties":{"c":"t","r":"A2"}},{"type":"Feature","geometry":{"type":"LineString","coordinates":[[6.9272,8.6744],[6.9274,8.6751]]},"properties":{"c":"t","r":"A2"}},{"type":"Feature","geometry":{"type":"LineString","coordinates":[[6.9242,8.6632],[6.9272,8.6744]]},"properties":{"c":"t","r":"A2"}},{"type":"Feature","geometry":{"type":"LineString","coordinates":[[6.9123,8.6063],[6.9122,8.6059]]},"properties":{"c":"t","r":"A2"}},{"type":"Feature","geometry":{"type":"LineString","coordinates":[[6.9242,8.6639],[6.9123,8.6063]]},"properties":{"c":"t","r":"A2"}},{"type":"Feature","geometry":{"type":"LineString","coordinates":[[6.9125,8.6063],[6.9144,8.6165]]},"properties":{"c":"t","r":"A2"}},{"type":"Feature","geometry":{"type":"LineString","coordinates":[[6.9124,8.6059],[6.9125,8.6063]]},"properties":{"c":"t","r":"A2"}},{"type":"Feature","geometry":{"type":"LineString","coordinates":[[7.2952,9.1374],[7.2891,9.1366]]},"properties":{"c":"m","r":"A234"}},{"type":"Feature","geometry":{"type":"LineString","coordinates":[[7.2959,9.1375],[7.2952,9.1374]]},"properties":{"c":"m","r":"A234"}},{"type":"Feature","geometry":{"type":"LineString","coordinates":[[7.2951,9.1372],[7.2958,9.1373]]},"properties":{"c":"m","r":"A234"}},{"type":"Feature","geometry":{"type":"LineString","coordinates":[[7.2895,9.1363],[7.2951,9.1372]]},"properties":{"c":"m","r":"A234"}},{"type":"Feature","geometry":{"type":"LineString","coordinates":[[7.2953,9.1376],[7.2925,9.1372]]},"properties":{"c":"t","r":""}},{"type":"Feature","geometry":{"type":"LineString","coordinates":[[7.2959,9.1377],[7.2953,9.1376]]},"properties":{"c":"t","r":""}},{"type":"Feature","geometry":{"type":"LineString","coordinates":[[7.2957,9.1371],[7.3005,9.1378]]},"properties":{"c":"t","r":""}},{"type":"Feature","geometry":{"type":"LineString","coordinates":[[7.295,9.137],[7.2957,9.1371]]},"properties":{"c":"t","r":""}},{"type":"Feature","geometry":{"type":"LineString","coordinates":[[8.0863,6.3235],[8.0842,6.3255]]},"properties":{"c":"t","r":"A343"}},{"type":"Feature","geometry":{"type":"LineString","coordinates":[[8.0846,6.325],[8.0916,6.3182]]},"properties":{"c":"t","r":"A343"}},{"type":"Feature","geometry":{"type":"LineString","coordinates":[[6.7817,8.064],[6.7822,8.0645]]},"properties":{"c":"t","r":"A2"}},{"type":"Feature","geometry":{"type":"LineString","coordinates":[[6.7822,8.0645],[6.7817,8.064]]},"properties":{"c":"t","r":"A2"}},{"type":"Feature","geometry":{"type":"LineString","coordinates":[[6.7466,7.8423],[6.7467,7.8424]]},"properties":{"c":"t","r":"A233"}},{"type":"Feature","geometry":{"type":"LineString","coordinates":[[6.7466,7.8424],[6.7465,7.8423]]},"properties":{"c":"t","r":"A233"}},{"type":"Feature","geometry":{"type":"LineString","coordinates":[[8.8212,11.8078],[8.8322,11.7986]]},"properties":{"c":"t","r":"A237"}},{"type":"Feature","geometry":{"type":"LineString","coordinates":[[8.7642,11.8255],[8.8138,11.8139]]},"properties":{"c":"t","r":"A237"}},{"type":"Feature","geometry":{"type":"LineString","coordinates":[[4.5637,8.4858],[4.5637,8.4855]]},"properties":{"c":"t","r":"A123"}},{"type":"Feature","geometry":{"type":"LineString","coordinates":[[4.5648,8.4895],[4.5637,8.4858]]},"properties":{"c":"t","r":"A123"}},{"type":"Feature","geometry":{"type":"LineString","coordinates":[[4.565,8.4898],[4.5648,8.4895]]},"properties":{"c":"t","r":"A123"}},{"type":"Feature","geometry":{"type":"LineString","coordinates":[[7.5858,6.463],[7.5869,6.4634]]},"properties":{"c":"t","r":"A343"}},{"type":"Feature","geometry":{"type":"LineString","coordinates":[[7.5853,6.4628],[7.5858,6.463]]},"properties":{"c":"t","r":"A343"}},{"type":"Feature","geometry":{"type":"LineString","coordinates":[[7.5401,6.4548],[7.5402,6.4551]]},"properties":{"c":"t","r":"A3-1"}},{"type":"Feature","geometry":{"type":"LineString","coordinates":[[7.5402,6.4551],[7.5422,6.4598]]},"properties":{"c":"t","r":"A3-1"}},{"type":"Feature","geometry":{"type":"LineString","coordinates":[[7.54,6.4551],[7.5399,6.4548]]},"properties":{"c":"t","r":"A3-1"}},{"type":"Feature","geometry":{"type":"LineString","coordinates":[[7.5394,6.4597],[7.54,6.4551]]},"properties":{"c":"t","r":"A3-1"}},{"type":"Feature","geometry":{"type":"LineString","coordinates":[[8.0835,6.3262],[8.0578,6.351]]},"properties":{"c":"t","r":"A343"}},{"type":"Feature","geometry":{"type":"LineString","coordinates":[[8.0842,6.3255],[8.0835,6.3262]]},"properties":{"c":"t","r":"A343"}},{"type":"Feature","geometry":{"type":"LineString","coordinates":[[8.0834,6.3262],[8.0841,6.3255]]},"properties":{"c":"t","r":"A343"}},{"type":"Feature","geometry":{"type":"LineString","coordinates":[[8.0841,6.3255],[8.0846,6.325]]},"properties":{"c":"t","r":"A343"}},{"type":"Feature","geometry":{"type":"LineString","coordinates":[[5.1956,8.0905],[5.1955,8.0905]]},"properties":{"c":"t","r":"A123"}},{"type":"Feature","geometry":{"type":"LineString","coordinates":[[5.3596,8.11],[5.333,8.0887],[5.3063,8.0732],[5.272,8.0632],[5.2592,8.0634],[5.2142,8.0801],[5.1956,8.0905]]},"properties":{"c":"t","r":"A123"}},{"type":"Feature","geometry":{"type":"LineString","coordinates":[[3.643,6.834],[3.6399,6.8319]]},"properties":{"c":"t","r":"A1"}},{"type":"Feature","geometry":{"type":"LineString","coordinates":[[3.64,6.8318],[3.6431,6.834]]},"properties":{"c":"t","r":"A1"}},{"type":"Feature","geometry":{"type":"LineString","coordinates":[[3.6553,6.858],[3.6567,6.8526],[3.6509,6.8511],[3.643,6.834]]},"properties":{"c":"t","r":"A1"}},{"type":"Feature","geometry":{"type":"LineString","coordinates":[[3.6431,6.834],[3.6508,6.8508],[3.6566,6.8522],[3.6555,6.858]]},"properties":{"c":"t","r":"A1"}},{"type":"Feature","geometry":{"type":"LineString","coordinates":[[10.0139,11.4074],[10.0129,11.4076]]},"properties":{"c":"t","r":"A237"}},{"type":"Feature","geometry":{"type":"LineString","coordinates":[[10.0129,11.4076],[10.0139,11.4074]]},"properties":{"c":"t","r":"A237"}},{"type":"Feature","geometry":{"type":"LineString","coordinates":[[9.9581,11.4288],[9.9861,11.4254],[10.0009,11.4101],[10.0129,11.4076]]},"properties":{"c":"t","r":"A237"}},{"type":"Feature","geometry":{"type":"LineString","coordinates":[[3.3393,7.1571],[3.3479,7.1537]]},"properties":{"c":"t","r":"A5"}},{"type":"Feature","geometry":{"type":"LineString","coordinates":[[3.3392,7.1572],[3.3325,7.1563]]},"properties":{"c":"t","r":"A5"}},{"type":"Feature","geometry":{"type":"LineString","coordinates":[[3.348,7.1538],[3.3392,7.1572]]},"properties":{"c":"t","r":"A5"}},{"type":"Feature","geometry":{"type":"LineString","coordinates":[[3.3479,7.1537],[3.359,7.1487]]},"properties":{"c":"t","r":""}},{"type":"Feature","geometry":{"type":"LineString","coordinates":[[3.3325,7.1561],[3.3325,7.1561]]},"properties":{"c":"t","r":""}},{"type":"Feature","geometry":{"type":"LineString","coordinates":[[3.3625,7.1484],[3.362,7.1455]]},"properties":{"c":"t","r":""}},{"type":"Feature","geometry":{"type":"LineString","coordinates":[[3.3621,7.1456],[3.3626,7.1483]]},"properties":{"c":"t","r":""}},{"type":"Feature","geometry":{"type":"LineString","coordinates":[[3.3686,7.1582],[3.3686,7.1582]]},"properties":{"c":"t","r":""}},{"type":"Feature","geometry":{"type":"LineString","coordinates":[[3.3686,7.1582],[3.365,7.1521]]},"properties":{"c":"t","r":""}},{"type":"Feature","geometry":{"type":"LineString","coordinates":[[3.3689,7.1583],[3.3727,7.1678],[3.3708,7.1722]]},"properties":{"c":"t","r":""}},{"type":"Feature","geometry":{"type":"LineString","coordinates":[[8.3464,5.1553],[8.3461,5.1553]]},"properties":{"c":"t","r":"A4-1"}},{"type":"Feature","geometry":{"type":"LineString","coordinates":[[8.3461,5.1553],[8.3464,5.1553]]},"properties":{"c":"t","r":"A4-1"}},{"type":"Feature","geometry":{"type":"LineString","coordinates":[[6.331,10.326],[6.3309,10.3259]]},"properties":{"c":"t","r":"A125"}},{"type":"Feature","geometry":{"type":"LineString","coordinates":[[6.3333,10.3277],[6.331,10.326]]},"properties":{"c":"t","r":"A125"}},{"type":"Feature","geometry":{"type":"LineString","coordinates":[[6.4361,10.525],[6.4361,10.5248]]},"properties":{"c":"t","r":"A125"}},{"type":"Feature","geometry":{"type":"LineString","coordinates":[[6.437,10.5324],[6.4361,10.525]]},"properties":{"c":"t","r":"A125"}},{"type":"Feature","geometry":{"type":"LineString","coordinates":[[6.4828,10.605],[6.4689,10.5818]]},"properties":{"c":"t","r":"A125"}},{"type":"Feature","geometry":{"type":"LineString","coordinates":[[6.483,10.6052],[6.4828,10.605]]},"properties":{"c":"t","r":"A125"}},{"type":"Feature","geometry":{"type":"LineString","coordinates":[[5.5032,9.7479],[5.5037,9.7482]]},"properties":{"c":"t","r":"A10"}},{"type":"Feature","geometry":{"type":"LineString","coordinates":[[5.4215,9.6995],[5.5032,9.7479]]},"properties":{"c":"t","r":"A10"}},{"type":"Feature","geometry":{"type":"LineString","coordinates":[[3.9133,7.4718],[3.9132,7.472]]},"properties":{"c":"t","r":"A1"}},{"type":"Feature","geometry":{"type":"LineString","coordinates":[[3.9132,7.472],[3.9132,7.4717]]},"properties":{"c":"t","r":"A1"}},{"type":"Feature","geometry":{"type":"LineString","coordinates":[[4.8192,9.1249],[4.817,9.1287]]},"properties":{"c":"t","r":"A1"}},{"type":"Feature","geometry":{"type":"LineString","coordinates":[[4.817,9.1287],[4.8137,9.1348]]},"properties":{"c":"t","r":"A1"}},{"type":"Feature","geometry":{"type":"LineString","coordinates":[[4.8137,9.1348],[4.8132,9.136]]},"properties":{"c":"t","r":"A1"}},{"type":"Feature","geometry":{"type":"LineString","coordinates":[[4.8132,9.136],[4.8124,9.1388]]},"properties":{"c":"t","r":"A1"}},{"type":"Feature","geometry":{"type":"LineString","coordinates":[[4.8124,9.1388],[4.8139,9.1437]]},"properties":{"c":"t","r":"A1"}},{"type":"Feature","geometry":{"type":"LineString","coordinates":[[4.8169,9.1287],[4.8192,9.1249]]},"properties":{"c":"t","r":"A1"}},{"type":"Feature","geometry":{"type":"LineString","coordinates":[[4.8139,9.1437],[4.8123,9.1388]]},"properties":{"c":"t","r":"A1"}},{"type":"Feature","geometry":{"type":"LineString","coordinates":[[4.8139,9.1437],[4.8142,9.1455]]},"properties":{"c":"t","r":"A1"}},{"type":"Feature","geometry":{"type":"LineString","coordinates":[[8.5616,6.501],[8.5622,6.5008]]},"properties":{"c":"t","r":"A343"}},{"type":"Feature","geometry":{"type":"LineString","coordinates":[[8.5622,6.5008],[8.5617,6.5013]]},"properties":{"c":"t","r":"A343"}},{"type":"Feature","geometry":{"type":"LineString","coordinates":[[3.8603,7.2342],[3.8601,7.2344]]},"properties":{"c":"t","r":"A1"}},{"type":"Feature","geometry":{"type":"LineString","coordinates":[[3.8601,7.2344],[3.86,7.2342]]},"properties":{"c":"t","r":"A1"}},{"type":"Feature","geometry":{"type":"LineString","coordinates":[[3.8599,7.2335],[3.8601,7.2336]]},"properties":{"c":"t","r":"A1"}},{"type":"Feature","geometry":{"type":"LineString","coordinates":[[3.8599,7.2337],[3.8599,7.2335]]},"properties":{"c":"t","r":"A1"}},{"type":"Feature","geometry":{"type":"LineString","coordinates":[[3.8604,7.2339],[3.8604,7.2339]]},"properties":{"c":"t","r":""}},{"type":"Feature","geometry":{"type":"LineString","coordinates":[[3.8563,7.2466],[3.8601,7.2344]]},"properties":{"c":"t","r":"A1"}},{"type":"Feature","geometry":{"type":"LineString","coordinates":[[6.8388,7.7293],[6.8426,7.7287]]},"properties":{"c":"t","r":"A233"}},{"type":"Feature","geometry":{"type":"LineString","coordinates":[[6.8385,7.7293],[6.8388,7.7293]]},"properties":{"c":"t","r":"A233"}},{"type":"Feature","geometry":{"type":"LineString","coordinates":[[6.1433,9.0502],[6.1442,9.05]]},"properties":{"c":"t","r":"A124"}},{"type":"Feature","geometry":{"type":"LineString","coordinates":[[6.1426,9.0505],[6.1433,9.0502]]},"properties":{"c":"t","r":"A124"}},{"type":"Feature","geometry":{"type":"LineString","coordinates":[[6.1442,9.05],[6.1433,9.0502]]},"properties":{"c":"t","r":"A124"}},{"type":"Feature","geometry":{"type":"LineString","coordinates":[[6.1419,9.0509],[6.1426,9.0505]]},"properties":{"c":"t","r":"A124"}},{"type":"Feature","geometry":{"type":"LineString","coordinates":[[6.1426,9.0505],[6.1419,9.0509]]},"properties":{"c":"t","r":"A124"}},{"type":"Feature","geometry":{"type":"LineString","coordinates":[[6.137,9.0579],[6.1419,9.0509]]},"properties":{"c":"t","r":"A124"}},{"type":"Feature","geometry":{"type":"LineString","coordinates":[[6.1347,9.0605],[6.1362,9.0588]]},"properties":{"c":"t","r":"A124"}},{"type":"Feature","geometry":{"type":"LineString","coordinates":[[6.1347,9.0606],[6.1347,9.0605]]},"properties":{"c":"t","r":"A124"}},{"type":"Feature","geometry":{"type":"LineString","coordinates":[[6.1342,9.0611],[6.1343,9.061]]},"properties":{"c":"t","r":"A124"}},{"type":"Feature","geometry":{"type":"LineString","coordinates":[[6.1332,9.0622],[6.1342,9.0611]]},"properties":{"c":"t","r":"A124"}},{"type":"Feature","geometry":{"type":"LineString","coordinates":[[6.1343,9.061],[6.1347,9.0606]]},"properties":{"c":"t","r":"A124"}},{"type":"Feature","geometry":{"type":"LineString","coordinates":[[6.1326,9.0629],[6.1332,9.0623]]},"properties":{"c":"t","r":"A124"}},{"type":"Feature","geometry":{"type":"LineString","coordinates":[[6.1332,9.0623],[6.1332,9.0622]]},"properties":{"c":"t","r":"A124"}},{"type":"Feature","geometry":{"type":"LineString","coordinates":[[6.1326,9.0629],[6.1326,9.0629]]},"properties":{"c":"t","r":"A124"}},{"type":"Feature","geometry":{"type":"LineString","coordinates":[[6.132,9.0636],[6.1326,9.0629]]},"properties":{"c":"t","r":"A124"}},{"type":"Feature","geometry":{"type":"LineString","coordinates":[[6.132,9.0636],[6.132,9.0636]]},"properties":{"c":"t","r":"A124"}},{"type":"Feature","geometry":{"type":"LineString","coordinates":[[6.1314,9.0643],[6.132,9.0636]]},"properties":{"c":"t","r":"A124"}},{"type":"Feature","geometry":{"type":"LineString","coordinates":[[6.1314,9.0643],[6.1314,9.0643]]},"properties":{"c":"t","r":"A124"}},{"type":"Feature","geometry":{"type":"LineString","coordinates":[[6.1297,9.0663],[6.1299,9.066]]},"properties":{"c":"t","r":"A124"}},{"type":"Feature","geometry":{"type":"LineString","coordinates":[[6.1296,9.0664],[6.1297,9.0663]]},"properties":{"c":"t","r":"A124"}},{"type":"Feature","geometry":{"type":"LineString","coordinates":[[6.13,9.0659],[6.1314,9.0643]]},"properties":{"c":"t","r":"A124"}},{"type":"Feature","geometry":{"type":"LineString","coordinates":[[6.1299,9.066],[6.13,9.0659]]},"properties":{"c":"t","r":"A124"}},{"type":"Feature","geometry":{"type":"LineString","coordinates":[[6.1282,9.068],[6.1296,9.0664]]},"properties":{"c":"t","r":"A124"}},{"type":"Feature","geometry":{"type":"LineString","coordinates":[[6.1281,9.0681],[6.1282,9.068]]},"properties":{"c":"t","r":"A124"}},{"type":"Feature","geometry":{"type":"LineString","coordinates":[[6.1263,9.0701],[6.1281,9.0681]]},"properties":{"c":"t","r":"A124"}},{"type":"Feature","geometry":{"type":"LineString","coordinates":[[6.1262,9.0702],[6.1263,9.0701]]},"properties":{"c":"t","r":"A124"}},{"type":"Feature","geometry":{"type":"LineString","coordinates":[[6.7283,9.074],[6.7285,9.0742]]},"properties":{"c":"t","r":"A124"}},{"type":"Feature","geometry":{"type":"LineString","coordinates":[[6.708,9.0605],[6.7172,9.0624],[6.7283,9.074]]},"properties":{"c":"t","r":"A124"}},{"type":"Feature","geometry":{"type":"LineString","coordinates":[[5.2197,10.4606],[5.2539,10.4493],[5.2957,10.4189]]},"properties":{"c":"t","r":"A1"}},{"type":"Feature","geometry":{"type":"LineString","coordinates":[[5.2192,10.4608],[5.2197,10.4606]]},"properties":{"c":"t","r":"A1"}},{"type":"Feature","geometry":{"type":"LineString","coordinates":[[3.9071,7.4394],[3.907,7.44]]},"properties":{"c":"t","r":"A1"}},{"type":"Feature","geometry":{"type":"LineString","coordinates":[[4.6307,8.7416],[4.6308,8.7417]]},"properties":{"c":"t","r":"A14"}},{"type":"Feature","geometry":{"type":"LineString","coordinates":[[4.6478,8.7759],[4.6569,8.7933],[4.6877,8.8328],[4.7527,8.9042]]},"properties":{"c":"t","r":"A14"}},{"type":"Feature","geometry":{"type":"LineString","coordinates":[[6.9676,7.8069],[6.9674,7.807]]},"properties":{"c":"t","r":"A233"}},{"type":"Feature","geometry":{"type":"LineString","coordinates":[[6.9674,7.807],[6.9355,7.7789],[6.9192,7.7572]]},"properties":{"c":"t","r":"A233"}},{"type":"Feature","geometry":{"type":"LineString","coordinates":[[11.3921,9.776],[11.3923,9.7758]]},"properties":{"c":"t","r":"A345"}},{"type":"Feature","geometry":{"type":"LineString","coordinates":[[11.3484,9.8202],[11.3654,9.8308],[11.3749,9.8299],[11.3806,9.814],[11.3831,9.7919],[11.3921,9.776]]},"properties":{"c":"t","r":"A345"}},{"type":"Feature","geometry":{"type":"LineString","coordinates":[[8.678,6.3702],[8.6785,6.3699]]},"properties":{"c":"t","r":"A343"}},{"type":"Feature","geometry":{"type":"LineString","coordinates":[[8.6786,6.37],[8.678,6.3702]]},"properties":{"c":"t","r":"A343"}},{"type":"Feature","geometry":{"type":"LineString","coordinates":[[4.8212,7.6191],[4.8203,7.6191]]},"properties":{"c":"t","r":"A122"}},{"type":"Feature","geometry":{"type":"LineString","coordinates":[[3.5055,9.489],[3.5049,9.4895]]},"properties":{"c":"t","r":"A7"}},{"type":"Feature","geometry":{"type":"LineString","coordinates":[[3.5049,9.4895],[3.498,9.4918],[3.4416,9.4906],[3.3881,9.5102]]},"properties":{"c":"t","r":"A7"}},{"type":"Feature","geometry":{"type":"LineString","coordinates":[[3.5049,9.4895],[3.5055,9.489]]},"properties":{"c":"t","r":"A7"}},{"type":"Feature","geometry":{"type":"LineString","coordinates":[[4.5789,6.7274],[4.5785,6.7274]]},"properties":{"c":"t","r":"A121-1"}},{"type":"Feature","geometry":{"type":"LineString","coordinates":[[4.6158,6.7287],[4.5789,6.7274]]},"properties":{"c":"t","r":"A121-1"}},{"type":"Feature","geometry":{"type":"LineString","coordinates":[[4.5789,6.7273],[4.6158,6.7286]]},"properties":{"c":"t","r":"A121-1"}},{"type":"Feature","geometry":{"type":"LineString","coordinates":[[4.5785,6.7273],[4.5789,6.7273]]},"properties":{"c":"t","r":"A121-1"}},{"type":"Feature","geometry":{"type":"LineString","coordinates":[[5.3787,7.2597],[5.3793,7.2599]]},"properties":{"c":"t","r":"A122"}},{"type":"Feature","geometry":{"type":"LineString","coordinates":[[5.2208,7.2813],[5.263,7.2708],[5.2876,7.2769],[5.3406,7.2732],[5.3677,7.2593],[5.3787,7.2597]]},"properties":{"c":"t","r":"A122"}},{"type":"Feature","geometry":{"type":"LineString","coordinates":[[7.9339,5.0308],[7.9339,5.0308]]},"properties":{"c":"t","r":"A342"}},{"type":"Feature","geometry":{"type":"LineString","coordinates":[[8.0728,4.891],[8.0728,4.891]]},"properties":{"c":"t","r":"A342"}},{"type":"Feature","geometry":{"type":"LineString","coordinates":[[8.073,4.8906],[8.0875,4.8817]]},"properties":{"c":"t","r":"A342"}},{"type":"Feature","geometry":{"type":"LineString","coordinates":[[8.0876,4.8819],[8.0731,4.8908]]},"properties":{"c":"t","r":"A342"}},{"type":"Feature","geometry":{"type":"LineString","coordinates":[[6.7534,6.1364],[6.7535,6.1364]]},"properties":{"c":"t","r":"A232"}},{"type":"Feature","geometry":{"type":"LineString","coordinates":[[11.1228,10.2749],[11.1197,10.2715]]},"properties":{"c":"t","r":"A345"}},{"type":"Feature","geometry":{"type":"LineString","coordinates":[[11.1197,10.2715],[11.123,10.2748]]},"properties":{"c":"t","r":"A345"}},{"type":"Feature","geometry":{"type":"LineString","coordinates":[[11.117,10.2899],[11.1228,10.2752]]},"properties":{"c":"t","r":"A345"}},{"type":"Feature","geometry":{"type":"LineString","coordinates":[[11.1229,10.2752],[11.1229,10.2752]]},"properties":{"c":"t","r":"A345"}},{"type":"Feature","geometry":{"type":"LineString","coordinates":[[11.123,10.2753],[11.1175,10.2895]]},"properties":{"c":"t","r":"A345"}},{"type":"Feature","geometry":{"type":"LineString","coordinates":[[11.1084,10.2914],[11.1167,10.2902]]},"properties":{"c":"t","r":"A345"}},{"type":"Feature","geometry":{"type":"LineString","coordinates":[[11.1168,10.2904],[11.108,10.2915]]},"properties":{"c":"t","r":"A345"}},{"type":"Feature","geometry":{"type":"LineString","coordinates":[[7.7403,5.1601],[7.7399,5.1599]]},"properties":{"c":"t","r":"A4-1"}},{"type":"Feature","geometry":{"type":"LineString","coordinates":[[7.7401,5.1597],[7.7403,5.1601]]},"properties":{"c":"t","r":"A4-1"}},{"type":"Feature","geometry":{"type":"LineString","coordinates":[[7.9296,5.08],[7.9297,5.0805]]},"properties":{"c":"t","r":""}},{"type":"Feature","geometry":{"type":"LineString","coordinates":[[7.8974,5.0457],[7.9121,5.0594],[7.9193,5.0618],[7.9296,5.08]]},"properties":{"c":"t","r":""}},{"type":"Feature","geometry":{"type":"LineString","coordinates":[[7.9295,5.0801],[7.9193,5.062],[7.912,5.0595],[7.9017,5.05]]},"properties":{"c":"t","r":""}},{"type":"Feature","geometry":{"type":"LineString","coordinates":[[7.9295,5.0806],[7.9295,5.0801]]},"properties":{"c":"t","r":""}},{"type":"Feature","geometry":{"type":"LineString","coordinates":[[5.7847,5.5561],[5.7847,5.5562]]},"properties":{"c":"t","r":"A2"}},{"type":"Feature","geometry":{"type":"LineString","coordinates":[[5.7837,5.5734],[5.7836,5.5753]]},"properties":{"c":"t","r":"A2"}},{"type":"Feature","geometry":{"type":"LineString","coordinates":[[5.7836,5.5752],[5.7836,5.5734]]},"properties":{"c":"t","r":"A2"}},{"type":"Feature","geometry":{"type":"LineString","coordinates":[[5.7837,5.5721],[5.7837,5.5734]]},"properties":{"c":"t","r":"A2"}},{"type":"Feature","geometry":{"type":"LineString","coordinates":[[5.7836,5.5734],[5.7836,5.5721]]},"properties":{"c":"t","r":"A2"}},{"type":"Feature","geometry":{"type":"LineString","coordinates":[[3.4549,6.4361],[3.4561,6.4352]]},"properties":{"c":"t","r":""}},{"type":"Feature","geometry":{"type":"LineString","coordinates":[[6.2543,7.5331],[6.2549,7.5227]]},"properties":{"c":"t","r":"A2"}},{"type":"Feature","geometry":{"type":"LineString","coordinates":[[6.2532,7.5338],[6.2543,7.5331]]},"properties":{"c":"t","r":"A2"}},{"type":"Feature","geometry":{"type":"LineString","coordinates":[[6.2543,7.5331],[6.2532,7.5338]]},"properties":{"c":"t","r":"A2"}},{"type":"Feature","geometry":{"type":"LineString","coordinates":[[6.8601,5.8167],[6.8567,5.8344],[6.8606,5.8691]]},"properties":{"c":"t","r":"A6"}},{"type":"Feature","geometry":{"type":"LineString","coordinates":[[6.8689,5.7793],[6.8601,5.8167]]},"properties":{"c":"t","r":"A6"}},{"type":"Feature","geometry":{"type":"LineString","coordinates":[[6.8605,5.8691],[6.8566,5.8344],[6.86,5.8167]]},"properties":{"c":"t","r":"A6"}},{"type":"Feature","geometry":{"type":"LineString","coordinates":[[6.7838,8.1197],[6.7804,8.1485],[6.7869,8.1645]]},"properties":{"c":"t","r":"A2"}},{"type":"Feature","geometry":{"type":"LineString","coordinates":[[6.7868,8.1645],[6.7803,8.1485],[6.7838,8.1197]]},"properties":{"c":"t","r":"A2"}},{"type":"Feature","geometry":{"type":"LineString","coordinates":[[6.7838,8.1197],[6.787,8.1029],[6.796,8.0892],[6.7953,8.079]]},"properties":{"c":"t","r":"A2"}},{"type":"Feature","geometry":{"type":"LineString","coordinates":[[5.5964,6.4535],[5.5963,6.4534]]},"properties":{"c":"t","r":"A122"}},{"type":"Feature","geometry":{"type":"LineString","coordinates":[[5.5963,6.4533],[5.5965,6.4533]]},"properties":{"c":"t","r":"A122"}},{"type":"Feature","geometry":{"type":"LineString","coordinates":[[3.4335,6.6092],[3.4338,6.6092]]},"properties":{"c":"t","r":"A1"}},{"type":"Feature","geometry":{"type":"LineString","coordinates":[[3.4338,6.6092],[3.4407,6.6105]]},"properties":{"c":"t","r":"A1"}},{"type":"Feature","geometry":{"type":"LineString","coordinates":[[3.4338,6.6093],[3.4335,6.6094]]},"properties":{"c":"t","r":"A1"}},{"type":"Feature","geometry":{"type":"LineString","coordinates":[[3.4405,6.6106],[3.4338,6.6093]]},"properties":{"c":"t","r":"A1"}},{"type":"Feature","geometry":{"type":"LineString","coordinates":[[3.4154,6.7018],[3.4155,6.6999]]},"properties":{"c":"m","r":"E1"}},{"type":"Feature","geometry":{"type":"LineString","coordinates":[[3.4155,6.6999],[3.4155,6.6974]]},"properties":{"c":"m","r":"E1"}},{"type":"Feature","geometry":{"type":"LineString","coordinates":[[3.6572,6.8672],[3.6572,6.8672]]},"properties":{"c":"t","r":"A1"}},{"type":"Feature","geometry":{"type":"LineString","coordinates":[[5.7309,6.3889],[5.7304,6.3887]]},"properties":{"c":"t","r":"A2"}},{"type":"Feature","geometry":{"type":"LineString","coordinates":[[5.7309,6.3888],[5.7309,6.3888]]},"properties":{"c":"t","r":"A2"}},{"type":"Feature","geometry":{"type":"LineString","coordinates":[[5.7312,6.3888],[5.7326,6.3891]]},"properties":{"c":"t","r":"A2"}},{"type":"Feature","geometry":{"type":"LineString","coordinates":[[5.7326,6.3893],[5.7311,6.389]]},"properties":{"c":"t","r":"A2"}},{"type":"Feature","geometry":{"type":"LineString","coordinates":[[5.7326,6.3892],[5.7326,6.3892]]},"properties":{"c":"t","r":"A2"}},{"type":"Feature","geometry":{"type":"LineString","coordinates":[[5.6628,6.3524],[5.699,6.3776],[5.731,6.3887]]},"properties":{"c":"t","r":"A2"}},{"type":"Feature","geometry":{"type":"LineString","coordinates":[[5.733,6.3891],[5.7655,6.4083],[5.7709,6.4152]]},"properties":{"c":"t","r":"A2"}},{"type":"Feature","geometry":{"type":"LineString","coordinates":[[5.7709,6.4152],[5.7649,6.408],[5.7329,6.3893]]},"properties":{"c":"t","r":"A2"}},{"type":"Feature","geometry":{"type":"LineString","coordinates":[[5.7304,6.3887],[5.7007,6.3786],[5.6627,6.3525]]},"properties":{"c":"t","r":"A2"}},{"type":"Feature","geometry":{"type":"LineString","coordinates":[[7.4556,9.0464],[7.4553,9.0472]]},"properties":{"c":"t","r":""}},{"type":"Feature","geometry":{"type":"LineString","coordinates":[[7.4554,9.0464],[7.4551,9.0472]]},"properties":{"c":"m","r":""}},{"type":"Feature","geometry":{"type":"LineString","coordinates":[[7.4549,9.0471],[7.4552,9.0464]]},"properties":{"c":"m","r":""}},{"type":"Feature","geometry":{"type":"LineString","coordinates":[[7.4547,9.0471],[7.455,9.0463]]},"properties":{"c":"t","r":""}},{"type":"Feature","geometry":{"type":"LineString","coordinates":[[7.4535,9.0563],[7.4547,9.0471]]},"properties":{"c":"t","r":""}},{"type":"Feature","geometry":{"type":"LineString","coordinates":[[7.4536,9.0563],[7.4549,9.0471]]},"properties":{"c":"m","r":""}},{"type":"Feature","geometry":{"type":"LineString","coordinates":[[7.4551,9.0472],[7.4539,9.0563]]},"properties":{"c":"m","r":""}},{"type":"Feature","geometry":{"type":"LineString","coordinates":[[7.4553,9.0472],[7.454,9.0563]]},"properties":{"c":"t","r":""}},{"type":"Feature","geometry":{"type":"LineString","coordinates":[[5.1482,6.7524],[5.1235,6.7593]]},"properties":{"c":"t","r":"A121-1"}},{"type":"Feature","geometry":{"type":"LineString","coordinates":[[5.1487,6.7521],[5.1482,6.7524]]},"properties":{"c":"t","r":"A121-1"}},{"type":"Feature","geometry":{"type":"LineString","coordinates":[[5.1481,6.7523],[5.1486,6.752]]},"properties":{"c":"t","r":"A121-1"}},{"type":"Feature","geometry":{"type":"LineString","coordinates":[[5.0371,6.7752],[5.1402,6.7561],[5.1481,6.7523]]},"properties":{"c":"t","r":"A121-1"}},{"type":"Feature","geometry":{"type":"LineString","coordinates":[[5.2967,6.6517],[5.3229,6.6392]]},"properties":{"c":"t","r":"A121-1"}},{"type":"Feature","geometry":{"type":"LineString","coordinates":[[5.2961,6.6521],[5.2967,6.6517]]},"properties":{"c":"t","r":"A121-1"}},{"type":"Feature","geometry":{"type":"LineString","coordinates":[[5.2968,6.6518],[5.2962,6.6522]]},"properties":{"c":"t","r":"A121-1"}},{"type":"Feature","geometry":{"type":"LineString","coordinates":[[5.3229,6.6393],[5.2968,6.6518]]},"properties":{"c":"t","r":"A121-1"}},{"type":"Feature","geometry":{"type":"LineString","coordinates":[[5.3231,6.6391],[5.3386,6.633],[5.3801,6.6075],[5.449,6.5793]]},"properties":{"c":"t","r":"A121-1"}},{"type":"Feature","geometry":{"type":"LineString","coordinates":[[5.3229,6.6392],[5.3231,6.6391]]},"properties":{"c":"t","r":"A121-1"}},{"type":"Feature","geometry":{"type":"LineString","coordinates":[[5.3231,6.6392],[5.3229,6.6393]]},"properties":{"c":"t","r":"A121-1"}},{"type":"Feature","geometry":{"type":"LineString","coordinates":[[5.449,6.5794],[5.3797,6.6078],[5.3392,6.6328],[5.3231,6.6392]]},"properties":{"c":"t","r":"A121-1"}},{"type":"Feature","geometry":{"type":"LineString","coordinates":[[8.5193,8.7961],[8.5193,8.7958]]},"properties":{"c":"t","r":"A3"}},{"type":"Feature","geometry":{"type":"LineString","coordinates":[[8.5396,8.7006],[8.5418,8.7165]]},"properties":{"c":"t","r":"A3"}},{"type":"Feature","geometry":{"type":"LineString","coordinates":[[3.4157,6.7],[3.4156,6.7018]]},"properties":{"c":"m","r":"E1"}},{"type":"Feature","geometry":{"type":"LineString","coordinates":[[3.4156,6.6975],[3.4157,6.7]]},"properties":{"c":"m","r":"E1"}},{"type":"Feature","geometry":{"type":"LineString","coordinates":[[5.8956,8.1368],[5.8956,8.1369]]},"properties":{"c":"t","r":"A123"}},{"type":"Feature","geometry":{"type":"LineString","coordinates":[[5.8956,8.1369],[5.8953,8.1522]]},"properties":{"c":"t","r":"A123"}},{"type":"Feature","geometry":{"type":"LineString","coordinates":[[5.9008,8.0822],[5.9007,8.0825]]},"properties":{"c":"t","r":"A123"}},{"type":"Feature","geometry":{"type":"LineString","coordinates":[[5.9007,8.0825],[5.8932,8.1007],[5.8956,8.1368]]},"properties":{"c":"t","r":"A123"}},{"type":"Feature","geometry":{"type":"LineString","coordinates":[[6.7549,7.9393],[6.7551,7.9396]]},"properties":{"c":"t","r":"A2"}},{"type":"Feature","geometry":{"type":"LineString","coordinates":[[6.7531,7.9007],[6.7488,7.9172],[6.7549,7.9393]]},"properties":{"c":"t","r":"A2"}},{"type":"Feature","geometry":{"type":"LineString","coordinates":[[7.533,6.96],[7.5302,6.9478],[7.5155,6.9197],[7.4823,6.8888],[7.4716,6.8741],[7.4638,6.848],[7.4599,6.8187],[7.4446,6.7994],[7.4342,6.776],[7.4127,6.7465]]},"properties":{"c":"t","r":"A3"}},{"type":"Feature","geometry":{"type":"LineString","coordinates":[[7.4127,6.7465],[7.4114,6.7452]]},"properties":{"c":"t","r":"A3"}},{"type":"Feature","geometry":{"type":"LineString","coordinates":[[8.1027,6.3094],[8.1172,6.3068]]},"properties":{"c":"t","r":"A343"}},{"type":"Feature","geometry":{"type":"LineString","coordinates":[[8.1027,6.3095],[8.1018,6.3099]]},"properties":{"c":"t","r":"A343"}},{"type":"Feature","geometry":{"type":"LineString","coordinates":[[8.1018,6.3099],[8.1003,6.3108]]},"properties":{"c":"t","r":"A343"}},{"type":"Feature","geometry":{"type":"LineString","coordinates":[[8.1018,6.3098],[8.1027,6.3094]]},"properties":{"c":"t","r":"A343"}},{"type":"Feature","geometry":{"type":"LineString","coordinates":[[2.7066,6.3794],[2.712,6.381]]},"properties":{"c":"t","r":"F100"}},{"type":"Feature","geometry":{"type":"LineString","coordinates":[[2.7035,6.3797],[2.7026,6.3791]]},"properties":{"c":"t","r":"RNIE 1 T"}},{"type":"Feature","geometry":{"type":"LineString","coordinates":[[2.7026,6.379],[2.704,6.3793]]},"properties":{"c":"t","r":"RNIE 1 T"}},{"type":"Feature","geometry":{"type":"LineString","coordinates":[[7.0289,5.491],[7.0287,5.491]]},"properties":{"c":"t","r":"A6"}},{"type":"Feature","geometry":{"type":"LineString","coordinates":[[7.0286,5.4908],[7.0289,5.4908]]},"properties":{"c":"t","r":"A6"}},{"type":"Feature","geometry":{"type":"LineString","coordinates":[[3.5628,6.4663],[3.565,6.4678]]},"properties":{"c":"t","r":""}},{"type":"Feature","geometry":{"type":"LineString","coordinates":[[3.5627,6.4664],[3.5618,6.4659]]},"properties":{"c":"t","r":""}},{"type":"Feature","geometry":{"type":"LineString","coordinates":[[3.5663,6.4685],[3.5687,6.4689]]},"properties":{"c":"t","r":""}},{"type":"Feature","geometry":{"type":"LineString","coordinates":[[3.5662,6.4686],[3.565,6.4678]]},"properties":{"c":"t","r":""}},{"type":"Feature","geometry":{"type":"LineString","coordinates":[[7.5422,6.4598],[7.5424,6.4601]]},"properties":{"c":"t","r":"A343"}},{"type":"Feature","geometry":{"type":"LineString","coordinates":[[7.539,6.46],[7.5394,6.4597]]},"properties":{"c":"t","r":"A343"}},{"type":"Feature","geometry":{"type":"LineString","coordinates":[[5.446,10.3999],[5.4443,10.3995]]},"properties":{"c":"t","r":"A1"}},{"type":"Feature","geometry":{"type":"LineString","coordinates":[[5.4443,10.3995],[5.446,10.3998]]},"properties":{"c":"t","r":"A1"}},{"type":"Feature","geometry":{"type":"LineString","coordinates":[[4.5561,7.7437],[4.5552,7.7435]]},"properties":{"c":"t","r":""}},{"type":"Feature","geometry":{"type":"LineString","coordinates":[[4.5736,7.745],[4.5561,7.7437]]},"properties":{"c":"t","r":""}},{"type":"Feature","geometry":{"type":"LineString","coordinates":[[4.5552,7.7434],[4.5561,7.7436]]},"properties":{"c":"t","r":""}},{"type":"Feature","geometry":{"type":"LineString","coordinates":[[4.5485,7.7453],[4.5552,7.7434]]},"properties":{"c":"t","r":""}},{"type":"Feature","geometry":{"type":"LineString","coordinates":[[4.5561,7.7436],[4.5736,7.7449]]},"properties":{"c":"t","r":""}},{"type":"Feature","geometry":{"type":"LineString","coordinates":[[3.3654,6.4557],[3.3661,6.4542]]},"properties":{"c":"m","r":"A1"}},{"type":"Feature","geometry":{"type":"LineString","coordinates":[[3.3655,6.4557],[3.365,6.4568]]},"properties":{"c":"m","r":"A1"}},{"type":"Feature","geometry":{"type":"LineString","coordinates":[[7.418,9.0091],[7.4178,9.0089]]},"properties":{"c":"m","r":""}},{"type":"Feature","geometry":{"type":"LineString","coordinates":[[7.4171,9.0078],[7.4173,9.008]]},"properties":{"c":"m","r":""}},{"type":"Feature","geometry":{"type":"LineString","coordinates":[[7.4536,9.0752],[7.4514,9.0676]]},"properties":{"c":"t","r":""}},{"type":"Feature","geometry":{"type":"LineString","coordinates":[[7.4541,9.0749],[7.4598,9.0802]]},"properties":{"c":"t","r":""}},{"type":"Feature","geometry":{"type":"LineString","coordinates":[[7.2751,8.9485],[7.291,8.9434]]},"properties":{"c":"t","r":""}},{"type":"Feature","geometry":{"type":"LineString","coordinates":[[7.2752,8.9491],[7.2741,8.9495]]},"properties":{"c":"t","r":""}},{"type":"Feature","geometry":{"type":"LineString","coordinates":[[7.2473,8.9601],[7.246,8.9607]]},"properties":{"c":"t","r":""}},{"type":"Feature","geometry":{"type":"LineString","coordinates":[[7.2475,8.9594],[7.2545,8.9564]]},"properties":{"c":"t","r":""}},{"type":"Feature","geometry":{"type":"LineString","coordinates":[[7.5697,9.0227],[7.5922,9.03]]},"properties":{"c":"t","r":"A234"}},{"type":"Feature","geometry":{"type":"LineString","coordinates":[[3.4695,6.6193],[3.4687,6.619]]},"properties":{"c":"t","r":"A1"}},{"type":"Feature","geometry":{"type":"LineString","coordinates":[[3.4703,6.6197],[3.4695,6.6193]]},"properties":{"c":"t","r":"A1"}},{"type":"Feature","geometry":{"type":"LineString","coordinates":[[3.4687,6.619],[3.4679,6.6188]]},"properties":{"c":"t","r":"A1"}},{"type":"Feature","geometry":{"type":"LineString","coordinates":[[3.4695,6.6192],[3.4706,6.6196]]},"properties":{"c":"t","r":"A1"}},{"type":"Feature","geometry":{"type":"LineString","coordinates":[[3.4688,6.6189],[3.4695,6.6192]]},"properties":{"c":"t","r":"A1"}},{"type":"Feature","geometry":{"type":"LineString","coordinates":[[3.4682,6.6187],[3.4688,6.6189]]},"properties":{"c":"t","r":"A1"}},{"type":"Feature","geometry":{"type":"LineString","coordinates":[[3.4067,6.6057],[3.4065,6.6056]]},"properties":{"c":"t","r":"A1"}},{"type":"Feature","geometry":{"type":"LineString","coordinates":[[3.4074,6.6067],[3.4067,6.6057]]},"properties":{"c":"t","r":"A1"}},{"type":"Feature","geometry":{"type":"LineString","coordinates":[[3.4065,6.6056],[3.4056,6.6045]]},"properties":{"c":"t","r":"A1"}},{"type":"Feature","geometry":{"type":"LineString","coordinates":[[3.4067,6.6054],[3.4068,6.6056]]},"properties":{"c":"t","r":"A1"}},{"type":"Feature","geometry":{"type":"LineString","coordinates":[[3.4068,6.6056],[3.4074,6.6062]]},"properties":{"c":"t","r":"A1"}},{"type":"Feature","geometry":{"type":"LineString","coordinates":[[3.4057,6.6043],[3.4067,6.6054]]},"properties":{"c":"t","r":"A1"}},{"type":"Feature","geometry":{"type":"LineString","coordinates":[[7.2391,8.9636],[7.2307,8.9674]]},"properties":{"c":"t","r":""}},{"type":"Feature","geometry":{"type":"LineString","coordinates":[[7.2306,8.9672],[7.239,8.9635]]},"properties":{"c":"t","r":""}},{"type":"Feature","geometry":{"type":"LineString","coordinates":[[7.2599,8.9544],[7.2683,8.9512]]},"properties":{"c":"t","r":""}},{"type":"Feature","geometry":{"type":"LineString","coordinates":[[4.4886,11.6958],[4.4871,11.6789],[4.4917,11.6676]]},"properties":{"c":"t","r":"A1"}},{"type":"Feature","geometry":{"type":"LineString","coordinates":[[8.0432,6.3648],[8.0434,6.3646]]},"properties":{"c":"t","r":"A343"}},{"type":"Feature","geometry":{"type":"LineString","coordinates":[[8.0434,6.3646],[8.0577,6.3509]]},"properties":{"c":"t","r":"A343"}},{"type":"Feature","geometry":{"type":"LineString","coordinates":[[8.0435,6.3647],[8.0433,6.3649]]},"properties":{"c":"t","r":"A343"}},{"type":"Feature","geometry":{"type":"LineString","coordinates":[[8.0578,6.351],[8.0435,6.3647]]},"properties":{"c":"t","r":"A343"}},{"type":"Feature","geometry":{"type":"LineString","coordinates":[[8.0092,6.3856],[8.0284,6.3781],[8.0432,6.3648]]},"properties":{"c":"t","r":"A343"}},{"type":"Feature","geometry":{"type":"LineString","coordinates":[[7.9753,6.3959],[8.0092,6.3856]]},"properties":{"c":"t","r":"A343"}},{"type":"Feature","geometry":{"type":"LineString","coordinates":[[8.5611,6.5008],[8.5616,6.501]]},"properties":{"c":"t","r":"A343"}},{"type":"Feature","geometry":{"type":"LineString","coordinates":[[8.5615,6.5013],[8.5611,6.5008]]},"properties":{"c":"t","r":"A343"}},{"type":"Feature","geometry":{"type":"LineString","coordinates":[[8.5614,6.5012],[8.5614,6.5012]]},"properties":{"c":"t","r":""}},{"type":"Feature","geometry":{"type":"LineString","coordinates":[[6.2554,6.799],[6.2397,6.7852],[6.232,6.7595],[6.2146,6.7381],[6.1751,6.7338],[6.1575,6.7354]]},"properties":{"c":"t","r":"A2"}},{"type":"Feature","geometry":{"type":"LineString","coordinates":[[11.128,8.4888],[11.1282,8.4891]]},"properties":{"c":"t","r":"A12"}},{"type":"Feature","geometry":{"type":"LineString","coordinates":[[11.1236,8.4798],[11.128,8.4888]]},"properties":{"c":"t","r":"A12"}},{"type":"Feature","geometry":{"type":"LineString","coordinates":[[11.1544,8.5413],[11.1547,8.5418]]},"properties":{"c":"t","r":"A12"}},{"type":"Feature","geometry":{"type":"LineString","coordinates":[[11.1536,8.54],[11.1544,8.5413]]},"properties":{"c":"t","r":"A12"}},{"type":"Feature","geometry":{"type":"LineString","coordinates":[[11.2194,8.5838],[11.2242,8.5984],[11.2382,8.608]]},"properties":{"c":"t","r":"A12"}},{"type":"Feature","geometry":{"type":"LineString","coordinates":[[11.2193,8.5833],[11.2194,8.5838]]},"properties":{"c":"t","r":"A12"}},{"type":"Feature","geometry":{"type":"LineString","coordinates":[[8.8795,9.8919],[8.8807,9.8931]]},"properties":{"c":"t","r":"A236"}},{"type":"Feature","geometry":{"type":"LineString","coordinates":[[8.8806,9.8932],[8.8794,9.8919]]},"properties":{"c":"t","r":"A236"}},{"type":"Feature","geometry":{"type":"LineString","coordinates":[[8.8786,9.8913],[8.8786,9.8913]]},"properties":{"c":"t","r":""}},{"type":"Feature","geometry":{"type":"LineString","coordinates":[[8.8791,9.8911],[8.8804,9.891]]},"properties":{"c":"t","r":"A3"}},{"type":"Feature","geometry":{"type":"LineString","coordinates":[[8.8804,9.8911],[8.8792,9.8912]]},"properties":{"c":"t","r":"A3"}},{"type":"Feature","geometry":{"type":"LineString","coordinates":[[8.8743,9.8844],[8.8743,9.8844]]},"properties":{"c":"t","r":""}},{"type":"Feature","geometry":{"type":"LineString","coordinates":[[8.8744,9.8843],[8.879,9.891]]},"properties":{"c":"t","r":"A3"}},{"type":"Feature","geometry":{"type":"LineString","coordinates":[[8.8786,9.8913],[8.8743,9.8844]]},"properties":{"c":"t","r":"A3"}},{"type":"Feature","geometry":{"type":"LineString","coordinates":[[8.8659,9.8124],[8.8659,9.8124]]},"properties":{"c":"t","r":""}},{"type":"Feature","geometry":{"type":"LineString","coordinates":[[8.8656,9.8178],[8.8659,9.8126]]},"properties":{"c":"t","r":"A3"}},{"type":"Feature","geometry":{"type":"LineString","coordinates":[[8.8661,9.8126],[8.8657,9.8178]]},"properties":{"c":"t","r":"A3"}},{"type":"Feature","geometry":{"type":"LineString","coordinates":[[8.8596,9.801],[8.8596,9.801]]},"properties":{"c":"t","r":""}},{"type":"Feature","geometry":{"type":"LineString","coordinates":[[8.8659,9.8124],[8.8597,9.8011]]},"properties":{"c":"t","r":"A3"}},{"type":"Feature","geometry":{"type":"LineString","coordinates":[[8.8598,9.8011],[8.8661,9.8123]]},"properties":{"c":"t","r":"A3"}},{"type":"Feature","geometry":{"type":"LineString","coordinates":[[8.8742,9.8841],[8.8735,9.8767]]},"properties":{"c":"t","r":"A3"}},{"type":"Feature","geometry":{"type":"LineString","coordinates":[[8.8737,9.8767],[8.8744,9.8841]]},"properties":{"c":"t","r":"A3"}},{"type":"Feature","geometry":{"type":"LineString","coordinates":[[8.8735,9.8764],[8.8735,9.8764]]},"properties":{"c":"t","r":""}},{"type":"Feature","geometry":{"type":"LineString","coordinates":[[8.8682,9.862],[8.8682,9.862]]},"properties":{"c":"t","r":""}},{"type":"Feature","geometry":{"type":"LineString","coordinates":[[8.8735,9.8764],[8.8684,9.8622]]},"properties":{"c":"t","r":"A3"}},{"type":"Feature","geometry":{"type":"LineString","coordinates":[[8.8685,9.8621],[8.8736,9.8764]]},"properties":{"c":"t","r":"A3"}},{"type":"Feature","geometry":{"type":"LineString","coordinates":[[8.8672,9.8494],[8.8672,9.8494]]},"properties":{"c":"t","r":""}},{"type":"Feature","geometry":{"type":"LineString","coordinates":[[8.8682,9.862],[8.8672,9.8496]]},"properties":{"c":"t","r":"A3"}},{"type":"Feature","geometry":{"type":"LineString","coordinates":[[8.8674,9.8496],[8.866,9.8573],[8.8684,9.8619]]},"properties":{"c":"t","r":"A3"}},{"type":"Feature","geometry":{"type":"LineString","coordinates":[[8.8603,9.7821],[8.8603,9.7821]]},"properties":{"c":"t","r":""}},{"type":"Feature","geometry":{"type":"LineString","coordinates":[[8.8596,9.8009],[8.8587,9.7874]]},"properties":{"c":"t","r":"A3"}},{"type":"Feature","geometry":{"type":"LineString","coordinates":[[8.8588,9.7874],[8.8597,9.8009]]},"properties":{"c":"t","r":"A3"}},{"type":"Feature","geometry":{"type":"LineString","coordinates":[[8.8586,9.7873],[8.8586,9.7873]]},"properties":{"c":"t","r":""}},{"type":"Feature","geometry":{"type":"LineString","coordinates":[[8.8604,9.7822],[8.8588,9.7872]]},"properties":{"c":"t","r":"A3"}},{"type":"Feature","geometry":{"type":"LineString","coordinates":[[8.8586,9.7872],[8.8603,9.7821]]},"properties":{"c":"t","r":"A3"}},{"type":"Feature","geometry":{"type":"LineString","coordinates":[[8.8602,9.7692],[8.8602,9.7692]]},"properties":{"c":"t","r":""}},{"type":"Feature","geometry":{"type":"LineString","coordinates":[[8.8603,9.7692],[8.8606,9.782]]},"properties":{"c":"t","r":"A3"}},{"type":"Feature","geometry":{"type":"LineString","coordinates":[[8.8603,9.782],[8.8602,9.7692]]},"properties":{"c":"t","r":"A3"}},{"type":"Feature","geometry":{"type":"LineString","coordinates":[[8.8594,9.7608],[8.8594,9.7608]]},"properties":{"c":"t","r":""}},{"type":"Feature","geometry":{"type":"LineString","coordinates":[[8.8601,9.7689],[8.8594,9.761]]},"properties":{"c":"t","r":"A3"}},{"type":"Feature","geometry":{"type":"LineString","coordinates":[[8.8596,9.761],[8.8603,9.769]]},"properties":{"c":"t","r":"A3"}},{"type":"Feature","geometry":{"type":"LineString","coordinates":[[6.8606,5.8691],[6.8677,5.8797],[6.8748,5.9013],[6.8669,5.9144],[6.8599,5.918]]},"properties":{"c":"t","r":"A6"}},{"type":"Feature","geometry":{"type":"LineString","coordinates":[[6.8582,5.9216],[6.86,5.9178]]},"properties":{"c":"t","r":"A6"}},{"type":"Feature","geometry":{"type":"LineString","coordinates":[[11.1402,11.6952],[11.138,11.6888],[11.1308,11.6842],[11.0916,11.6743]]},"properties":{"c":"t","r":""}},{"type":"Feature","geometry":{"type":"LineString","coordinates":[[3.3215,6.5633],[3.3214,6.5689]]},"properties":{"c":"m","r":"F269"}},{"type":"Feature","geometry":{"type":"LineString","coordinates":[[3.3214,6.5711],[3.3214,6.5748]]},"properties":{"c":"t","r":"F269"}},{"type":"Feature","geometry":{"type":"LineString","coordinates":[[3.3211,6.5689],[3.3212,6.5633]]},"properties":{"c":"m","r":"F269"}},{"type":"Feature","geometry":{"type":"LineString","coordinates":[[3.321,6.5749],[3.3211,6.571]]},"properties":{"c":"t","r":"F269"}},{"type":"Feature","geometry":{"type":"LineString","coordinates":[[7.524,9.0569],[7.5243,9.0578]]},"properties":{"c":"m","r":"A234"}},{"type":"Feature","geometry":{"type":"LineString","coordinates":[[7.5174,9.0488],[7.5233,9.0548]]},"properties":{"c":"m","r":"A234"}},{"type":"Feature","geometry":{"type":"LineString","coordinates":[[7.5242,9.0579],[7.5238,9.057]]},"properties":{"c":"m","r":"A234"}},{"type":"Feature","geometry":{"type":"LineString","coordinates":[[7.5927,9.03],[7.5696,9.0229]]},"properties":{"c":"t","r":"A234"}},{"type":"Feature","geometry":{"type":"LineString","coordinates":[[7.4936,9.0344],[7.4954,9.0378]]},"properties":{"c":"m","r":""}},{"type":"Feature","geometry":{"type":"LineString","coordinates":[[7.4846,9.0293],[7.4934,9.0339]]},"properties":{"c":"m","r":""}},{"type":"Feature","geometry":{"type":"LineString","coordinates":[[7.4932,9.034],[7.4846,9.0295]]},"properties":{"c":"m","r":""}},{"type":"Feature","geometry":{"type":"LineString","coordinates":[[7.4575,9.0427],[7.4575,9.0428]]},"properties":{"c":"m","r":""}},{"type":"Feature","geometry":{"type":"LineString","coordinates":[[7.4518,9.035],[7.4508,9.0358]]},"properties":{"c":"m","r":""}},{"type":"Feature","geometry":{"type":"LineString","coordinates":[[7.5026,9.0289],[7.502,9.0275]]},"properties":{"c":"t","r":""}},{"type":"Feature","geometry":{"type":"LineString","coordinates":[[7.5168,9.0485],[7.5174,9.0488]]},"properties":{"c":"m","r":"A234"}},{"type":"Feature","geometry":{"type":"LineString","coordinates":[[7.5162,9.0483],[7.5154,9.0477]]},"properties":{"c":"m","r":""}},{"type":"Feature","geometry":{"type":"LineString","coordinates":[[7.507,9.0387],[7.5114,9.0437]]},"properties":{"c":"m","r":""}},{"type":"Feature","geometry":{"type":"LineString","coordinates":[[11.1402,11.6952],[11.1402,11.6952]]},"properties":{"c":"t","r":""}},{"type":"Feature","geometry":{"type":"LineString","coordinates":[[11.0918,11.6741],[11.132,11.6845],[11.1384,11.689],[11.1404,11.6952]]},"properties":{"c":"t","r":""}},{"type":"Feature","geometry":{"type":"LineString","coordinates":[[11.0683,11.6714],[11.0818,11.6708],[11.0913,11.6739]]},"properties":{"c":"t","r":""}},{"type":"Feature","geometry":{"type":"LineString","coordinates":[[11.047,11.6728],[11.0507,11.6897],[11.0692,11.6988]]},"properties":{"c":"t","r":"A3"}},{"type":"Feature","geometry":{"type":"LineString","coordinates":[[11.0912,11.6741],[11.0837,11.6712],[11.0683,11.6716]]},"properties":{"c":"t","r":""}},{"type":"Feature","geometry":{"type":"LineString","coordinates":[[11.047,11.6725],[11.047,11.6728]]},"properties":{"c":"t","r":"A3"}},{"type":"Feature","geometry":{"type":"LineString","coordinates":[[11.047,11.6728],[11.0468,11.6725]]},"properties":{"c":"t","r":"A3"}},{"type":"Feature","geometry":{"type":"LineString","coordinates":[[11.0468,11.6717],[11.047,11.672]]},"properties":{"c":"t","r":"A3"}},{"type":"Feature","geometry":{"type":"LineString","coordinates":[[11.0467,11.672],[11.0468,11.6717]]},"properties":{"c":"t","r":"A3"}},{"type":"Feature","geometry":{"type":"LineString","coordinates":[[11.0472,11.6724],[11.0472,11.6724]]},"properties":{"c":"t","r":""}},{"type":"Feature","geometry":{"type":"LineString","coordinates":[[7.4546,9.0421],[7.4544,9.0421]]},"properties":{"c":"m","r":""}},{"type":"Feature","geometry":{"type":"LineString","coordinates":[[7.4563,9.0426],[7.4546,9.0421]]},"properties":{"c":"m","r":""}},{"type":"Feature","geometry":{"type":"LineString","coordinates":[[7.4547,9.042],[7.4565,9.0424]]},"properties":{"c":"m","r":""}},{"type":"Feature","geometry":{"type":"LineString","coordinates":[[7.4544,9.0419],[7.4547,9.042]]},"properties":{"c":"m","r":""}},{"type":"Feature","geometry":{"type":"LineString","coordinates":[[6.7295,6.1422],[6.7344,6.1304],[6.7396,6.1266]]},"properties":{"c":"t","r":""}},{"type":"Feature","geometry":{"type":"LineString","coordinates":[[6.7491,6.1224],[6.7623,6.1166]]},"properties":{"c":"t","r":""}},{"type":"Feature","geometry":{"type":"LineString","coordinates":[[6.766,6.115],[6.7791,6.1119],[6.7959,6.0943],[6.8069,6.0946]]},"properties":{"c":"t","r":""}},{"type":"Feature","geometry":{"type":"LineString","coordinates":[[8.4498,12.0799],[8.4287,12.0927],[8.3936,12.1321],[8.3592,12.1617],[8.3437,12.1674],[8.2467,12.2305]]},"properties":{"c":"t","r":"A9"}},{"type":"Feature","geometry":{"type":"LineString","coordinates":[[8.2466,12.2304],[8.3413,12.1687],[8.3587,12.1619],[8.3924,12.1331],[8.4283,12.093],[8.4498,12.0799]]},"properties":{"c":"t","r":"A9"}},{"type":"Feature","geometry":{"type":"LineString","coordinates":[[7.435,5.622],[7.4355,5.6215]]},"properties":{"c":"t","r":"A3-1"}},{"type":"Feature","geometry":{"type":"LineString","coordinates":[[7.4357,5.6218],[7.4352,5.6222]]},"properties":{"c":"t","r":"A3-1"}},{"type":"Feature","geometry":{"type":"LineString","coordinates":[[7.4606,5.5373],[7.4489,5.5662],[7.4497,5.5819],[7.4431,5.5933],[7.4426,5.6113],[7.4357,5.6218]]},"properties":{"c":"t","r":"A3-1"}},{"type":"Feature","geometry":{"type":"LineString","coordinates":[[7.4355,5.6215],[7.4425,5.6109],[7.4428,5.5937],[7.4497,5.5807],[7.4486,5.5668],[7.4604,5.5373]]},"properties":{"c":"t","r":"A3-1"}},{"type":"Feature","geometry":{"type":"LineString","coordinates":[[8.2467,12.2305],[8.2456,12.2312]]},"properties":{"c":"t","r":"A9"}},{"type":"Feature","geometry":{"type":"LineString","coordinates":[[8.2456,12.2312],[8.2466,12.2304]]},"properties":{"c":"t","r":"A9"}},{"type":"Feature","geometry":{"type":"LineString","coordinates":[[7.0078,4.8031],[7.0097,4.8069]]},"properties":{"c":"t","r":"A3"}},{"type":"Feature","geometry":{"type":"LineString","coordinates":[[7.0077,4.8031],[7.0061,4.7997]]},"properties":{"c":"t","r":"A3"}},{"type":"Feature","geometry":{"type":"LineString","coordinates":[[6.86,5.8167],[6.8689,5.7792]]},"properties":{"c":"t","r":"A6"}},{"type":"Feature","geometry":{"type":"LineString","coordinates":[[6.7869,8.1645],[6.7984,8.1987],[6.8228,8.2302],[6.8227,8.2472],[6.8301,8.2604]]},"properties":{"c":"t","r":"A2"}},{"type":"Feature","geometry":{"type":"LineString","coordinates":[[4.9136,9.2422],[4.9141,9.2428]]},"properties":{"c":"t","r":"A1"}},{"type":"Feature","geometry":{"type":"LineString","coordinates":[[4.9141,9.2428],[4.9157,9.2436]]},"properties":{"c":"t","r":"A1"}},{"type":"Feature","geometry":{"type":"LineString","coordinates":[[4.914,9.2429],[4.9135,9.2423]]},"properties":{"c":"t","r":"A1"}},{"type":"Feature","geometry":{"type":"LineString","coordinates":[[4.9157,9.2436],[4.914,9.2429]]},"properties":{"c":"t","r":"A1"}},{"type":"Feature","geometry":{"type":"LineString","coordinates":[[4.9135,9.2423],[4.9119,9.2417]]},"properties":{"c":"t","r":"A1"}},{"type":"Feature","geometry":{"type":"LineString","coordinates":[[4.9119,9.2417],[4.9136,9.2422]]},"properties":{"c":"t","r":"A1"}},{"type":"Feature","geometry":{"type":"LineString","coordinates":[[4.8808,9.2223],[4.8966,9.2358],[4.9119,9.2417]]},"properties":{"c":"t","r":"A1"}},{"type":"Feature","geometry":{"type":"LineString","coordinates":[[4.6454,8.5457],[4.6088,8.5329]]},"properties":{"c":"t","r":"A1"}},{"type":"Feature","geometry":{"type":"LineString","coordinates":[[4.6014,8.5282],[4.6088,8.5328]]},"properties":{"c":"t","r":"A1"}},{"type":"Feature","geometry":{"type":"LineString","coordinates":[[4.6088,8.5328],[4.6454,8.5457]]},"properties":{"c":"t","r":"A1"}},{"type":"Feature","geometry":{"type":"LineString","coordinates":[[8.8336,5.8385],[8.839,5.8245]]},"properties":{"c":"t","r":"N6"}},{"type":"Feature","geometry":{"type":"LineString","coordinates":[[8.8335,5.8393],[8.8336,5.8385]]},"properties":{"c":"t","r":"N6"}},{"type":"Feature","geometry":{"type":"LineString","coordinates":[[7.7126,5.1798],[7.7113,5.1809]]},"properties":{"c":"t","r":"A342"}},{"type":"Feature","geometry":{"type":"LineString","coordinates":[[7.7399,5.1593],[7.7433,5.1575]]},"properties":{"c":"t","r":"A342"}},{"type":"Feature","geometry":{"type":"LineString","coordinates":[[7.7433,5.1575],[7.7565,5.1484],[7.7788,5.1225]]},"properties":{"c":"t","r":"A342"}},{"type":"Feature","geometry":{"type":"LineString","coordinates":[[7.7434,5.1576],[7.7401,5.1596]]},"properties":{"c":"t","r":"A342"}},{"type":"Feature","geometry":{"type":"LineString","coordinates":[[7.7396,5.1593],[7.7396,5.1593]]},"properties":{"c":"t","r":"A342"}},{"type":"Feature","geometry":{"type":"LineString","coordinates":[[7.718,5.1723],[7.7394,5.1597]]},"properties":{"c":"t","r":"A342"}},{"type":"Feature","geometry":{"type":"LineString","coordinates":[[7.7396,5.1599],[7.7183,5.1724]]},"properties":{"c":"t","r":"A342"}},{"type":"Feature","geometry":{"type":"LineString","coordinates":[[7.4951,9.0379],[7.4934,9.0345]]},"properties":{"c":"m","r":""}},{"type":"Feature","geometry":{"type":"LineString","coordinates":[[3.3037,6.65],[3.2898,6.663],[3.2828,6.6635],[3.2722,6.6704],[3.269,6.6819],[3.259,6.6908]]},"properties":{"c":"t","r":"A5"}},{"type":"Feature","geometry":{"type":"LineString","coordinates":[[3.3036,6.6499],[3.3059,6.6482]]},"properties":{"c":"t","r":"A5"}},{"type":"Feature","geometry":{"type":"LineString","coordinates":[[3.3059,6.6482],[3.306,6.6478]]},"properties":{"c":"t","r":"A5"}},{"type":"Feature","geometry":{"type":"LineString","coordinates":[[3.3059,6.6482],[3.3037,6.65]]},"properties":{"c":"t","r":"A5"}},{"type":"Feature","geometry":{"type":"LineString","coordinates":[[3.3061,6.6478],[3.3059,6.6482]]},"properties":{"c":"t","r":"A5"}},{"type":"Feature","geometry":{"type":"LineString","coordinates":[[3.306,6.6478],[3.3056,6.6444]]},"properties":{"c":"t","r":"A5"}},{"type":"Feature","geometry":{"type":"LineString","coordinates":[[3.3056,6.6444],[3.2983,6.6259]]},"properties":{"c":"t","r":"A5"}},{"type":"Feature","geometry":{"type":"LineString","coordinates":[[3.3057,6.6444],[3.3061,6.6478]]},"properties":{"c":"t","r":"A5"}},{"type":"Feature","geometry":{"type":"LineString","coordinates":[[3.3429,6.5773],[3.357,6.5427],[3.3523,6.5346],[3.3539,6.5282],[3.363,6.5232],[3.3652,6.5167]]},"properties":{"c":"t","r":"A5"}},{"type":"Feature","geometry":{"type":"LineString","coordinates":[[3.8104,7.2232],[3.8103,7.2229]]},"properties":{"c":"m","r":"E1"}},{"type":"Feature","geometry":{"type":"LineString","coordinates":[[3.8287,7.2481],[3.8177,7.2391],[3.8125,7.2304]]},"properties":{"c":"m","r":"E1"}},{"type":"Feature","geometry":{"type":"LineString","coordinates":[[3.8106,7.2231],[3.8127,7.2303]]},"properties":{"c":"m","r":"E1"}},{"type":"Feature","geometry":{"type":"LineString","coordinates":[[3.8105,7.2229],[3.8106,7.2231]]},"properties":{"c":"m","r":"E1"}},{"type":"Feature","geometry":{"type":"LineString","coordinates":[[4.0598,7.3475],[4.047,7.3348],[4.0173,7.3161]]},"properties":{"c":"t","r":""}},{"type":"Feature","geometry":{"type":"LineString","coordinates":[[3.8727,7.3425],[3.8767,7.345]]},"properties":{"c":"t","r":"A1"}},{"type":"Feature","geometry":{"type":"LineString","coordinates":[[3.8711,7.3401],[3.8727,7.3425]]},"properties":{"c":"t","r":"A1"}},{"type":"Feature","geometry":{"type":"LineString","coordinates":[[3.8684,7.3322],[3.8693,7.3333]]},"properties":{"c":"t","r":"A1"}},{"type":"Feature","geometry":{"type":"LineString","coordinates":[[3.8692,7.3333],[3.8682,7.3322]]},"properties":{"c":"t","r":"A1"}},{"type":"Feature","geometry":{"type":"LineString","coordinates":[[3.8693,7.3333],[3.8711,7.3401]]},"properties":{"c":"t","r":"A1"}},{"type":"Feature","geometry":{"type":"LineString","coordinates":[[7.3981,10.3959],[7.3981,10.3958]]},"properties":{"c":"t","r":""}},{"type":"Feature","geometry":{"type":"LineString","coordinates":[[3.565,6.4678],[3.5627,6.4664]]},"properties":{"c":"t","r":""}},{"type":"Feature","geometry":{"type":"LineString","coordinates":[[3.565,6.4678],[3.5663,6.4685]]},"properties":{"c":"t","r":""}},{"type":"Feature","geometry":{"type":"LineString","coordinates":[[3.5687,6.4689],[3.5705,6.469]]},"properties":{"c":"t","r":""}},{"type":"Feature","geometry":{"type":"LineString","coordinates":[[3.57,6.4691],[3.5686,6.469]]},"properties":{"c":"t","r":""}},{"type":"Feature","geometry":{"type":"LineString","coordinates":[[7.6878,12.8149],[7.6972,12.7958],[7.71,12.7296],[7.7324,12.6661],[7.733,12.647],[7.752,12.629],[7.7821,12.6102]]},"properties":{"c":"t","r":"A9"}},{"type":"Feature","geometry":{"type":"LineString","coordinates":[[7.6876,12.8153],[7.6878,12.8149]]},"properties":{"c":"t","r":"A9"}},{"type":"Feature","geometry":{"type":"LineString","coordinates":[[2.7023,6.3787],[2.7023,6.3787]]},"properties":{"c":"t","r":""}},{"type":"Feature","geometry":{"type":"LineString","coordinates":[[2.7065,6.3797],[2.7065,6.3797]]},"properties":{"c":"t","r":"RNIE 1 T"}},{"type":"Feature","geometry":{"type":"LineString","coordinates":[[2.7045,6.3794],[2.7062,6.3796]]},"properties":{"c":"t","r":"RNIE 1 T"}},{"type":"Feature","geometry":{"type":"LineString","coordinates":[[2.704,6.3793],[2.7045,6.3794]]},"properties":{"c":"t","r":"RNIE 1 T"}},{"type":"Feature","geometry":{"type":"LineString","coordinates":[[2.7039,6.3797],[2.7035,6.3797]]},"properties":{"c":"t","r":"RNIE 1 T"}},{"type":"Feature","geometry":{"type":"LineString","coordinates":[[2.7063,6.3797],[2.7039,6.3797]]},"properties":{"c":"t","r":"RNIE 1 T"}},{"type":"Feature","geometry":{"type":"LineString","coordinates":[[7.081,9.2687],[7.0873,9.272],[7.1047,9.2705],[7.1135,9.2753],[7.124,9.2748],[7.1336,9.2724],[7.1527,9.2586]]},"properties":{"c":"t","r":""}},{"type":"Feature","geometry":{"type":"LineString","coordinates":[[4.1435,8.048],[4.1598,8.0608],[4.1719,8.0645],[4.181,8.0816],[4.2323,8.127]]},"properties":{"c":"t","r":"A1"}},{"type":"Feature","geometry":{"type":"LineString","coordinates":[[4.1434,8.0479],[4.1435,8.048]]},"properties":{"c":"t","r":"A1"}},{"type":"Feature","geometry":{"type":"LineString","coordinates":[[13.9297,12.0486],[13.9362,12.0529]]},"properties":{"c":"t","r":"A3"}},{"type":"Feature","geometry":{"type":"LineString","coordinates":[[13.9295,12.0485],[13.9297,12.0486]]},"properties":{"c":"t","r":"A3"}},{"type":"Feature","geometry":{"type":"LineString","coordinates":[[13.8918,12.0302],[13.9295,12.0485]]},"properties":{"c":"t","r":"A3"}},{"type":"Feature","geometry":{"type":"LineString","coordinates":[[13.8916,12.0301],[13.8918,12.0302]]},"properties":{"c":"t","r":"A3"}},{"type":"Feature","geometry":{"type":"LineString","coordinates":[[3.2703,6.4578],[3.2687,6.4576]]},"properties":{"c":"m","r":"F100"}},{"type":"Feature","geometry":{"type":"LineString","coordinates":[[3.2687,6.4576],[3.2494,6.4554],[3.2297,6.4602]]},"properties":{"c":"m","r":"F100"}},{"type":"Feature","geometry":{"type":"LineString","coordinates":[[3.2738,6.4583],[3.2729,6.4581]]},"properties":{"c":"m","r":"F100"}},{"type":"Feature","geometry":{"type":"LineString","coordinates":[[3.2738,6.4579],[3.3058,6.4598]]},"properties":{"c":"m","r":"F100"}},{"type":"Feature","geometry":{"type":"LineString","coordinates":[[3.2686,6.4572],[3.2703,6.4574]]},"properties":{"c":"m","r":"F100"}},{"type":"Feature","geometry":{"type":"LineString","coordinates":[[3.3466,6.479],[3.3448,6.4785]]},"properties":{"c":"m","r":"F100"}},{"type":"Feature","geometry":{"type":"LineString","coordinates":[[3.3446,6.4784],[3.339,6.4748]]},"properties":{"c":"m","r":"F100"}},{"type":"Feature","geometry":{"type":"LineString","coordinates":[[3.3448,6.4785],[3.3446,6.4784]]},"properties":{"c":"m","r":"F100"}},{"type":"Feature","geometry":{"type":"LineString","coordinates":[[3.3382,6.4743],[3.3332,6.471]]},"properties":{"c":"m","r":"F100"}},{"type":"Feature","geometry":{"type":"LineString","coordinates":[[3.3332,6.471],[3.3187,6.4607],[3.3072,6.4602]]},"properties":{"c":"m","r":"F100"}},{"type":"Feature","geometry":{"type":"LineString","coordinates":[[3.8681,7.3317],[3.8681,7.3317]]},"properties":{"c":"t","r":"A1"}},{"type":"Feature","geometry":{"type":"LineString","coordinates":[[3.8681,7.3317],[3.8681,7.3318]]},"properties":{"c":"t","r":"A1"}},{"type":"Feature","geometry":{"type":"LineString","coordinates":[[3.8681,7.3316],[3.8681,7.3317]]},"properties":{"c":"t","r":"A1"}},{"type":"Feature","geometry":{"type":"LineString","coordinates":[[3.868,7.3317],[3.8681,7.3316]]},"properties":{"c":"t","r":"A1"}},{"type":"Feature","geometry":{"type":"LineString","coordinates":[[3.868,7.3317],[3.868,7.3317]]},"properties":{"c":"t","r":"A1"}},{"type":"Feature","geometry":{"type":"LineString","coordinates":[[3.868,7.3318],[3.868,7.3318]]},"properties":{"c":"t","r":""}},{"type":"Feature","geometry":{"type":"LineString","coordinates":[[3.8681,7.3318],[3.868,7.3318]]},"properties":{"c":"t","r":"A1"}},{"type":"Feature","geometry":{"type":"LineString","coordinates":[[3.8681,7.3318],[3.8681,7.3318]]},"properties":{"c":"t","r":"A1"}},{"type":"Feature","geometry":{"type":"LineString","coordinates":[[7.1666,9.2242],[7.1679,9.2185]]},"properties":{"c":"t","r":"A124"}},{"type":"Feature","geometry":{"type":"LineString","coordinates":[[7.1665,9.2243],[7.1666,9.2242]]},"properties":{"c":"t","r":"A124"}},{"type":"Feature","geometry":{"type":"LineString","coordinates":[[3.7298,7.0953],[3.742,7.1033],[3.7575,7.1212],[3.7692,7.154],[3.7882,7.1705],[3.7946,7.1855],[3.8044,7.197],[3.8058,7.213],[3.8105,7.2229]]},"properties":{"c":"m","r":"E1"}},{"type":"Feature","geometry":{"type":"LineString","coordinates":[[3.7297,7.0952],[3.7298,7.0953]]},"properties":{"c":"m","r":"E1"}},{"type":"Feature","geometry":{"type":"LineString","coordinates":[[3.7296,7.0953],[3.7225,7.0754],[3.7146,7.0651],[3.7127,7.0506]]},"properties":{"c":"m","r":"E1"}},{"type":"Feature","geometry":{"type":"LineString","coordinates":[[3.7297,7.0954],[3.7296,7.0953]]},"properties":{"c":"m","r":"E1"}},{"type":"Feature","geometry":{"type":"LineString","coordinates":[[3.8127,7.2304],[3.8191,7.2404],[3.8289,7.2479]]},"properties":{"c":"m","r":"E1"}},{"type":"Feature","geometry":{"type":"LineString","coordinates":[[3.8127,7.2303],[3.8127,7.2304]]},"properties":{"c":"m","r":"E1"}},{"type":"Feature","geometry":{"type":"LineString","coordinates":[[3.8125,7.2304],[3.8104,7.2232]]},"properties":{"c":"m","r":"E1"}},{"type":"Feature","geometry":{"type":"LineString","coordinates":[[3.8125,7.2304],[3.8125,7.2304]]},"properties":{"c":"m","r":"E1"}},{"type":"Feature","geometry":{"type":"LineString","coordinates":[[6.7497,7.8439],[6.7498,7.844]]},"properties":{"c":"t","r":"A2"}},{"type":"Feature","geometry":{"type":"LineString","coordinates":[[6.7496,7.844],[6.7496,7.8439]]},"properties":{"c":"t","r":"A2"}},{"type":"Feature","geometry":{"type":"LineString","coordinates":[[5.5678,9.1439],[5.5679,9.144]]},"properties":{"c":"t","r":"A124"}},{"type":"Feature","geometry":{"type":"LineString","coordinates":[[5.4203,9.183],[5.4578,9.1984],[5.4742,9.199],[5.4903,9.1704],[5.528,9.1512],[5.5441,9.1286],[5.5678,9.1439]]},"properties":{"c":"t","r":"A124"}},{"type":"Feature","geometry":{"type":"LineString","coordinates":[[6.327,7.1574],[6.3279,7.1477],[6.3008,7.128],[6.2917,7.0992],[6.2823,7.0893],[6.278,7.0797]]},"properties":{"c":"t","r":"A2"}},{"type":"Feature","geometry":{"type":"LineString","coordinates":[[6.2727,7.0511],[6.2776,7.0177]]},"properties":{"c":"t","r":"A2"}},{"type":"Feature","geometry":{"type":"LineString","coordinates":[[6.2772,7.0738],[6.2783,7.0615],[6.2748,7.0569]]},"properties":{"c":"t","r":"A2"}},{"type":"Feature","geometry":{"type":"LineString","coordinates":[[6.2772,7.0738],[6.2773,7.0772]]},"properties":{"c":"t","r":"A2"}},{"type":"Feature","geometry":{"type":"LineString","coordinates":[[6.2748,7.0569],[6.2727,7.0511]]},"properties":{"c":"t","r":"A2"}},{"type":"Feature","geometry":{"type":"LineString","coordinates":[[8.847,5.8125],[8.8451,5.8129]]},"properties":{"c":"t","r":"N6"}},{"type":"Feature","geometry":{"type":"LineString","coordinates":[[8.8504,5.8125],[8.847,5.8125]]},"properties":{"c":"t","r":"N6"}},{"type":"Feature","geometry":{"type":"LineString","coordinates":[[8.856,5.8132],[8.8504,5.8125]]},"properties":{"c":"t","r":"N6"}},{"type":"Feature","geometry":{"type":"LineString","coordinates":[[8.8393,5.8208],[8.8402,5.8201]]},"properties":{"c":"t","r":"N6"}},{"type":"Feature","geometry":{"type":"LineString","coordinates":[[8.8392,5.8211],[8.8393,5.8208]]},"properties":{"c":"t","r":"N6"}},{"type":"Feature","geometry":{"type":"LineString","coordinates":[[8.8403,5.8201],[8.8397,5.8222]]},"properties":{"c":"t","r":"N6"}},{"type":"Feature","geometry":{"type":"LineString","coordinates":[[8.8402,5.8197],[8.8412,5.8176]]},"properties":{"c":"t","r":"N6"}},{"type":"Feature","geometry":{"type":"LineString","coordinates":[[8.8404,5.8201],[8.8405,5.8199]]},"properties":{"c":"t","r":"N6"}},{"type":"Feature","geometry":{"type":"LineString","coordinates":[[8.8398,5.8225],[8.839,5.8245]]},"properties":{"c":"t","r":"N6"}},{"type":"Feature","geometry":{"type":"LineString","coordinates":[[8.8395,5.8222],[8.8395,5.8222]]},"properties":{"c":"t","r":"N6"}},{"type":"Feature","geometry":{"type":"LineString","coordinates":[[8.839,5.8245],[8.8394,5.8225]]},"properties":{"c":"t","r":"N6"}},{"type":"Feature","geometry":{"type":"LineString","coordinates":[[8.8412,5.8176],[8.8405,5.8198]]},"properties":{"c":"t","r":"N6"}},{"type":"Feature","geometry":{"type":"LineString","coordinates":[[8.8396,5.8222],[8.8392,5.8211]]},"properties":{"c":"t","r":"N6"}},{"type":"Feature","geometry":{"type":"LineString","coordinates":[[8.8412,5.8176],[8.8451,5.8129]]},"properties":{"c":"t","r":"N6"}},{"type":"Feature","geometry":{"type":"LineString","coordinates":[[7.5309,9.0505],[7.5274,9.0507]]},"properties":{"c":"t","r":""}},{"type":"Feature","geometry":{"type":"LineString","coordinates":[[7.5274,9.0507],[7.5267,9.0507]]},"properties":{"c":"t","r":""}},{"type":"Feature","geometry":{"type":"LineString","coordinates":[[7.5245,9.0575],[7.5238,9.0577]]},"properties":{"c":"t","r":""}},{"type":"Feature","geometry":{"type":"LineString","coordinates":[[7.5244,9.0571],[7.5245,9.0575]]},"properties":{"c":"t","r":""}},{"type":"Feature","geometry":{"type":"LineString","coordinates":[[3.3075,6.4598],[3.3117,6.4596]]},"properties":{"c":"m","r":"F100"}},{"type":"Feature","geometry":{"type":"LineString","coordinates":[[3.3117,6.4596],[3.3189,6.4604],[3.3336,6.4707]]},"properties":{"c":"m","r":"F100"}},{"type":"Feature","geometry":{"type":"LineString","coordinates":[[3.3389,6.4744],[3.3392,6.4746]]},"properties":{"c":"m","r":"F100"}},{"type":"Feature","geometry":{"type":"LineString","coordinates":[[3.3392,6.4746],[3.3462,6.4786]]},"properties":{"c":"m","r":"F100"}},{"type":"Feature","geometry":{"type":"LineString","coordinates":[[3.3476,6.4792],[3.3466,6.479]]},"properties":{"c":"m","r":"F100"}},{"type":"Feature","geometry":{"type":"LineString","coordinates":[[3.3646,6.4763],[3.3641,6.4765]]},"properties":{"c":"t","r":"F100"}},{"type":"Feature","geometry":{"type":"LineString","coordinates":[[3.2447,6.4559],[3.2686,6.4572]]},"properties":{"c":"m","r":"F100"}},{"type":"Feature","geometry":{"type":"LineString","coordinates":[[3.2304,6.4597],[3.2447,6.4559]]},"properties":{"c":"m","r":"F100"}},{"type":"Feature","geometry":{"type":"LineString","coordinates":[[3.2297,6.4602],[3.2119,6.4597]]},"properties":{"c":"t","r":"F100"}},{"type":"Feature","geometry":{"type":"LineString","coordinates":[[3.2119,6.4597],[3.2045,6.4606]]},"properties":{"c":"t","r":"F100"}},{"type":"Feature","geometry":{"type":"LineString","coordinates":[[3.2118,6.4595],[3.2304,6.4597]]},"properties":{"c":"t","r":"F100"}},{"type":"Feature","geometry":{"type":"LineString","coordinates":[[3.6256,6.9132],[3.5914,6.8989],[3.5715,6.8741]]},"properties":{"c":"m","r":"E1"}},{"type":"Feature","geometry":{"type":"LineString","coordinates":[[3.5716,6.8739],[3.5913,6.8986],[3.6257,6.913]]},"properties":{"c":"m","r":"E1"}},{"type":"Feature","geometry":{"type":"LineString","coordinates":[[3.4143,6.7235],[3.4141,6.7174]]},"properties":{"c":"m","r":"E1"}},{"type":"Feature","geometry":{"type":"LineString","coordinates":[[3.4211,6.7414],[3.4172,6.7331]]},"properties":{"c":"m","r":"E1"}},{"type":"Feature","geometry":{"type":"LineString","coordinates":[[3.4174,6.733],[3.4213,6.7414]]},"properties":{"c":"m","r":"E1"}},{"type":"Feature","geometry":{"type":"LineString","coordinates":[[3.4152,6.7042],[3.4154,6.7018]]},"properties":{"c":"m","r":"E1"}},{"type":"Feature","geometry":{"type":"LineString","coordinates":[[3.4156,6.7018],[3.4154,6.7042]]},"properties":{"c":"m","r":"E1"}},{"type":"Feature","geometry":{"type":"LineString","coordinates":[[3.4139,6.6889],[3.4142,6.6897]]},"properties":{"c":"m","r":"E1"}},{"type":"Feature","geometry":{"type":"LineString","coordinates":[[3.414,6.6898],[3.4136,6.6887]]},"properties":{"c":"m","r":"E1"}},{"type":"Feature","geometry":{"type":"LineString","coordinates":[[7.4981,9.1035],[7.4688,9.1169],[7.4414,9.1181]]},"properties":{"c":"t","r":""}},{"type":"Feature","geometry":{"type":"LineString","coordinates":[[7.5246,9.0626],[7.5238,9.0577]]},"properties":{"c":"t","r":""}},{"type":"Feature","geometry":{"type":"LineString","coordinates":[[7.3632,9.1315],[7.3751,9.1239],[7.3875,9.1218]]},"properties":{"c":"m","r":"A234"}},{"type":"Feature","geometry":{"type":"LineString","coordinates":[[7.3875,9.1218],[7.3876,9.1218]]},"properties":{"c":"m","r":"A234"}},{"type":"Feature","geometry":{"type":"LineString","coordinates":[[7.3876,9.1218],[7.4047,9.1195]]},"properties":{"c":"m","r":"A234"}},{"type":"Feature","geometry":{"type":"LineString","coordinates":[[7.4047,9.1195],[7.4048,9.1195]]},"properties":{"c":"m","r":"A234"}},{"type":"Feature","geometry":{"type":"LineString","coordinates":[[7.3876,9.122],[7.3753,9.124],[7.3633,9.1317]]},"properties":{"c":"m","r":"A234"}},{"type":"Feature","geometry":{"type":"LineString","coordinates":[[7.3876,9.122],[7.3876,9.122]]},"properties":{"c":"m","r":"A234"}},{"type":"Feature","geometry":{"type":"LineString","coordinates":[[7.5251,9.0621],[7.5251,9.0625]]},"properties":{"c":"t","r":""}},{"type":"Feature","geometry":{"type":"LineString","coordinates":[[7.525,9.0608],[7.5251,9.0621]]},"properties":{"c":"t","r":""}},{"type":"Feature","geometry":{"type":"LineString","coordinates":[[7.4047,9.1197],[7.3876,9.122]]},"properties":{"c":"m","r":"A234"}},{"type":"Feature","geometry":{"type":"LineString","coordinates":[[7.4048,9.1197],[7.4047,9.1197]]},"properties":{"c":"m","r":"A234"}},{"type":"Feature","geometry":{"type":"LineString","coordinates":[[7.5113,9.0434],[7.5177,9.0488]]},"properties":{"c":"t","r":""}},{"type":"Feature","geometry":{"type":"LineString","coordinates":[[7.5441,9.033],[7.5633,9.0222]]},"properties":{"c":"m","r":"A234"}},{"type":"Feature","geometry":{"type":"LineString","coordinates":[[7.563,9.0226],[7.5487,9.0284],[7.5439,9.0346]]},"properties":{"c":"m","r":"A234"}},{"type":"Feature","geometry":{"type":"LineString","coordinates":[[7.4801,9.1082],[7.4803,9.1086]]},"properties":{"c":"t","r":""}},{"type":"Feature","geometry":{"type":"LineString","coordinates":[[7.49,9.0616],[7.4899,9.0617]]},"properties":{"c":"t","r":""}},{"type":"Feature","geometry":{"type":"LineString","coordinates":[[7.4883,9.065],[7.488,9.0662]]},"properties":{"c":"t","r":""}},{"type":"Feature","geometry":{"type":"LineString","coordinates":[[7.488,9.0662],[7.4857,9.0693],[7.4816,9.0681]]},"properties":{"c":"m","r":""}},{"type":"Feature","geometry":{"type":"LineString","coordinates":[[7.3099,8.9392],[7.3234,8.9437],[7.3562,8.9686]]},"properties":{"c":"t","r":""}},{"type":"Feature","geometry":{"type":"LineString","coordinates":[[7.3562,8.9686],[7.3566,8.9688]]},"properties":{"c":"t","r":""}},{"type":"Feature","geometry":{"type":"LineString","coordinates":[[7.3559,8.9691],[7.3216,8.9432],[7.3099,8.9398]]},"properties":{"c":"t","r":""}},{"type":"Feature","geometry":{"type":"LineString","coordinates":[[7.3563,8.9693],[7.3559,8.9691]]},"properties":{"c":"t","r":""}},{"type":"Feature","geometry":{"type":"LineString","coordinates":[[7.479,9.0679],[7.4817,9.0668]]},"properties":{"c":"m","r":""}},{"type":"Feature","geometry":{"type":"LineString","coordinates":[[7.483,9.0661],[7.4852,9.0643]]},"properties":{"c":"m","r":""}},{"type":"Feature","geometry":{"type":"LineString","coordinates":[[7.4872,9.062],[7.4873,9.0618]]},"properties":{"c":"t","r":""}},{"type":"Feature","geometry":{"type":"LineString","coordinates":[[7.1113,5.4206],[7.0826,5.4391],[7.0677,5.4427],[7.0535,5.4518]]},"properties":{"c":"t","r":"A6"}},{"type":"Feature","geometry":{"type":"LineString","coordinates":[[7.0968,5.4298],[7.1113,5.4206]]},"properties":{"c":"t","r":"A6"}},{"type":"Feature","geometry":{"type":"LineString","coordinates":[[7.0527,5.4525],[7.0535,5.4518]]},"properties":{"c":"t","r":"A6"}},{"type":"Feature","geometry":{"type":"LineString","coordinates":[[3.3298,7.1562],[3.3298,7.1562]]},"properties":{"c":"t","r":""}},{"type":"Feature","geometry":{"type":"LineString","coordinates":[[3.3295,7.156],[3.3297,7.156]]},"properties":{"c":"t","r":"A5"}},{"type":"Feature","geometry":{"type":"LineString","coordinates":[[3.3297,7.1562],[3.3295,7.1562]]},"properties":{"c":"t","r":"A5"}},{"type":"Feature","geometry":{"type":"LineString","coordinates":[[7.4852,9.0643],[7.4872,9.062]]},"properties":{"c":"t","r":""}},{"type":"Feature","geometry":{"type":"LineString","coordinates":[[7.5238,9.0571],[7.5227,9.0545]]},"properties":{"c":"t","r":""}},{"type":"Feature","geometry":{"type":"LineString","coordinates":[[7.0663,9.2607],[7.0807,9.2684]]},"properties":{"c":"t","r":""}},{"type":"Feature","geometry":{"type":"LineString","coordinates":[[7.1527,9.2586],[7.1589,9.2477]]},"properties":{"c":"t","r":""}},{"type":"Feature","geometry":{"type":"LineString","coordinates":[[7.1589,9.2477],[7.1665,9.2243]]},"properties":{"c":"t","r":"A124"}},{"type":"Feature","geometry":{"type":"LineString","coordinates":[[7.0065,9.2487],[7.0112,9.2419]]},"properties":{"c":"t","r":""}},{"type":"Feature","geometry":{"type":"LineString","coordinates":[[7.0112,9.2419],[7.0277,9.2453],[7.0449,9.256],[7.066,9.2606]]},"properties":{"c":"t","r":""}},{"type":"Feature","geometry":{"type":"LineString","coordinates":[[7.0066,9.25],[7.0066,9.2503]]},"properties":{"c":"t","r":"A124"}},{"type":"Feature","geometry":{"type":"LineString","coordinates":[[12.1024,9.4468],[12.1027,9.4468]]},"properties":{"c":"t","r":"A345"}},{"type":"Feature","geometry":{"type":"LineString","coordinates":[[12.0538,9.4539],[12.1024,9.4468]]},"properties":{"c":"t","r":"A345"}},{"type":"Feature","geometry":{"type":"LineString","coordinates":[[8.8566,5.8134],[8.8566,5.8134]]},"properties":{"c":"t","r":"N6"}},{"type":"Feature","geometry":{"type":"LineString","coordinates":[[8.8567,5.8135],[8.8569,5.8139]]},"properties":{"c":"t","r":"N6"}},{"type":"Feature","geometry":{"type":"LineString","coordinates":[[8.8569,5.8139],[8.8566,5.8136]]},"properties":{"c":"t","r":"N6"}},{"type":"Feature","geometry":{"type":"LineString","coordinates":[[8.856,5.8132],[8.8565,5.8134]]},"properties":{"c":"t","r":"N6"}},{"type":"Feature","geometry":{"type":"LineString","coordinates":[[8.8565,5.8136],[8.856,5.8132]]},"properties":{"c":"t","r":"N6"}},{"type":"Feature","geometry":{"type":"LineString","coordinates":[[8.8569,5.8139],[8.86,5.8163]]},"properties":{"c":"t","r":"N6"}},{"type":"Feature","geometry":{"type":"LineString","coordinates":[[7.0596,6.2175],[7.0602,6.2176]]},"properties":{"c":"t","r":"A232-1"}},{"type":"Feature","geometry":{"type":"LineString","coordinates":[[7.0434,6.2095],[7.0505,6.2168],[7.0596,6.2175]]},"properties":{"c":"t","r":"A232-1"}},{"type":"Feature","geometry":{"type":"LineString","coordinates":[[7.0602,6.2178],[7.0596,6.2177]]},"properties":{"c":"t","r":"A232-1"}},{"type":"Feature","geometry":{"type":"LineString","coordinates":[[7.0596,6.2177],[7.0513,6.2174],[7.0433,6.2096]]},"properties":{"c":"t","r":"A232-1"}},{"type":"Feature","geometry":{"type":"LineString","coordinates":[[4.6187,8.4138],[4.6126,8.4153]]},"properties":{"c":"t","r":"A123"}},{"type":"Feature","geometry":{"type":"LineString","coordinates":[[4.5812,8.4532],[4.5849,8.4458]]},"properties":{"c":"t","r":"A123"}},{"type":"Feature","geometry":{"type":"LineString","coordinates":[[4.4868,8.5323],[4.4743,8.5435]]},"properties":{"c":"t","r":"A7"}},{"type":"Feature","geometry":{"type":"LineString","coordinates":[[4.4901,8.5354],[4.4868,8.5323]]},"properties":{"c":"t","r":"A14"}},{"type":"Feature","geometry":{"type":"LineString","coordinates":[[7.1414,5.4023],[7.117,5.4169]]},"properties":{"c":"t","r":"A6"}},{"type":"Feature","geometry":{"type":"LineString","coordinates":[[7.117,5.4169],[7.1414,5.4023]]},"properties":{"c":"t","r":"A6"}},{"type":"Feature","geometry":{"type":"LineString","coordinates":[[7.1137,5.4191],[7.117,5.4169]]},"properties":{"c":"t","r":"A6"}},{"type":"Feature","geometry":{"type":"LineString","coordinates":[[7.1113,5.4206],[7.1133,5.4193]]},"properties":{"c":"t","r":"A6"}},{"type":"Feature","geometry":{"type":"LineString","coordinates":[[7.1133,5.4193],[7.1137,5.4191]]},"properties":{"c":"t","r":"A6"}},{"type":"Feature","geometry":{"type":"LineString","coordinates":[[7.1414,5.4023],[7.1543,5.3891]]},"properties":{"c":"t","r":"A6"}},{"type":"Feature","geometry":{"type":"LineString","coordinates":[[4.3934,6.7293],[4.3949,6.7292]]},"properties":{"c":"t","r":"A121-1"}},{"type":"Feature","geometry":{"type":"LineString","coordinates":[[4.3949,6.7294],[4.3934,6.7295]]},"properties":{"c":"t","r":"A121-1"}},{"type":"Feature","geometry":{"type":"LineString","coordinates":[[4.3934,6.7295],[4.3115,6.7325],[4.2903,6.744]]},"properties":{"c":"t","r":"A121-1"}},{"type":"Feature","geometry":{"type":"LineString","coordinates":[[4.2902,6.7439],[4.3115,6.7324],[4.3934,6.7293]]},"properties":{"c":"t","r":"A121-1"}},{"type":"Feature","geometry":{"type":"LineString","coordinates":[[3.5851,6.47],[3.5846,6.4699]]},"properties":{"c":"t","r":""}},{"type":"Feature","geometry":{"type":"LineString","coordinates":[[3.5857,6.4701],[3.5853,6.47]]},"properties":{"c":"t","r":""}},{"type":"Feature","geometry":{"type":"LineString","coordinates":[[3.5841,6.4697],[3.5851,6.4698]]},"properties":{"c":"t","r":""}},{"type":"Feature","geometry":{"type":"LineString","coordinates":[[3.9113,7.8717],[3.9191,7.878],[3.9439,7.8859]]},"properties":{"c":"m","r":""}},{"type":"Feature","geometry":{"type":"LineString","coordinates":[[3.9439,7.886],[3.9175,7.8773]]},"properties":{"c":"m","r":""}},{"type":"Feature","geometry":{"type":"LineString","coordinates":[[4.0827,7.9796],[4.034,7.9464]]},"properties":{"c":"m","r":""}},{"type":"Feature","geometry":{"type":"LineString","coordinates":[[4.034,7.9464],[4.0299,7.9439]]},"properties":{"c":"m","r":""}},{"type":"Feature","geometry":{"type":"LineString","coordinates":[[4.0301,7.9436],[4.0339,7.9461]]},"properties":{"c":"m","r":""}},{"type":"Feature","geometry":{"type":"LineString","coordinates":[[4.0495,7.9559],[4.0829,7.9795]]},"properties":{"c":"m","r":""}},{"type":"Feature","geometry":{"type":"LineString","coordinates":[[4.0299,7.9439],[4.0082,7.9298],[3.9763,7.8974],[3.9439,7.886]]},"properties":{"c":"m","r":""}},{"type":"Feature","geometry":{"type":"LineString","coordinates":[[8.5924,11.9631],[8.5896,11.9633]]},"properties":{"c":"t","r":"A237"}},{"type":"Feature","geometry":{"type":"LineString","coordinates":[[8.588,11.9634],[8.5923,11.9629]]},"properties":{"c":"t","r":"A237"}},{"type":"Feature","geometry":{"type":"LineString","coordinates":[[6.7655,6.132],[6.7656,6.132]]},"properties":{"c":"t","r":"A232"}},{"type":"Feature","geometry":{"type":"LineString","coordinates":[[8.5399,11.9796],[8.5404,11.979]]},"properties":{"c":"t","r":"A2"}},{"type":"Feature","geometry":{"type":"LineString","coordinates":[[8.5404,11.979],[8.5399,11.9797]]},"properties":{"c":"t","r":"A2"}},{"type":"Feature","geometry":{"type":"LineString","coordinates":[[11.1366,11.6965],[11.1402,11.6958]]},"properties":{"c":"t","r":"A3"}},{"type":"Feature","geometry":{"type":"LineString","coordinates":[[11.1375,11.6963],[11.1401,11.6954]]},"properties":{"c":"t","r":"A3"}},{"type":"Feature","geometry":{"type":"LineString","coordinates":[[11.0917,11.6743],[11.0917,11.6743]]},"properties":{"c":"t","r":""}},{"type":"Feature","geometry":{"type":"LineString","coordinates":[[11.0683,11.6716],[11.0678,11.6716]]},"properties":{"c":"t","r":""}},{"type":"Feature","geometry":{"type":"LineString","coordinates":[[11.0678,11.6716],[11.0472,11.6724]]},"properties":{"c":"t","r":""}},{"type":"Feature","geometry":{"type":"LineString","coordinates":[[11.0678,11.6714],[11.0683,11.6714]]},"properties":{"c":"t","r":""}},{"type":"Feature","geometry":{"type":"LineString","coordinates":[[11.0471,11.6721],[11.0678,11.6714]]},"properties":{"c":"t","r":""}},{"type":"Feature","geometry":{"type":"LineString","coordinates":[[6.9208,6.2424],[6.921,6.2422]]},"properties":{"c":"t","r":""}},{"type":"Feature","geometry":{"type":"LineString","coordinates":[[6.9081,6.2227],[6.9011,6.2075],[6.867,6.1822],[6.856,6.1644],[6.8331,6.1543]]},"properties":{"c":"t","r":"A232-1"}},{"type":"Feature","geometry":{"type":"LineString","coordinates":[[3.9175,7.7656],[3.9174,7.7653]]},"properties":{"c":"m","r":"E1"}},{"type":"Feature","geometry":{"type":"LineString","coordinates":[[3.9176,7.7652],[3.9177,7.7655]]},"properties":{"c":"m","r":"E1"}},{"type":"Feature","geometry":{"type":"LineString","coordinates":[[7.3949,8.9891],[7.3936,8.9884]]},"properties":{"c":"t","r":""}},{"type":"Feature","geometry":{"type":"LineString","coordinates":[[7.0059,4.7822],[7.0061,4.7817]]},"properties":{"c":"t","r":"A3"}},{"type":"Feature","geometry":{"type":"LineString","coordinates":[[7.0058,4.7825],[7.0059,4.7822]]},"properties":{"c":"t","r":"A3"}},{"type":"Feature","geometry":{"type":"LineString","coordinates":[[7.0056,4.7833],[7.0058,4.7825]]},"properties":{"c":"t","r":"A3"}},{"type":"Feature","geometry":{"type":"LineString","coordinates":[[7.0059,4.7826],[7.0058,4.783]]},"properties":{"c":"t","r":"A3"}},{"type":"Feature","geometry":{"type":"LineString","coordinates":[[7.0058,4.783],[7.0055,4.7846]]},"properties":{"c":"t","r":"A3"}},{"type":"Feature","geometry":{"type":"LineString","coordinates":[[7.0062,4.7817],[7.006,4.7824]]},"properties":{"c":"t","r":"A3"}},{"type":"Feature","geometry":{"type":"LineString","coordinates":[[7.006,4.7824],[7.0059,4.7826]]},"properties":{"c":"t","r":"A3"}},{"type":"Feature","geometry":{"type":"LineString","coordinates":[[7.0053,4.7848],[7.0056,4.7833]]},"properties":{"c":"t","r":"A3"}},{"type":"Feature","geometry":{"type":"LineString","coordinates":[[11.9807,9.6296],[11.9659,9.6614],[11.9542,9.7136],[11.9642,9.7467]]},"properties":{"c":"t","r":"A4"}},{"type":"Feature","geometry":{"type":"LineString","coordinates":[[11.9808,9.6293],[11.9807,9.6296]]},"properties":{"c":"t","r":"A4"}},{"type":"Feature","geometry":{"type":"LineString","coordinates":[[12.0372,9.4571],[12.0538,9.4539]]},"properties":{"c":"t","r":"A345"}},{"type":"Feature","geometry":{"type":"LineString","coordinates":[[7.4159,9.0072],[7.4093,9.0002]]},"properties":{"c":"t","r":""}},{"type":"Feature","geometry":{"type":"LineString","coordinates":[[7.4093,9.0002],[7.4091,9.0]]},"properties":{"c":"t","r":""}},{"type":"Feature","geometry":{"type":"LineString","coordinates":[[7.4101,9.0],[7.4164,9.0066]]},"properties":{"c":"t","r":""}},{"type":"Feature","geometry":{"type":"LineString","coordinates":[[7.4099,8.9999],[7.4101,9.0]]},"properties":{"c":"t","r":""}},{"type":"Feature","geometry":{"type":"LineString","coordinates":[[3.2729,6.4581],[3.2711,6.4579]]},"properties":{"c":"m","r":"F100"}},{"type":"Feature","geometry":{"type":"LineString","coordinates":[[3.2729,6.4578],[3.2738,6.4579]]},"properties":{"c":"m","r":"F100"}},{"type":"Feature","geometry":{"type":"LineString","coordinates":[[3.2711,6.4575],[3.2729,6.4578]]},"properties":{"c":"m","r":"F100"}},{"type":"Feature","geometry":{"type":"LineString","coordinates":[[3.2703,6.4574],[3.2711,6.4575]]},"properties":{"c":"m","r":"F100"}},{"type":"Feature","geometry":{"type":"LineString","coordinates":[[3.2711,6.4579],[3.2703,6.4578]]},"properties":{"c":"m","r":"F100"}},{"type":"Feature","geometry":{"type":"LineString","coordinates":[[3.6572,6.8672],[3.6552,6.8665]]},"properties":{"c":"t","r":"A121-1"}},{"type":"Feature","geometry":{"type":"LineString","coordinates":[[3.6553,6.8663],[3.6572,6.8672]]},"properties":{"c":"t","r":"A121-1"}},{"type":"Feature","geometry":{"type":"LineString","coordinates":[[3.6552,6.8665],[3.6309,6.8574],[3.6237,6.8602]]},"properties":{"c":"t","r":"A121-1"}},{"type":"Feature","geometry":{"type":"LineString","coordinates":[[3.6236,6.8601],[3.631,6.8573],[3.6553,6.8663]]},"properties":{"c":"t","r":"A121-1"}},{"type":"Feature","geometry":{"type":"LineString","coordinates":[[7.0807,9.2684],[7.081,9.2687]]},"properties":{"c":"t","r":""}},{"type":"Feature","geometry":{"type":"LineString","coordinates":[[7.066,9.2606],[7.0663,9.2607]]},"properties":{"c":"t","r":""}},{"type":"Feature","geometry":{"type":"LineString","coordinates":[[3.426,6.439],[3.4281,6.4393]]},"properties":{"c":"t","r":""}},{"type":"Feature","geometry":{"type":"LineString","coordinates":[[3.4251,6.4387],[3.426,6.439]]},"properties":{"c":"t","r":""}},{"type":"Feature","geometry":{"type":"LineString","coordinates":[[3.4281,6.4393],[3.4368,6.439]]},"properties":{"c":"t","r":""}},{"type":"Feature","geometry":{"type":"LineString","coordinates":[[3.4238,6.4382],[3.4251,6.4387]]},"properties":{"c":"t","r":""}},{"type":"Feature","geometry":{"type":"LineString","coordinates":[[3.5567,6.4625],[3.5619,6.4657]]},"properties":{"c":"t","r":""}},{"type":"Feature","geometry":{"type":"LineString","coordinates":[[3.5557,6.4612],[3.5567,6.4625]]},"properties":{"c":"t","r":""}},{"type":"Feature","geometry":{"type":"LineString","coordinates":[[3.5551,6.4599],[3.5551,6.4594]]},"properties":{"c":"t","r":""}},{"type":"Feature","geometry":{"type":"LineString","coordinates":[[3.5552,6.46],[3.5551,6.4599]]},"properties":{"c":"t","r":""}},{"type":"Feature","geometry":{"type":"LineString","coordinates":[[3.5553,6.4594],[3.5553,6.4595]]},"properties":{"c":"t","r":""}},{"type":"Feature","geometry":{"type":"LineString","coordinates":[[3.5564,6.4625],[3.556,6.462]]},"properties":{"c":"t","r":""}},{"type":"Feature","geometry":{"type":"LineString","coordinates":[[3.5618,6.4659],[3.5564,6.4625]]},"properties":{"c":"t","r":""}},{"type":"Feature","geometry":{"type":"LineString","coordinates":[[3.4896,6.434],[3.4914,6.4342]]},"properties":{"c":"t","r":""}},{"type":"Feature","geometry":{"type":"LineString","coordinates":[[3.4885,6.4338],[3.4896,6.434]]},"properties":{"c":"t","r":""}},{"type":"Feature","geometry":{"type":"LineString","coordinates":[[3.491,6.4343],[3.4896,6.4341]]},"properties":{"c":"t","r":""}},{"type":"Feature","geometry":{"type":"LineString","coordinates":[[3.4928,6.4346],[3.491,6.4343]]},"properties":{"c":"t","r":""}},{"type":"Feature","geometry":{"type":"LineString","coordinates":[[3.5036,6.436],[3.5093,6.4369]]},"properties":{"c":"t","r":""}},{"type":"Feature","geometry":{"type":"LineString","coordinates":[[3.4914,6.4342],[3.4933,6.4345]]},"properties":{"c":"t","r":""}},{"type":"Feature","geometry":{"type":"LineString","coordinates":[[3.4973,6.4352],[3.4928,6.4346]]},"properties":{"c":"t","r":""}},{"type":"Feature","geometry":{"type":"LineString","coordinates":[[3.5104,6.4371],[3.5037,6.4362]]},"properties":{"c":"t","r":""}},{"type":"Feature","geometry":{"type":"LineString","coordinates":[[3.4546,6.4368],[3.4538,6.4375]]},"properties":{"c":"t","r":""}},{"type":"Feature","geometry":{"type":"LineString","coordinates":[[3.457,6.4345],[3.4561,6.4354]]},"properties":{"c":"t","r":""}},{"type":"Feature","geometry":{"type":"LineString","coordinates":[[3.4375,6.4387],[3.4397,6.4374]]},"properties":{"c":"t","r":""}},{"type":"Feature","geometry":{"type":"LineString","coordinates":[[3.4368,6.439],[3.4375,6.4387]]},"properties":{"c":"t","r":""}},{"type":"Feature","geometry":{"type":"LineString","coordinates":[[3.4369,6.4392],[3.436,6.4399]]},"properties":{"c":"t","r":""}},{"type":"Feature","geometry":{"type":"LineString","coordinates":[[3.4398,6.4375],[3.4369,6.4392]]},"properties":{"c":"t","r":""}},{"type":"Feature","geometry":{"type":"LineString","coordinates":[[3.4015,6.4415],[3.4024,6.4411]]},"properties":{"c":"t","r":"F263"}},{"type":"Feature","geometry":{"type":"LineString","coordinates":[[9.8005,10.3143],[9.7658,10.3131],[9.7428,10.3045],[9.7357,10.2976]]},"properties":{"c":"t","r":"A3"}},{"type":"Feature","geometry":{"type":"LineString","coordinates":[[9.7357,10.2976],[9.7433,10.3047],[9.7652,10.3129],[9.8005,10.3143]]},"properties":{"c":"t","r":"A3"}},{"type":"Feature","geometry":{"type":"LineString","coordinates":[[3.3664,6.4824],[3.3651,6.4854]]},"properties":{"c":"m","r":"A1"}},{"type":"Feature","geometry":{"type":"LineString","coordinates":[[3.9175,7.8773],[3.9113,7.8718]]},"properties":{"c":"m","r":""}},{"type":"Feature","geometry":{"type":"LineString","coordinates":[[4.0339,7.9461],[4.0495,7.9559]]},"properties":{"c":"m","r":""}},{"type":"Feature","geometry":{"type":"LineString","coordinates":[[6.7425,6.1255],[6.7491,6.1224]]},"properties":{"c":"t","r":""}},{"type":"Feature","geometry":{"type":"LineString","coordinates":[[6.7396,6.1266],[6.7399,6.1264]]},"properties":{"c":"t","r":""}},{"type":"Feature","geometry":{"type":"LineString","coordinates":[[6.7397,6.1267],[6.7347,6.1302],[6.7296,6.1422]]},"properties":{"c":"t","r":""}},{"type":"Feature","geometry":{"type":"LineString","coordinates":[[6.7491,6.1225],[6.7426,6.1255]]},"properties":{"c":"t","r":""}},{"type":"Feature","geometry":{"type":"LineString","coordinates":[[6.74,6.1265],[6.7397,6.1267]]},"properties":{"c":"t","r":""}},{"type":"Feature","geometry":{"type":"LineString","coordinates":[[6.7624,6.1167],[6.7491,6.1225]]},"properties":{"c":"t","r":""}},{"type":"Feature","geometry":{"type":"LineString","coordinates":[[6.8078,6.0953],[6.7963,6.0943],[6.7797,6.1116],[6.766,6.1151]]},"properties":{"c":"t","r":""}},{"type":"Feature","geometry":{"type":"LineString","coordinates":[[6.7623,6.1166],[6.7656,6.1151]]},"properties":{"c":"t","r":""}},{"type":"Feature","geometry":{"type":"LineString","coordinates":[[6.7656,6.1151],[6.766,6.115]]},"properties":{"c":"t","r":""}},{"type":"Feature","geometry":{"type":"LineString","coordinates":[[6.7657,6.1152],[6.7624,6.1167]]},"properties":{"c":"t","r":""}},{"type":"Feature","geometry":{"type":"LineString","coordinates":[[6.766,6.1151],[6.7657,6.1152]]},"properties":{"c":"t","r":""}},{"type":"Feature","geometry":{"type":"LineString","coordinates":[[6.8119,6.0941],[6.8117,6.0943]]},"properties":{"c":"t","r":"A6"}},{"type":"Feature","geometry":{"type":"LineString","coordinates":[[6.8116,6.0942],[6.8118,6.094]]},"properties":{"c":"t","r":"A6"}},{"type":"Feature","geometry":{"type":"LineString","coordinates":[[6.8155,6.0998],[6.8093,6.0963]]},"properties":{"c":"t","r":""}},{"type":"Feature","geometry":{"type":"LineString","coordinates":[[6.8094,6.0962],[6.8155,6.0998]]},"properties":{"c":"t","r":""}},{"type":"Feature","geometry":{"type":"LineString","coordinates":[[6.8086,6.0957],[6.8094,6.0962]]},"properties":{"c":"t","r":""}},{"type":"Feature","geometry":{"type":"LineString","coordinates":[[6.8093,6.0963],[6.8085,6.0958]]},"properties":{"c":"t","r":""}},{"type":"Feature","geometry":{"type":"LineString","coordinates":[[5.7335,5.8797],[5.7296,5.8672]]},"properties":{"c":"t","r":"A2"}},{"type":"Feature","geometry":{"type":"LineString","coordinates":[[3.8805,6.4848],[3.8883,6.4865]]},"properties":{"c":"t","r":""}},{"type":"Feature","geometry":{"type":"LineString","coordinates":[[3.8883,6.4865],[3.8804,6.4849]]},"properties":{"c":"t","r":""}},{"type":"Feature","geometry":{"type":"LineString","coordinates":[[7.711,5.1812],[7.7113,5.1809]]},"properties":{"c":"t","r":"A342"}},{"type":"Feature","geometry":{"type":"LineString","coordinates":[[7.7125,5.1793],[7.7175,5.173]]},"properties":{"c":"t","r":"A342"}},{"type":"Feature","geometry":{"type":"LineString","coordinates":[[2.7,6.3787],[2.7023,6.3787]]},"properties":{"c":"t","r":"RNIE 1 T"}},{"type":"Feature","geometry":{"type":"LineString","coordinates":[[3.5096,6.4369],[3.5105,6.437]]},"properties":{"c":"t","r":""}},{"type":"Feature","geometry":{"type":"LineString","coordinates":[[3.4939,6.4346],[3.5036,6.436]]},"properties":{"c":"t","r":""}},{"type":"Feature","geometry":{"type":"LineString","coordinates":[[3.5108,6.4371],[3.5282,6.4402]]},"properties":{"c":"t","r":""}},{"type":"Feature","geometry":{"type":"LineString","coordinates":[[3.5282,6.4402],[3.5343,6.4427]]},"properties":{"c":"t","r":""}},{"type":"Feature","geometry":{"type":"LineString","coordinates":[[3.4933,6.4345],[3.4939,6.4346]]},"properties":{"c":"t","r":""}},{"type":"Feature","geometry":{"type":"LineString","coordinates":[[3.5037,6.4362],[3.4973,6.4352]]},"properties":{"c":"t","r":""}},{"type":"Feature","geometry":{"type":"LineString","coordinates":[[3.4896,6.4341],[3.4891,6.434]]},"properties":{"c":"t","r":""}},{"type":"Feature","geometry":{"type":"LineString","coordinates":[[3.4661,6.4305],[3.4675,6.4307]]},"properties":{"c":"t","r":""}},{"type":"Feature","geometry":{"type":"LineString","coordinates":[[4.5604,8.4881],[4.561,8.488]]},"properties":{"c":"t","r":"A1"}},{"type":"Feature","geometry":{"type":"LineString","coordinates":[[4.561,8.4881],[4.5604,8.4882]]},"properties":{"c":"t","r":"A1"}},{"type":"Feature","geometry":{"type":"LineString","coordinates":[[3.4891,6.434],[3.4852,6.4335]]},"properties":{"c":"t","r":""}},{"type":"Feature","geometry":{"type":"LineString","coordinates":[[3.444,6.4353],[3.4449,6.4353]]},"properties":{"c":"t","r":""}},{"type":"Feature","geometry":{"type":"LineString","coordinates":[[3.4426,6.4356],[3.444,6.4353]]},"properties":{"c":"t","r":""}},{"type":"Feature","geometry":{"type":"LineString","coordinates":[[3.3336,6.4707],[3.3389,6.4744]]},"properties":{"c":"m","r":"F100"}},{"type":"Feature","geometry":{"type":"LineString","coordinates":[[3.3462,6.4786],[3.3473,6.4788]]},"properties":{"c":"m","r":"F100"}},{"type":"Feature","geometry":{"type":"LineString","coordinates":[[4.457,8.4158],[4.4532,8.4454],[4.4562,8.4597]]},"properties":{"c":"m","r":"A14"}},{"type":"Feature","geometry":{"type":"LineString","coordinates":[[4.1539,8.7293],[4.1437,8.7398]]},"properties":{"c":"t","r":"A7"}},{"type":"Feature","geometry":{"type":"LineString","coordinates":[[5.0036,6.7784],[5.0169,6.7804],[5.0367,6.7753]]},"properties":{"c":"t","r":"A121-1"}},{"type":"Feature","geometry":{"type":"LineString","coordinates":[[5.0367,6.7753],[5.0371,6.7752]]},"properties":{"c":"t","r":"A121-1"}},{"type":"Feature","geometry":{"type":"LineString","coordinates":[[5.0367,6.7754],[5.0186,6.7803],[5.0036,6.7785]]},"properties":{"c":"t","r":"A121-1"}},{"type":"Feature","geometry":{"type":"LineString","coordinates":[[5.0371,6.7753],[5.0367,6.7754]]},"properties":{"c":"t","r":"A121-1"}},{"type":"Feature","geometry":{"type":"LineString","coordinates":[[7.4473,10.5871],[7.4467,10.5853]]},"properties":{"c":"t","r":"A2"}},{"type":"Feature","geometry":{"type":"LineString","coordinates":[[7.4484,10.5901],[7.4475,10.5875]]},"properties":{"c":"t","r":"A2"}},{"type":"Feature","geometry":{"type":"LineString","coordinates":[[7.4477,10.5874],[7.4486,10.59]]},"properties":{"c":"t","r":"A2"}},{"type":"Feature","geometry":{"type":"LineString","coordinates":[[7.4473,10.5871],[7.4473,10.5871]]},"properties":{"c":"t","r":"A2"}},{"type":"Feature","geometry":{"type":"LineString","coordinates":[[7.4466,10.5849],[7.4469,10.5848]]},"properties":{"c":"t","r":"A2"}},{"type":"Feature","geometry":{"type":"LineString","coordinates":[[7.447,10.5852],[7.4476,10.587]]},"properties":{"c":"t","r":"A2"}},{"type":"Feature","geometry":{"type":"LineString","coordinates":[[6.7689,8.0513],[6.7633,8.0426],[6.7593,8.0211],[6.772,8.0012],[6.7593,7.9697],[6.7549,7.9397]]},"properties":{"c":"t","r":"A2"}},{"type":"Feature","geometry":{"type":"LineString","coordinates":[[6.7529,7.9004],[6.753,7.9001]]},"properties":{"c":"t","r":"A2"}},{"type":"Feature","geometry":{"type":"LineString","coordinates":[[7.3562,8.969],[7.3235,8.9442],[7.3099,8.9396]]},"properties":{"c":"m","r":""}},{"type":"Feature","geometry":{"type":"LineString","coordinates":[[7.3563,8.9691],[7.3562,8.969]]},"properties":{"c":"m","r":""}},{"type":"Feature","geometry":{"type":"LineString","coordinates":[[8.5804,7.9279],[8.5766,7.933],[8.5758,7.9496],[8.558,7.9956],[8.5543,8.0336]]},"properties":{"c":"t","r":"A3"}},{"type":"Feature","geometry":{"type":"LineString","coordinates":[[8.5543,8.0336],[8.5527,8.0569],[8.561,8.0806],[8.5908,8.1182],[8.5905,8.1343],[8.5869,8.1429],[8.5904,8.1573]]},"properties":{"c":"t","r":"A3"}},{"type":"Feature","geometry":{"type":"LineString","coordinates":[[8.5749,8.2185],[8.5729,8.2293]]},"properties":{"c":"t","r":"A3"}},{"type":"Feature","geometry":{"type":"LineString","coordinates":[[8.5904,8.1573],[8.5951,8.1649],[8.5947,8.1802],[8.5895,8.1919],[8.5749,8.2092],[8.5749,8.2185]]},"properties":{"c":"t","r":"A3"}},{"type":"Feature","geometry":{"type":"LineString","coordinates":[[8.587,7.9171],[8.5807,7.9277]]},"properties":{"c":"t","r":"A3"}},{"type":"Feature","geometry":{"type":"LineString","coordinates":[[8.5807,7.9277],[8.5804,7.9279]]},"properties":{"c":"t","r":"A3"}},{"type":"Feature","geometry":{"type":"LineString","coordinates":[[8.4711,12.1558],[8.4444,12.0989],[8.4509,12.0798]]},"properties":{"c":"t","r":"A2"}},{"type":"Feature","geometry":{"type":"LineString","coordinates":[[8.4724,12.1583],[8.4711,12.1558]]},"properties":{"c":"t","r":"A2"}},{"type":"Feature","geometry":{"type":"LineString","coordinates":[[8.4711,12.1558],[8.4724,12.1583]]},"properties":{"c":"t","r":"A2"}},{"type":"Feature","geometry":{"type":"LineString","coordinates":[[3.8624,7.2847],[3.866,7.2894]]},"properties":{"c":"m","r":"E1"}},{"type":"Feature","geometry":{"type":"LineString","coordinates":[[3.8658,7.2895],[3.8622,7.2848]]},"properties":{"c":"m","r":"E1"}},{"type":"Feature","geometry":{"type":"LineString","coordinates":[[3.897,7.4014],[3.8965,7.4013]]},"properties":{"c":"t","r":"A5"}},{"type":"Feature","geometry":{"type":"LineString","coordinates":[[8.5882,7.9126],[8.587,7.9171]]},"properties":{"c":"t","r":"A3"}},{"type":"Feature","geometry":{"type":"LineString","coordinates":[[8.5884,7.9055],[8.5882,7.9126]]},"properties":{"c":"t","r":"A3"}},{"type":"Feature","geometry":{"type":"LineString","coordinates":[[8.5876,7.9012],[8.5884,7.9055]]},"properties":{"c":"t","r":"A3"}},{"type":"Feature","geometry":{"type":"LineString","coordinates":[[8.5668,7.8039],[8.5884,7.8682],[8.5876,7.9012]]},"properties":{"c":"t","r":"A3"}},{"type":"Feature","geometry":{"type":"LineString","coordinates":[[8.5666,7.8002],[8.5668,7.8039]]},"properties":{"c":"t","r":"A3"}},{"type":"Feature","geometry":{"type":"LineString","coordinates":[[8.5666,7.7959],[8.5666,7.8002]]},"properties":{"c":"t","r":"A3"}},{"type":"Feature","geometry":{"type":"LineString","coordinates":[[8.5806,7.9275],[8.5868,7.9171]]},"properties":{"c":"t","r":"A3"}},{"type":"Feature","geometry":{"type":"LineString","coordinates":[[11.9368,9.3814],[11.9425,9.3942]]},"properties":{"c":"t","r":"A4"}},{"type":"Feature","geometry":{"type":"LineString","coordinates":[[11.9425,9.3942],[11.9425,9.3943]]},"properties":{"c":"t","r":"A4"}},{"type":"Feature","geometry":{"type":"LineString","coordinates":[[7.7113,5.1809],[7.7116,5.1796]]},"properties":{"c":"t","r":"F232;A342"}},{"type":"Feature","geometry":{"type":"LineString","coordinates":[[7.7122,5.1793],[7.7125,5.1793]]},"properties":{"c":"t","r":"F232;A342"}},{"type":"Feature","geometry":{"type":"LineString","coordinates":[[7.7176,5.1731],[7.7176,5.1731]]},"properties":{"c":"t","r":"A342"}},{"type":"Feature","geometry":{"type":"LineString","coordinates":[[3.2456,6.706],[3.2431,6.7071]]},"properties":{"c":"t","r":"A5"}},{"type":"Feature","geometry":{"type":"LineString","coordinates":[[3.2426,6.7073],[3.2391,6.709]]},"properties":{"c":"t","r":"A5"}},{"type":"Feature","geometry":{"type":"LineString","coordinates":[[3.2431,6.707],[3.2455,6.7059]]},"properties":{"c":"t","r":"A5"}},{"type":"Feature","geometry":{"type":"LineString","coordinates":[[3.2391,6.7089],[3.2425,6.7073]]},"properties":{"c":"t","r":"A5"}},{"type":"Feature","geometry":{"type":"LineString","coordinates":[[12.2904,9.2776],[12.2906,9.2776]]},"properties":{"c":"t","r":"A13"}},{"type":"Feature","geometry":{"type":"LineString","coordinates":[[12.2576,9.2832],[12.2606,9.2788],[12.2732,9.2743],[12.2904,9.2776]]},"properties":{"c":"t","r":"A13"}},{"type":"Feature","geometry":{"type":"LineString","coordinates":[[3.9433,7.4029],[3.941,7.4]]},"properties":{"c":"m","r":"E1"}},{"type":"Feature","geometry":{"type":"LineString","coordinates":[[3.941,7.4],[3.9409,7.3999]]},"properties":{"c":"m","r":"E1"}},{"type":"Feature","geometry":{"type":"LineString","coordinates":[[3.9443,7.4029],[3.9458,7.4019]]},"properties":{"c":"t","r":"A122"}},{"type":"Feature","geometry":{"type":"LineString","coordinates":[[3.9458,7.4019],[3.9459,7.4018]]},"properties":{"c":"t","r":"A122"}},{"type":"Feature","geometry":{"type":"LineString","coordinates":[[4.068,7.3673],[4.0683,7.3682]]},"properties":{"c":"t","r":""}},{"type":"Feature","geometry":{"type":"LineString","coordinates":[[4.0174,7.3158],[4.0472,7.3347],[4.06,7.3474]]},"properties":{"c":"t","r":""}},{"type":"Feature","geometry":{"type":"LineString","coordinates":[[3.7002,7.0188],[3.7129,7.0505]]},"properties":{"c":"m","r":"E1"}},{"type":"Feature","geometry":{"type":"LineString","coordinates":[[3.7129,7.0505],[3.7129,7.0507]]},"properties":{"c":"m","r":"E1"}},{"type":"Feature","geometry":{"type":"LineString","coordinates":[[3.7126,7.0505],[3.6998,7.0186]]},"properties":{"c":"m","r":"E1"}},{"type":"Feature","geometry":{"type":"LineString","coordinates":[[3.7127,7.0506],[3.7126,7.0505]]},"properties":{"c":"m","r":"E1"}},{"type":"Feature","geometry":{"type":"LineString","coordinates":[[7.96,4.994],[7.9594,4.994]]},"properties":{"c":"t","r":"A342"}},{"type":"Feature","geometry":{"type":"LineString","coordinates":[[7.9578,4.9947],[7.9594,4.994]]},"properties":{"c":"t","r":"A342"}},{"type":"Feature","geometry":{"type":"LineString","coordinates":[[7.9595,4.9942],[7.9545,4.9962]]},"properties":{"c":"t","r":"A342"}},{"type":"Feature","geometry":{"type":"LineString","coordinates":[[7.9594,4.994],[7.96,4.994]]},"properties":{"c":"t","r":"A342"}},{"type":"Feature","geometry":{"type":"LineString","coordinates":[[8.3596,5.2474],[8.3577,5.26],[8.3607,5.2955],[8.3518,5.3162],[8.3297,5.3391]]},"properties":{"c":"t","r":"A4"}},{"type":"Feature","geometry":{"type":"LineString","coordinates":[[8.2302,5.1791],[8.2398,5.1782],[8.261,5.1882]]},"properties":{"c":"t","r":"A4-1"}},{"type":"Feature","geometry":{"type":"LineString","coordinates":[[8.261,5.1882],[8.2614,5.1884]]},"properties":{"c":"t","r":"A4-1"}},{"type":"Feature","geometry":{"type":"LineString","coordinates":[[8.319,5.172],[8.3461,5.1553]]},"properties":{"c":"t","r":"A4-1"}},{"type":"Feature","geometry":{"type":"LineString","coordinates":[[8.3187,5.1722],[8.319,5.172]]},"properties":{"c":"t","r":"A4-1"}},{"type":"Feature","geometry":{"type":"LineString","coordinates":[[8.8405,5.8199],[8.8404,5.8201]]},"properties":{"c":"t","r":"N6"}},{"type":"Feature","geometry":{"type":"LineString","coordinates":[[7.0433,6.2096],[7.0408,6.2066]]},"properties":{"c":"t","r":"A232-1"}},{"type":"Feature","geometry":{"type":"LineString","coordinates":[[7.0409,6.2065],[7.0434,6.2095]]},"properties":{"c":"t","r":"A232-1"}},{"type":"Feature","geometry":{"type":"LineString","coordinates":[[7.0777,6.2284],[7.0602,6.2178]]},"properties":{"c":"t","r":"A232-1"}},{"type":"Feature","geometry":{"type":"LineString","coordinates":[[7.0602,6.2176],[7.0777,6.2282]]},"properties":{"c":"t","r":"A232-1"}},{"type":"Feature","geometry":{"type":"LineString","coordinates":[[7.0828,6.2288],[7.0777,6.2284]]},"properties":{"c":"t","r":"A232-1"}},{"type":"Feature","geometry":{"type":"LineString","coordinates":[[7.0777,6.2282],[7.0828,6.2287]]},"properties":{"c":"t","r":"A232-1"}},{"type":"Feature","geometry":{"type":"LineString","coordinates":[[4.8147,9.1483],[4.8142,9.1455]]},"properties":{"c":"t","r":"A1"}},{"type":"Feature","geometry":{"type":"LineString","coordinates":[[4.8142,9.1455],[4.8147,9.1483]]},"properties":{"c":"t","r":"A1"}},{"type":"Feature","geometry":{"type":"LineString","coordinates":[[7.0101,4.8086],[7.0101,4.8096]]},"properties":{"c":"t","r":"A3"}},{"type":"Feature","geometry":{"type":"LineString","coordinates":[[7.0101,4.8096],[7.01,4.8086]]},"properties":{"c":"t","r":"A3"}},{"type":"Feature","geometry":{"type":"LineString","coordinates":[[7.01,4.8086],[7.0096,4.8069]]},"properties":{"c":"t","r":"A3"}},{"type":"Feature","geometry":{"type":"LineString","coordinates":[[7.0062,4.7999],[7.0078,4.8031]]},"properties":{"c":"t","r":"A3"}},{"type":"Feature","geometry":{"type":"LineString","coordinates":[[7.01,4.815],[7.0101,4.8101]]},"properties":{"c":"t","r":"A3"}},{"type":"Feature","geometry":{"type":"LineString","coordinates":[[7.0101,4.8101],[7.01,4.815]]},"properties":{"c":"t","r":"A3"}},{"type":"Feature","geometry":{"type":"LineString","coordinates":[[7.0087,4.8183],[7.01,4.815]]},"properties":{"c":"t","r":"A3"}},{"type":"Feature","geometry":{"type":"LineString","coordinates":[[7.01,4.815],[7.0088,4.8183]]},"properties":{"c":"t","r":"A3"}},{"type":"Feature","geometry":{"type":"LineString","coordinates":[[7.0064,4.8233],[7.0087,4.8183]]},"properties":{"c":"t","r":"A3"}},{"type":"Feature","geometry":{"type":"LineString","coordinates":[[7.0088,4.8183],[7.0065,4.8233]]},"properties":{"c":"t","r":"A3"}},{"type":"Feature","geometry":{"type":"LineString","coordinates":[[7.0053,4.8257],[7.0064,4.8233]]},"properties":{"c":"t","r":"A3"}},{"type":"Feature","geometry":{"type":"LineString","coordinates":[[7.0065,4.8233],[7.0054,4.8257]]},"properties":{"c":"t","r":"A3"}},{"type":"Feature","geometry":{"type":"LineString","coordinates":[[7.3631,9.1314],[7.3767,9.1232],[7.4364,9.1175]]},"properties":{"c":"t","r":""}},{"type":"Feature","geometry":{"type":"LineString","coordinates":[[7.4364,9.1175],[7.4365,9.1175]]},"properties":{"c":"t","r":""}},{"type":"Feature","geometry":{"type":"LineString","coordinates":[[7.4414,9.1181],[7.4366,9.1181]]},"properties":{"c":"t","r":""}},{"type":"Feature","geometry":{"type":"LineString","coordinates":[[7.4366,9.1181],[7.4365,9.1181]]},"properties":{"c":"t","r":""}},{"type":"Feature","geometry":{"type":"LineString","coordinates":[[7.4924,9.0145],[7.4895,9.0149]]},"properties":{"c":"t","r":""}},{"type":"Feature","geometry":{"type":"LineString","coordinates":[[7.4657,9.0314],[7.4655,9.0315]]},"properties":{"c":"m","r":""}},{"type":"Feature","geometry":{"type":"LineString","coordinates":[[8.2902,7.2671],[8.2861,7.2652],[8.2796,7.2676],[8.2725,7.2586],[8.2455,7.2538],[8.243,7.2479],[8.2307,7.2391],[8.2104,7.236],[8.2021,7.2209],[8.1972,7.2176],[8.1821,7.2095],[8.1556,7.2081],[8.149,7.1978]]},"properties":{"c":"t","r":"A3"}},{"type":"Feature","geometry":{"type":"LineString","coordinates":[[7.4903,9.0118],[7.4899,9.0112]]},"properties":{"c":"t","r":""}},{"type":"Feature","geometry":{"type":"LineString","coordinates":[[7.502,9.0275],[7.5006,9.0249]]},"properties":{"c":"t","r":""}},{"type":"Feature","geometry":{"type":"LineString","coordinates":[[7.4903,9.0111],[7.5008,9.0245]]},"properties":{"c":"m","r":""}},{"type":"Feature","geometry":{"type":"LineString","coordinates":[[7.5006,9.0249],[7.4924,9.0145]]},"properties":{"c":"t","r":""}},{"type":"Feature","geometry":{"type":"LineString","coordinates":[[7.5165,9.0483],[7.5168,9.0485]]},"properties":{"c":"m","r":"A234"}},{"type":"Feature","geometry":{"type":"LineString","coordinates":[[7.5171,9.0489],[7.5162,9.0483]]},"properties":{"c":"m","r":"A234"}},{"type":"Feature","geometry":{"type":"LineString","coordinates":[[7.4411,9.0175],[7.4353,9.0138]]},"properties":{"c":"t","r":""}},{"type":"Feature","geometry":{"type":"LineString","coordinates":[[7.4488,9.0352],[7.4489,9.0353]]},"properties":{"c":"m","r":""}},{"type":"Feature","geometry":{"type":"LineString","coordinates":[[7.4484,9.036],[7.4483,9.0359]]},"properties":{"c":"m","r":""}},{"type":"Feature","geometry":{"type":"LineString","coordinates":[[7.4566,9.044],[7.4556,9.0464]]},"properties":{"c":"t","r":""}},{"type":"Feature","geometry":{"type":"LineString","coordinates":[[7.5233,9.0548],[7.524,9.0569]]},"properties":{"c":"m","r":"A234"}},{"type":"Feature","geometry":{"type":"LineString","coordinates":[[7.5238,9.057],[7.5231,9.0549]]},"properties":{"c":"m","r":"A234"}},{"type":"Feature","geometry":{"type":"LineString","coordinates":[[7.5243,9.0578],[7.5247,9.0596]]},"properties":{"c":"m","r":"A234"}},{"type":"Feature","geometry":{"type":"LineString","coordinates":[[7.5246,9.0597],[7.5242,9.0579]]},"properties":{"c":"m","r":"A234"}},{"type":"Feature","geometry":{"type":"LineString","coordinates":[[6.7126,6.1945],[6.7175,6.1928]]},"properties":{"c":"t","r":"A232"}},{"type":"Feature","geometry":{"type":"LineString","coordinates":[[6.7175,6.1929],[6.7127,6.1946]]},"properties":{"c":"t","r":"A232"}},{"type":"Feature","geometry":{"type":"LineString","coordinates":[[6.7534,6.1364],[6.7482,6.1421],[6.7476,6.174],[6.7175,6.1929]]},"properties":{"c":"t","r":"A232"}},{"type":"Feature","geometry":{"type":"LineString","coordinates":[[6.7175,6.1928],[6.7476,6.1738],[6.7481,6.1449]]},"properties":{"c":"t","r":"A232"}},{"type":"Feature","geometry":{"type":"LineString","coordinates":[[7.4954,9.0491],[7.4977,9.0449]]},"properties":{"c":"t","r":""}},{"type":"Feature","geometry":{"type":"LineString","coordinates":[[7.501,9.0451],[7.4973,9.0502]]},"properties":{"c":"t","r":""}},{"type":"Feature","geometry":{"type":"LineString","coordinates":[[7.5257,9.0503],[7.5216,9.0499]]},"properties":{"c":"t","r":""}},{"type":"Feature","geometry":{"type":"LineString","coordinates":[[7.5033,9.0309],[7.5027,9.0291]]},"properties":{"c":"t","r":""}},{"type":"Feature","geometry":{"type":"LineString","coordinates":[[7.5027,9.0291],[7.5026,9.0289]]},"properties":{"c":"t","r":""}},{"type":"Feature","geometry":{"type":"LineString","coordinates":[[7.5028,9.0288],[7.5009,9.025]]},"properties":{"c":"m","r":""}},{"type":"Feature","geometry":{"type":"LineString","coordinates":[[7.5029,9.0291],[7.5028,9.0288]]},"properties":{"c":"m","r":""}},{"type":"Feature","geometry":{"type":"LineString","coordinates":[[7.5008,9.0245],[7.503,9.0288]]},"properties":{"c":"m","r":""}},{"type":"Feature","geometry":{"type":"LineString","coordinates":[[7.503,9.0288],[7.5031,9.029]]},"properties":{"c":"m","r":""}},{"type":"Feature","geometry":{"type":"LineString","coordinates":[[7.501,9.0244],[7.5032,9.0287]]},"properties":{"c":"t","r":""}},{"type":"Feature","geometry":{"type":"LineString","coordinates":[[7.5032,9.0287],[7.5033,9.029]]},"properties":{"c":"t","r":""}},{"type":"Feature","geometry":{"type":"LineString","coordinates":[[7.5168,9.0489],[7.5125,9.0454]]},"properties":{"c":"t","r":""}},{"type":"Feature","geometry":{"type":"LineString","coordinates":[[7.5125,9.0454],[7.51,9.0428]]},"properties":{"c":"t","r":""}},{"type":"Feature","geometry":{"type":"LineString","coordinates":[[7.0123,4.775],[7.0132,4.7742]]},"properties":{"c":"t","r":"A3"}},{"type":"Feature","geometry":{"type":"LineString","coordinates":[[7.5177,9.0488],[7.5211,9.0514]]},"properties":{"c":"t","r":""}},{"type":"Feature","geometry":{"type":"LineString","coordinates":[[7.5437,9.0337],[7.5488,9.028],[7.5615,9.0232]]},"properties":{"c":"t","r":""}},{"type":"Feature","geometry":{"type":"LineString","coordinates":[[7.5606,9.0244],[7.5488,9.0286],[7.5441,9.0351]]},"properties":{"c":"t","r":""}},{"type":"Feature","geometry":{"type":"LineString","coordinates":[[7.5633,9.0222],[7.5652,9.0216]]},"properties":{"c":"m","r":"A234"}},{"type":"Feature","geometry":{"type":"LineString","coordinates":[[7.5652,9.0217],[7.563,9.0226]]},"properties":{"c":"m","r":"A234"}},{"type":"Feature","geometry":{"type":"LineString","coordinates":[[7.5652,9.0216],[7.5655,9.0215]]},"properties":{"c":"m","r":"A234"}},{"type":"Feature","geometry":{"type":"LineString","coordinates":[[7.5656,9.0217],[7.5652,9.0217]]},"properties":{"c":"m","r":"A234"}},{"type":"Feature","geometry":{"type":"LineString","coordinates":[[7.5655,9.0213],[7.5693,9.0223]]},"properties":{"c":"t","r":""}},{"type":"Feature","geometry":{"type":"LineString","coordinates":[[7.564,9.0217],[7.5652,9.0214]]},"properties":{"c":"t","r":""}},{"type":"Feature","geometry":{"type":"LineString","coordinates":[[7.5652,9.0214],[7.5655,9.0213]]},"properties":{"c":"t","r":""}},{"type":"Feature","geometry":{"type":"LineString","coordinates":[[7.569,9.0227],[7.5656,9.0219]]},"properties":{"c":"t","r":""}},{"type":"Feature","geometry":{"type":"LineString","coordinates":[[7.5656,9.0219],[7.5652,9.0219]]},"properties":{"c":"t","r":""}},{"type":"Feature","geometry":{"type":"LineString","coordinates":[[7.5652,9.0219],[7.5641,9.0222]]},"properties":{"c":"t","r":""}},{"type":"Feature","geometry":{"type":"LineString","coordinates":[[7.5693,9.0223],[7.5697,9.0227]]},"properties":{"c":"t","r":""}},{"type":"Feature","geometry":{"type":"LineString","coordinates":[[7.5655,9.0215],[7.5697,9.0227]]},"properties":{"c":"m","r":"A234"}},{"type":"Feature","geometry":{"type":"LineString","coordinates":[[7.5696,9.0229],[7.5656,9.0217]]},"properties":{"c":"m","r":"A234"}},{"type":"Feature","geometry":{"type":"LineString","coordinates":[[7.5696,9.0229],[7.569,9.0227]]},"properties":{"c":"t","r":""}},{"type":"Feature","geometry":{"type":"LineString","coordinates":[[7.4843,9.0293],[7.4786,9.0232]]},"properties":{"c":"m","r":""}},{"type":"Feature","geometry":{"type":"LineString","coordinates":[[7.4788,9.023],[7.4843,9.0291]]},"properties":{"c":"m","r":""}},{"type":"Feature","geometry":{"type":"LineString","coordinates":[[7.4843,9.0291],[7.4846,9.0293]]},"properties":{"c":"m","r":""}},{"type":"Feature","geometry":{"type":"LineString","coordinates":[[7.4846,9.0295],[7.4843,9.0293]]},"properties":{"c":"m","r":""}},{"type":"Feature","geometry":{"type":"LineString","coordinates":[[7.4786,9.0232],[7.4781,9.0226]]},"properties":{"c":"m","r":""}},{"type":"Feature","geometry":{"type":"LineString","coordinates":[[7.4783,9.0225],[7.4788,9.023]]},"properties":{"c":"m","r":""}},{"type":"Feature","geometry":{"type":"LineString","coordinates":[[7.447,10.5852],[7.4467,10.5853]]},"properties":{"c":"t","r":"A2"}},{"type":"Feature","geometry":{"type":"LineString","coordinates":[[7.4469,10.5848],[7.447,10.5852]]},"properties":{"c":"t","r":"A2"}},{"type":"Feature","geometry":{"type":"LineString","coordinates":[[7.4467,10.5853],[7.4466,10.5849]]},"properties":{"c":"t","r":"A2"}},{"type":"Feature","geometry":{"type":"LineString","coordinates":[[8.5524,11.9662],[8.5511,11.9676]]},"properties":{"c":"t","r":"A2"}},{"type":"Feature","geometry":{"type":"LineString","coordinates":[[8.5503,11.9683],[8.5492,11.9695]]},"properties":{"c":"t","r":"A2"}},{"type":"Feature","geometry":{"type":"LineString","coordinates":[[8.5491,11.9694],[8.5503,11.9683]]},"properties":{"c":"t","r":"A2"}},{"type":"Feature","geometry":{"type":"LineString","coordinates":[[8.551,11.9675],[8.5524,11.9661]]},"properties":{"c":"t","r":"A2"}},{"type":"Feature","geometry":{"type":"LineString","coordinates":[[8.5328,11.9922],[8.533,11.9926]]},"properties":{"c":"t","r":"A2"}},{"type":"Feature","geometry":{"type":"LineString","coordinates":[[8.5343,11.9943],[8.5344,11.995]]},"properties":{"c":"t","r":"A2"}},{"type":"Feature","geometry":{"type":"LineString","coordinates":[[8.5343,11.995],[8.5343,11.9943]]},"properties":{"c":"t","r":"A2"}},{"type":"Feature","geometry":{"type":"LineString","coordinates":[[8.533,11.9927],[8.5327,11.9922]]},"properties":{"c":"t","r":"A2"}},{"type":"Feature","geometry":{"type":"LineString","coordinates":[[7.4152,10.5599],[7.4156,10.5612]]},"properties":{"c":"t","r":"A2"}},{"type":"Feature","geometry":{"type":"LineString","coordinates":[[7.4155,10.5612],[7.4151,10.56]]},"properties":{"c":"t","r":"A2"}},{"type":"Feature","geometry":{"type":"LineString","coordinates":[[7.4156,10.5612],[7.42,10.5752],[7.4327,10.5849]]},"properties":{"c":"t","r":"A2"}},{"type":"Feature","geometry":{"type":"LineString","coordinates":[[7.4322,10.585],[7.4194,10.5745],[7.4155,10.5612]]},"properties":{"c":"t","r":"A2"}},{"type":"Feature","geometry":{"type":"LineString","coordinates":[[7.5009,9.025],[7.4896,9.0103]]},"properties":{"c":"m","r":""}},{"type":"Feature","geometry":{"type":"LineString","coordinates":[[7.4924,9.0145],[7.4903,9.0118]]},"properties":{"c":"t","r":""}},{"type":"Feature","geometry":{"type":"LineString","coordinates":[[7.4896,9.0103],[7.4883,9.006]]},"properties":{"c":"m","r":""}},{"type":"Feature","geometry":{"type":"LineString","coordinates":[[7.4887,9.0073],[7.4903,9.0111]]},"properties":{"c":"m","r":""}},{"type":"Feature","geometry":{"type":"LineString","coordinates":[[7.0054,4.8257],[7.0044,4.8283]]},"properties":{"c":"t","r":"A3"}},{"type":"Feature","geometry":{"type":"LineString","coordinates":[[7.0042,4.8286],[7.0053,4.8257]]},"properties":{"c":"t","r":"A3"}},{"type":"Feature","geometry":{"type":"LineString","coordinates":[[7.0354,4.8424],[7.0377,4.8434]]},"properties":{"c":"t","r":"A3"}},{"type":"Feature","geometry":{"type":"LineString","coordinates":[[7.0377,4.8434],[7.0355,4.8425]]},"properties":{"c":"t","r":"A3"}},{"type":"Feature","geometry":{"type":"LineString","coordinates":[[7.0377,4.8434],[7.0431,4.8457]]},"properties":{"c":"t","r":"A3"}},{"type":"Feature","geometry":{"type":"LineString","coordinates":[[7.0431,4.8458],[7.0377,4.8434]]},"properties":{"c":"t","r":"A3"}},{"type":"Feature","geometry":{"type":"LineString","coordinates":[[7.0431,4.8457],[7.0437,4.8459]]},"properties":{"c":"t","r":"A3"}},{"type":"Feature","geometry":{"type":"LineString","coordinates":[[7.0439,4.8461],[7.0431,4.8458]]},"properties":{"c":"t","r":"A3"}},{"type":"Feature","geometry":{"type":"LineString","coordinates":[[7.0702,4.8569],[7.1013,4.8654]]},"properties":{"c":"t","r":"A3"}},{"type":"Feature","geometry":{"type":"LineString","coordinates":[[7.1012,4.8656],[7.0702,4.857]]},"properties":{"c":"t","r":"A3"}},{"type":"Feature","geometry":{"type":"LineString","coordinates":[[7.1235,4.8782],[7.1446,4.888]]},"properties":{"c":"t","r":"A3-1"}},{"type":"Feature","geometry":{"type":"LineString","coordinates":[[7.1445,4.8882],[7.1235,4.8783]]},"properties":{"c":"t","r":"A3-1"}},{"type":"Feature","geometry":{"type":"LineString","coordinates":[[5.7842,5.571],[5.7837,5.5721]]},"properties":{"c":"t","r":"A2"}},{"type":"Feature","geometry":{"type":"LineString","coordinates":[[5.7836,5.5721],[5.7841,5.571]]},"properties":{"c":"t","r":"A2"}},{"type":"Feature","geometry":{"type":"LineString","coordinates":[[6.7296,6.1422],[6.7295,6.1422]]},"properties":{"c":"t","r":""}},{"type":"Feature","geometry":{"type":"LineString","coordinates":[[6.8069,6.0946],[6.8086,6.0957]]},"properties":{"c":"t","r":""}},{"type":"Feature","geometry":{"type":"LineString","coordinates":[[6.8085,6.0958],[6.8078,6.0953]]},"properties":{"c":"t","r":""}},{"type":"Feature","geometry":{"type":"LineString","coordinates":[[6.7465,6.1302],[6.75,6.1366]]},"properties":{"c":"t","r":""}},{"type":"Feature","geometry":{"type":"LineString","coordinates":[[6.7426,6.1255],[6.7465,6.1302]]},"properties":{"c":"t","r":""}},{"type":"Feature","geometry":{"type":"LineString","coordinates":[[6.7492,6.1394],[6.7497,6.1373]]},"properties":{"c":"t","r":"A232"}},{"type":"Feature","geometry":{"type":"LineString","coordinates":[[6.7502,6.1372],[6.7509,6.1376]]},"properties":{"c":"t","r":"A232"}},{"type":"Feature","geometry":{"type":"LineString","coordinates":[[3.3797,6.4902],[3.3835,6.4801]]},"properties":{"c":"t","r":"A5"}},{"type":"Feature","geometry":{"type":"LineString","coordinates":[[3.8908,6.5142],[3.8913,6.5263],[3.8971,6.5354],[3.9221,6.5449]]},"properties":{"c":"t","r":""}},{"type":"Feature","geometry":{"type":"LineString","coordinates":[[3.9444,6.5745],[3.942,6.57]]},"properties":{"c":"t","r":""}},{"type":"Feature","geometry":{"type":"LineString","coordinates":[[3.8908,6.5142],[3.8918,6.4929],[3.8883,6.4865]]},"properties":{"c":"t","r":""}},{"type":"Feature","geometry":{"type":"LineString","coordinates":[[3.942,6.57],[3.9444,6.5745]]},"properties":{"c":"t","r":""}},{"type":"Feature","geometry":{"type":"LineString","coordinates":[[3.945,6.5756],[3.9444,6.5745]]},"properties":{"c":"t","r":""}},{"type":"Feature","geometry":{"type":"LineString","coordinates":[[3.942,6.57],[3.9405,6.5667]]},"properties":{"c":"t","r":""}},{"type":"Feature","geometry":{"type":"LineString","coordinates":[[3.9343,6.5546],[3.9405,6.5667]]},"properties":{"c":"t","r":""}},{"type":"Feature","geometry":{"type":"LineString","coordinates":[[3.9405,6.5667],[3.9343,6.5546]]},"properties":{"c":"t","r":""}},{"type":"Feature","geometry":{"type":"LineString","coordinates":[[3.9343,6.5546],[3.9331,6.5531]]},"properties":{"c":"t","r":""}},{"type":"Feature","geometry":{"type":"LineString","coordinates":[[3.9221,6.5449],[3.9331,6.5531]]},"properties":{"c":"t","r":""}},{"type":"Feature","geometry":{"type":"LineString","coordinates":[[3.9331,6.5531],[3.922,6.545]]},"properties":{"c":"t","r":""}},{"type":"Feature","geometry":{"type":"LineString","coordinates":[[7.0065,9.25],[7.0065,9.2487]]},"properties":{"c":"t","r":""}},{"type":"Feature","geometry":{"type":"LineString","coordinates":[[7.0066,9.2503],[7.0065,9.25]]},"properties":{"c":"t","r":""}},{"type":"Feature","geometry":{"type":"LineString","coordinates":[[7.0056,9.2542],[6.9978,9.2702]]},"properties":{"c":"t","r":"A124"}},{"type":"Feature","geometry":{"type":"LineString","coordinates":[[7.0056,9.2542],[7.0066,9.2503]]},"properties":{"c":"t","r":"A124"}},{"type":"Feature","geometry":{"type":"LineString","coordinates":[[6.9978,9.2702],[7.0056,9.2542]]},"properties":{"c":"t","r":"A124"}},{"type":"Feature","geometry":{"type":"LineString","coordinates":[[9.8405,10.3458],[9.8228,10.3212]]},"properties":{"c":"t","r":"A3"}},{"type":"Feature","geometry":{"type":"LineString","coordinates":[[3.8774,7.3886],[3.876,7.3874]]},"properties":{"c":"t","r":"A5"}},{"type":"Feature","geometry":{"type":"LineString","coordinates":[[11.368,8.9575],[11.3893,8.97]]},"properties":{"c":"t","r":"A4"}},{"type":"Feature","geometry":{"type":"LineString","coordinates":[[11.3891,8.9703],[11.3678,8.9577]]},"properties":{"c":"t","r":"A4"}},{"type":"Feature","geometry":{"type":"LineString","coordinates":[[11.3678,8.9573],[11.3678,8.9573]]},"properties":{"c":"t","r":"A4"}},{"type":"Feature","geometry":{"type":"LineString","coordinates":[[11.3894,8.9701],[11.39,8.9707]]},"properties":{"c":"t","r":"A4"}},{"type":"Feature","geometry":{"type":"LineString","coordinates":[[11.39,8.9707],[11.3893,8.9704]]},"properties":{"c":"t","r":"A4"}},{"type":"Feature","geometry":{"type":"LineString","coordinates":[[11.3891,8.9701],[11.3891,8.9701]]},"properties":{"c":"t","r":"A4"}},{"type":"Feature","geometry":{"type":"LineString","coordinates":[[11.3119,8.9049],[11.3119,8.9049]]},"properties":{"c":"t","r":"A4"}},{"type":"Feature","geometry":{"type":"LineString","coordinates":[[11.3121,8.9052],[11.3219,8.9198]]},"properties":{"c":"t","r":"A4"}},{"type":"Feature","geometry":{"type":"LineString","coordinates":[[11.3218,8.9198],[11.3118,8.9053]]},"properties":{"c":"t","r":"A4"}},{"type":"Feature","geometry":{"type":"LineString","coordinates":[[11.3341,8.934],[11.3394,8.9374]]},"properties":{"c":"t","r":"A4"}},{"type":"Feature","geometry":{"type":"LineString","coordinates":[[11.3341,8.9341],[11.3339,8.934]]},"properties":{"c":"t","r":"A4"}},{"type":"Feature","geometry":{"type":"LineString","coordinates":[[11.3394,8.9374],[11.3341,8.9341]]},"properties":{"c":"t","r":"A4"}},{"type":"Feature","geometry":{"type":"LineString","coordinates":[[11.34,8.9378],[11.3394,8.9374]]},"properties":{"c":"t","r":"A4"}},{"type":"Feature","geometry":{"type":"LineString","coordinates":[[11.34,8.9378],[11.3372,8.9361]]},"properties":{"c":"t","r":"A4"}},{"type":"Feature","geometry":{"type":"LineString","coordinates":[[11.3373,8.9359],[11.3399,8.9375]]},"properties":{"c":"t","r":"A4"}},{"type":"Feature","geometry":{"type":"LineString","coordinates":[[11.3676,8.9575],[11.34,8.9378]]},"properties":{"c":"t","r":"A4"}},{"type":"Feature","geometry":{"type":"LineString","coordinates":[[11.2558,8.8841],[11.3119,8.9049]]},"properties":{"c":"t","r":"A4"}},{"type":"Feature","geometry":{"type":"LineString","coordinates":[[11.3219,8.9198],[11.3225,8.9208]]},"properties":{"c":"t","r":"A4"}},{"type":"Feature","geometry":{"type":"LineString","coordinates":[[11.3225,8.9208],[11.334,8.9339]]},"properties":{"c":"t","r":"A4"}},{"type":"Feature","geometry":{"type":"LineString","coordinates":[[8.3743,5.9594],[8.3591,5.9729],[8.3525,5.9745],[8.3365,5.9864],[8.3289,5.9874],[8.3218,5.9966],[8.3082,6.0009]]},"properties":{"c":"t","r":"A4"}},{"type":"Feature","geometry":{"type":"LineString","coordinates":[[6.3343,7.2092],[6.3371,7.1994],[6.3321,7.19],[6.327,7.1574]]},"properties":{"c":"t","r":"A2"}},{"type":"Feature","geometry":{"type":"LineString","coordinates":[[6.3312,7.2219],[6.3432,7.2363]]},"properties":{"c":"t","r":"A2"}},{"type":"Feature","geometry":{"type":"LineString","coordinates":[[6.3432,7.2363],[6.3311,7.2219]]},"properties":{"c":"t","r":"A2"}},{"type":"Feature","geometry":{"type":"LineString","coordinates":[[6.3344,7.2092],[6.3312,7.2219]]},"properties":{"c":"t","r":"A2"}},{"type":"Feature","geometry":{"type":"LineString","coordinates":[[6.3311,7.2219],[6.3343,7.2092]]},"properties":{"c":"t","r":"A2"}},{"type":"Feature","geometry":{"type":"LineString","coordinates":[[6.3443,7.2387],[6.3432,7.2363]]},"properties":{"c":"t","r":"A2"}},{"type":"Feature","geometry":{"type":"LineString","coordinates":[[6.2773,7.0772],[6.278,7.0797]]},"properties":{"c":"t","r":"A2"}},{"type":"Feature","geometry":{"type":"LineString","coordinates":[[6.8168,6.0995],[6.8155,6.0998]]},"properties":{"c":"t","r":""}},{"type":"Feature","geometry":{"type":"LineString","coordinates":[[4.2481,8.1671],[4.2272,8.1562]]},"properties":{"c":"m","r":"E1"}},{"type":"Feature","geometry":{"type":"LineString","coordinates":[[4.2274,8.1559],[4.2483,8.1669]]},"properties":{"c":"m","r":"E1"}},{"type":"Feature","geometry":{"type":"LineString","coordinates":[[6.8541,10.6548],[6.8393,10.6695]]},"properties":{"c":"t","r":"A125"}},{"type":"Feature","geometry":{"type":"LineString","coordinates":[[6.8393,10.6695],[6.8391,10.6699]]},"properties":{"c":"t","r":"A125"}},{"type":"Feature","geometry":{"type":"LineString","coordinates":[[3.2033,6.4609],[3.2044,6.4604]]},"properties":{"c":"t","r":"F100"}},{"type":"Feature","geometry":{"type":"LineString","coordinates":[[3.2044,6.4604],[3.2118,6.4595]]},"properties":{"c":"t","r":"F100"}},{"type":"Feature","geometry":{"type":"LineString","coordinates":[[3.2045,6.4606],[3.2033,6.4612]]},"properties":{"c":"t","r":"F100"}},{"type":"Feature","geometry":{"type":"LineString","coordinates":[[8.5726,8.4283],[8.5695,8.4205]]},"properties":{"c":"t","r":"A3"}},{"type":"Feature","geometry":{"type":"LineString","coordinates":[[8.5725,8.4305],[8.5726,8.4283]]},"properties":{"c":"t","r":"A3"}},{"type":"Feature","geometry":{"type":"LineString","coordinates":[[8.5695,8.4205],[8.5689,8.4194]]},"properties":{"c":"t","r":"A3"}},{"type":"Feature","geometry":{"type":"LineString","coordinates":[[8.5689,8.4194],[8.5677,8.4181]]},"properties":{"c":"t","r":"A3"}},{"type":"Feature","geometry":{"type":"LineString","coordinates":[[8.5677,8.4181],[8.5597,8.4076]]},"properties":{"c":"t","r":"A3"}},{"type":"Feature","geometry":{"type":"LineString","coordinates":[[8.5597,8.4076],[8.5531,8.3982]]},"properties":{"c":"t","r":"A3"}},{"type":"Feature","geometry":{"type":"LineString","coordinates":[[8.5531,8.3982],[8.5532,8.3928]]},"properties":{"c":"t","r":"A3"}},{"type":"Feature","geometry":{"type":"LineString","coordinates":[[8.5532,8.3928],[8.5554,8.3814]]},"properties":{"c":"t","r":"A3"}},{"type":"Feature","geometry":{"type":"LineString","coordinates":[[8.5554,8.3814],[8.5543,8.3702],[8.5663,8.3449]]},"properties":{"c":"t","r":"A3"}},{"type":"Feature","geometry":{"type":"LineString","coordinates":[[8.5663,8.3449],[8.5665,8.3403]]},"properties":{"c":"t","r":"A3"}},{"type":"Feature","geometry":{"type":"LineString","coordinates":[[8.5665,8.3403],[8.5682,8.3358],[8.5624,8.3185],[8.5622,8.2943]]},"properties":{"c":"t","r":"A3"}},{"type":"Feature","geometry":{"type":"LineString","coordinates":[[8.5622,8.2943],[8.5649,8.288],[8.5593,8.259],[8.5702,8.2379]]},"properties":{"c":"t","r":"A3"}},{"type":"Feature","geometry":{"type":"LineString","coordinates":[[8.5793,8.4733],[8.5752,8.4672]]},"properties":{"c":"t","r":"A3"}},{"type":"Feature","geometry":{"type":"LineString","coordinates":[[8.5752,8.4672],[8.5712,8.4594]]},"properties":{"c":"t","r":"A3"}},{"type":"Feature","geometry":{"type":"LineString","coordinates":[[8.5712,8.4594],[8.5668,8.4476],[8.5695,8.4384]]},"properties":{"c":"t","r":"A3"}},{"type":"Feature","geometry":{"type":"LineString","coordinates":[[8.5695,8.4384],[8.5725,8.4305]]},"properties":{"c":"t","r":"A3"}},{"type":"Feature","geometry":{"type":"LineString","coordinates":[[7.6492,10.4708],[7.6495,10.4703]]},"properties":{"c":"t","r":"A235"}},{"type":"Feature","geometry":{"type":"LineString","coordinates":[[7.6495,10.4703],[7.6517,10.4512],[7.6683,10.433],[7.674,10.4163],[7.6832,10.4109],[7.6977,10.413],[7.7114,10.4061],[7.7148,10.3992]]},"properties":{"c":"t","r":"A235"}},{"type":"Feature","geometry":{"type":"LineString","coordinates":[[3.8249,7.2454],[3.8371,7.2375],[3.9213,7.2567],[3.9743,7.2958]]},"properties":{"c":"t","r":""}},{"type":"Feature","geometry":{"type":"LineString","coordinates":[[3.9743,7.2961],[3.9212,7.2568],[3.8375,7.2377],[3.8258,7.246]]},"properties":{"c":"t","r":""}},{"type":"Feature","geometry":{"type":"LineString","coordinates":[[7.4497,9.0383],[7.4484,9.036]]},"properties":{"c":"m","r":""}},{"type":"Feature","geometry":{"type":"LineString","coordinates":[[7.5085,9.0404],[7.5113,9.0434]]},"properties":{"c":"t","r":""}},{"type":"Feature","geometry":{"type":"LineString","coordinates":[[7.5114,9.0437],[7.5153,9.0474]]},"properties":{"c":"m","r":""}},{"type":"Feature","geometry":{"type":"LineString","coordinates":[[7.5153,9.0474],[7.5165,9.0483]]},"properties":{"c":"m","r":""}},{"type":"Feature","geometry":{"type":"LineString","coordinates":[[7.504,9.0311],[7.5085,9.0404]]},"properties":{"c":"t","r":""}},{"type":"Feature","geometry":{"type":"LineString","coordinates":[[7.5031,9.029],[7.507,9.0387]]},"properties":{"c":"m","r":""}},{"type":"Feature","geometry":{"type":"LineString","coordinates":[[7.5154,9.0477],[7.5071,9.0393]]},"properties":{"c":"m","r":""}},{"type":"Feature","geometry":{"type":"LineString","coordinates":[[7.5033,9.029],[7.504,9.0311]]},"properties":{"c":"t","r":""}},{"type":"Feature","geometry":{"type":"LineString","coordinates":[[7.4932,9.0146],[7.501,9.0244]]},"properties":{"c":"t","r":""}},{"type":"Feature","geometry":{"type":"LineString","coordinates":[[7.4893,9.0144],[7.4903,9.0118]]},"properties":{"c":"t","r":""}},{"type":"Feature","geometry":{"type":"LineString","coordinates":[[8.5695,8.4387],[8.5679,8.4518],[8.5794,8.4732]]},"properties":{"c":"t","r":"A3"}},{"type":"Feature","geometry":{"type":"LineString","coordinates":[[8.5698,8.4383],[8.5695,8.4387]]},"properties":{"c":"t","r":"A3"}},{"type":"Feature","geometry":{"type":"LineString","coordinates":[[3.2391,6.709],[3.2247,6.7158],[3.2156,6.7379]]},"properties":{"c":"t","r":"A5"}},{"type":"Feature","geometry":{"type":"LineString","coordinates":[[3.3663,6.4814],[3.3656,6.4787]]},"properties":{"c":"m","r":"A1"}},{"type":"Feature","geometry":{"type":"LineString","coordinates":[[3.3663,6.4816],[3.3663,6.4814]]},"properties":{"c":"m","r":"A1"}},{"type":"Feature","geometry":{"type":"LineString","coordinates":[[6.7549,7.9397],[6.7548,7.9393]]},"properties":{"c":"t","r":"A2"}},{"type":"Feature","geometry":{"type":"LineString","coordinates":[[6.7548,7.9393],[6.7487,7.9182],[6.7529,7.9004]]},"properties":{"c":"t","r":"A2"}},{"type":"Feature","geometry":{"type":"LineString","coordinates":[[6.7699,8.0523],[6.7689,8.0513]]},"properties":{"c":"t","r":"A2"}},{"type":"Feature","geometry":{"type":"LineString","coordinates":[[6.2554,6.799],[6.2557,6.7993]]},"properties":{"c":"t","r":"A2"}},{"type":"Feature","geometry":{"type":"LineString","coordinates":[[6.2577,6.8288],[6.2568,6.8036]]},"properties":{"c":"t","r":"A2"}},{"type":"Feature","geometry":{"type":"LineString","coordinates":[[6.2543,6.8503],[6.2521,6.8412],[6.2577,6.8288]]},"properties":{"c":"t","r":"A2"}},{"type":"Feature","geometry":{"type":"LineString","coordinates":[[7.4904,9.0109],[7.4932,9.0146]]},"properties":{"c":"t","r":""}},{"type":"Feature","geometry":{"type":"LineString","coordinates":[[5.2419,13.0226],[5.2403,13.0262]]},"properties":{"c":"t","r":"A126"}},{"type":"Feature","geometry":{"type":"LineString","coordinates":[[6.2568,6.8036],[6.259,6.826],[6.2525,6.8397],[6.2543,6.8503]]},"properties":{"c":"t","r":"A2"}},{"type":"Feature","geometry":{"type":"LineString","coordinates":[[3.8894,7.3995],[3.8894,7.3996]]},"properties":{"c":"t","r":"A5"}},{"type":"Feature","geometry":{"type":"LineString","coordinates":[[3.8894,7.3996],[3.89,7.4003]]},"properties":{"c":"t","r":"A5"}},{"type":"Feature","geometry":{"type":"LineString","coordinates":[[3.8893,7.3996],[3.8893,7.3996]]},"properties":{"c":"t","r":"A5"}},{"type":"Feature","geometry":{"type":"LineString","coordinates":[[3.8894,7.3996],[3.8893,7.3996]]},"properties":{"c":"t","r":"A5"}},{"type":"Feature","geometry":{"type":"LineString","coordinates":[[3.8893,7.3996],[3.8893,7.3996]]},"properties":{"c":"t","r":"A5"}},{"type":"Feature","geometry":{"type":"LineString","coordinates":[[3.8893,7.3996],[3.8867,7.3961]]},"properties":{"c":"t","r":"A5"}},{"type":"Feature","geometry":{"type":"LineString","coordinates":[[3.9051,7.3943],[3.9052,7.3943]]},"properties":{"c":"t","r":"A1"}},{"type":"Feature","geometry":{"type":"LineString","coordinates":[[3.9052,7.3943],[3.9091,7.3983]]},"properties":{"c":"t","r":"A1"}},{"type":"Feature","geometry":{"type":"LineString","coordinates":[[3.9051,7.3943],[3.9051,7.3943]]},"properties":{"c":"t","r":"A1"}},{"type":"Feature","geometry":{"type":"LineString","coordinates":[[3.9089,7.3984],[3.9051,7.3943]]},"properties":{"c":"t","r":"A1"}},{"type":"Feature","geometry":{"type":"LineString","coordinates":[[3.5647,7.2617],[3.5644,7.2616]]},"properties":{"c":"t","r":"A5"}},{"type":"Feature","geometry":{"type":"LineString","coordinates":[[3.5794,7.2734],[3.5647,7.2617]]},"properties":{"c":"t","r":"A5"}},{"type":"Feature","geometry":{"type":"LineString","coordinates":[[3.5889,7.2791],[3.582,7.2748]]},"properties":{"c":"t","r":"A5"}},{"type":"Feature","geometry":{"type":"LineString","coordinates":[[3.5892,7.2793],[3.5889,7.2791]]},"properties":{"c":"t","r":"A5"}},{"type":"Feature","geometry":{"type":"LineString","coordinates":[[3.5818,7.2746],[3.5794,7.2734]]},"properties":{"c":"t","r":"A5"}},{"type":"Feature","geometry":{"type":"LineString","coordinates":[[3.582,7.2748],[3.5818,7.2746]]},"properties":{"c":"t","r":"A5"}},{"type":"Feature","geometry":{"type":"LineString","coordinates":[[3.5104,7.228],[3.5102,7.2279]]},"properties":{"c":"t","r":"A5"}},{"type":"Feature","geometry":{"type":"LineString","coordinates":[[3.5335,7.2402],[3.5276,7.2321],[3.5213,7.2328],[3.5104,7.228]]},"properties":{"c":"t","r":"A5"}},{"type":"Feature","geometry":{"type":"LineString","coordinates":[[3.5336,7.2403],[3.5335,7.2402]]},"properties":{"c":"t","r":"A5"}},{"type":"Feature","geometry":{"type":"LineString","coordinates":[[3.5644,7.2616],[3.5336,7.2403]]},"properties":{"c":"t","r":"A5"}},{"type":"Feature","geometry":{"type":"LineString","coordinates":[[8.5602,7.7689],[8.5666,7.7959]]},"properties":{"c":"t","r":"A3"}},{"type":"Feature","geometry":{"type":"LineString","coordinates":[[8.5602,7.7689],[8.5528,7.7465]]},"properties":{"c":"t","r":"A3"}},{"type":"Feature","geometry":{"type":"LineString","coordinates":[[8.5665,7.7959],[8.5602,7.7689]]},"properties":{"c":"t","r":"A3"}},{"type":"Feature","geometry":{"type":"LineString","coordinates":[[11.3394,8.9374],[11.3401,8.9377]]},"properties":{"c":"t","r":"A4"}},{"type":"Feature","geometry":{"type":"LineString","coordinates":[[11.334,8.9339],[11.3341,8.934]]},"properties":{"c":"t","r":"A4"}},{"type":"Feature","geometry":{"type":"LineString","coordinates":[[11.2384,8.8779],[11.2558,8.8841]]},"properties":{"c":"t","r":"A4"}},{"type":"Feature","geometry":{"type":"LineString","coordinates":[[7.4171,9.0082],[7.4171,9.0082]]},"properties":{"c":"m","r":""}},{"type":"Feature","geometry":{"type":"LineString","coordinates":[[7.4179,9.0087],[7.418,9.0088]]},"properties":{"c":"m","r":""}},{"type":"Feature","geometry":{"type":"LineString","coordinates":[[13.174,11.8485],[13.1734,11.8476]]},"properties":{"c":"t","r":"A3"}},{"type":"Feature","geometry":{"type":"LineString","coordinates":[[13.1756,11.849],[13.1739,11.8486]]},"properties":{"c":"t","r":"A3"}},{"type":"Feature","geometry":{"type":"LineString","coordinates":[[13.8916,12.0301],[13.8612,12.0182],[13.8034,12.014],[13.7564,11.9807],[13.6889,11.9687],[13.5766,11.9104],[13.4225,11.874],[13.3756,11.8826],[13.3172,11.8865],[13.2612,11.8719]]},"properties":{"c":"t","r":"A3"}},{"type":"Feature","geometry":{"type":"LineString","coordinates":[[13.1733,11.8485],[13.1725,11.8493]]},"properties":{"c":"t","r":"A4-7"}},{"type":"Feature","geometry":{"type":"LineString","coordinates":[[13.1735,11.8481],[13.1733,11.8485]]},"properties":{"c":"t","r":"A4-7"}},{"type":"Feature","geometry":{"type":"LineString","coordinates":[[13.1738,11.8462],[13.1735,11.8481]]},"properties":{"c":"t","r":"A4-7"}},{"type":"Feature","geometry":{"type":"LineString","coordinates":[[3.3369,6.5927],[3.3345,6.5985]]},"properties":{"c":"t","r":"A5"}},{"type":"Feature","geometry":{"type":"LineString","coordinates":[[3.3345,6.5985],[3.3333,6.6015]]},"properties":{"c":"t","r":"A5"}},{"type":"Feature","geometry":{"type":"LineString","coordinates":[[8.5561,8.5799],[8.5562,8.572],[8.5453,8.5621]]},"properties":{"c":"t","r":"A3"}},{"type":"Feature","geometry":{"type":"LineString","coordinates":[[8.5561,8.5801],[8.5561,8.5799]]},"properties":{"c":"t","r":"A3"}},{"type":"Feature","geometry":{"type":"LineString","coordinates":[[8.5591,8.5978],[8.56,8.5902],[8.5561,8.5801]]},"properties":{"c":"t","r":"A3"}},{"type":"Feature","geometry":{"type":"LineString","coordinates":[[8.5562,8.58],[8.5601,8.5903],[8.5592,8.5976]]},"properties":{"c":"t","r":"A3"}},{"type":"Feature","geometry":{"type":"LineString","coordinates":[[3.3992,6.4434],[3.4003,6.4424]]},"properties":{"c":"m","r":"F264"}},{"type":"Feature","geometry":{"type":"LineString","coordinates":[[3.399,6.4435],[3.3992,6.4434]]},"properties":{"c":"m","r":"F264"}},{"type":"Feature","geometry":{"type":"LineString","coordinates":[[3.5999,6.4319],[3.6634,6.4264],[3.8318,6.4434]]},"properties":{"c":"t","r":""}},{"type":"Feature","geometry":{"type":"LineString","coordinates":[[7.4963,8.9738],[7.4884,9.0025]]},"properties":{"c":"m","r":""}},{"type":"Feature","geometry":{"type":"LineString","coordinates":[[7.4882,9.0024],[7.4958,8.9738]]},"properties":{"c":"m","r":""}},{"type":"Feature","geometry":{"type":"LineString","coordinates":[[5.2272,13.3259],[5.2249,13.3149],[5.2277,13.2992]]},"properties":{"c":"t","r":"A1"}},{"type":"Feature","geometry":{"type":"LineString","coordinates":[[8.3457,5.1537],[8.3489,5.1519]]},"properties":{"c":"t","r":""}},{"type":"Feature","geometry":{"type":"LineString","coordinates":[[8.3441,5.1562],[8.3457,5.1537]]},"properties":{"c":"t","r":""}},{"type":"Feature","geometry":{"type":"LineString","coordinates":[[8.3489,5.1519],[8.3524,5.1503]]},"properties":{"c":"t","r":""}},{"type":"Feature","geometry":{"type":"LineString","coordinates":[[8.3489,5.152],[8.3457,5.1537]]},"properties":{"c":"t","r":""}},{"type":"Feature","geometry":{"type":"LineString","coordinates":[[8.3457,5.1537],[8.3445,5.156]]},"properties":{"c":"t","r":""}},{"type":"Feature","geometry":{"type":"LineString","coordinates":[[8.3464,5.1414],[8.3464,5.1414]]},"properties":{"c":"t","r":""}},{"type":"Feature","geometry":{"type":"LineString","coordinates":[[8.3478,5.1437],[8.3462,5.1415]]},"properties":{"c":"t","r":""}},{"type":"Feature","geometry":{"type":"LineString","coordinates":[[8.3463,5.1415],[8.3478,5.1437]]},"properties":{"c":"t","r":""}},{"type":"Feature","geometry":{"type":"LineString","coordinates":[[8.3464,5.1413],[8.3546,5.1493]]},"properties":{"c":"t","r":""}},{"type":"Feature","geometry":{"type":"LineString","coordinates":[[8.3544,5.1494],[8.3463,5.1415]]},"properties":{"c":"t","r":""}},{"type":"Feature","geometry":{"type":"LineString","coordinates":[[3.6389,6.4708],[3.6223,6.4742]]},"properties":{"c":"t","r":""}},{"type":"Feature","geometry":{"type":"LineString","coordinates":[[5.2283,13.3372],[5.2272,13.3259]]},"properties":{"c":"t","r":"A1"}},{"type":"Feature","geometry":{"type":"LineString","coordinates":[[3.3617,7.1477],[3.3593,7.1487]]},"properties":{"c":"t","r":""}},{"type":"Feature","geometry":{"type":"LineString","coordinates":[[3.3621,7.1475],[3.3617,7.1477]]},"properties":{"c":"t","r":""}},{"type":"Feature","geometry":{"type":"LineString","coordinates":[[3.3621,7.124],[3.3583,7.1252]]},"properties":{"c":"t","r":"F102"}},{"type":"Feature","geometry":{"type":"LineString","coordinates":[[3.3583,7.1251],[3.362,7.1239]]},"properties":{"c":"t","r":"F102"}},{"type":"Feature","geometry":{"type":"LineString","coordinates":[[3.3583,7.1252],[3.3564,7.1273]]},"properties":{"c":"t","r":"F102"}},{"type":"Feature","geometry":{"type":"LineString","coordinates":[[3.3563,7.1272],[3.3583,7.1251]]},"properties":{"c":"t","r":"F102"}},{"type":"Feature","geometry":{"type":"LineString","coordinates":[[3.3564,7.1273],[3.3523,7.134]]},"properties":{"c":"t","r":"F102"}},{"type":"Feature","geometry":{"type":"LineString","coordinates":[[3.3522,7.1339],[3.3563,7.1272]]},"properties":{"c":"t","r":"F102"}},{"type":"Feature","geometry":{"type":"LineString","coordinates":[[3.3523,7.134],[3.3497,7.1353]]},"properties":{"c":"t","r":"F102"}},{"type":"Feature","geometry":{"type":"LineString","coordinates":[[3.3497,7.1353],[3.3471,7.1355]]},"properties":{"c":"t","r":"F102"}},{"type":"Feature","geometry":{"type":"LineString","coordinates":[[3.347,7.1354],[3.3497,7.1351]]},"properties":{"c":"t","r":"F102"}},{"type":"Feature","geometry":{"type":"LineString","coordinates":[[3.3497,7.1351],[3.3522,7.1339]]},"properties":{"c":"t","r":"F102"}},{"type":"Feature","geometry":{"type":"LineString","coordinates":[[3.4041,6.6036],[3.4031,6.6039]]},"properties":{"c":"m","r":"A1"}},{"type":"Feature","geometry":{"type":"LineString","coordinates":[[3.4031,6.6038],[3.4043,6.6035]]},"properties":{"c":"m","r":"A1"}},{"type":"Feature","geometry":{"type":"LineString","coordinates":[[4.0171,7.3159],[3.9993,7.307]]},"properties":{"c":"t","r":""}},{"type":"Feature","geometry":{"type":"LineString","coordinates":[[7.7041,11.1294],[7.7042,11.1293]]},"properties":{"c":"t","r":"A126"}},{"type":"Feature","geometry":{"type":"LineString","coordinates":[[7.7041,11.1294],[7.7011,11.1312]]},"properties":{"c":"t","r":"A126"}},{"type":"Feature","geometry":{"type":"LineString","coordinates":[[7.885,8.855],[7.8756,8.8562]]},"properties":{"c":"t","r":"A234"}},{"type":"Feature","geometry":{"type":"LineString","coordinates":[[7.8853,8.8549],[7.885,8.855]]},"properties":{"c":"t","r":"A234"}},{"type":"Feature","geometry":{"type":"LineString","coordinates":[[7.9512,8.8353],[7.966,8.84]]},"properties":{"c":"t","r":"A234"}},{"type":"Feature","geometry":{"type":"LineString","coordinates":[[7.966,8.8401],[7.9511,8.8355]]},"properties":{"c":"t","r":"A234"}},{"type":"Feature","geometry":{"type":"LineString","coordinates":[[7.9511,8.8355],[7.9503,8.8348]]},"properties":{"c":"t","r":"A234"}},{"type":"Feature","geometry":{"type":"LineString","coordinates":[[7.9503,8.8348],[7.9456,8.833],[7.9331,8.8364],[7.911,8.8474],[7.8959,8.8486],[7.8853,8.8549]]},"properties":{"c":"t","r":"A234"}},{"type":"Feature","geometry":{"type":"LineString","coordinates":[[8.5545,7.6556],[8.5584,7.6411],[8.5664,7.6296]]},"properties":{"c":"t","r":"A3"}},{"type":"Feature","geometry":{"type":"LineString","coordinates":[[11.8715,11.7263],[11.9443,11.7377]]},"properties":{"c":"t","r":"A3"}},{"type":"Feature","geometry":{"type":"LineString","coordinates":[[11.8709,11.7264],[11.8709,11.7264]]},"properties":{"c":"t","r":"A3"}},{"type":"Feature","geometry":{"type":"LineString","coordinates":[[13.1168,11.8341],[13.1167,11.8337]]},"properties":{"c":"t","r":"A4"}},{"type":"Feature","geometry":{"type":"LineString","coordinates":[[13.1168,11.8337],[13.1169,11.8341]]},"properties":{"c":"t","r":"A4"}},{"type":"Feature","geometry":{"type":"LineString","coordinates":[[3.6642,6.917],[3.6689,6.9433]]},"properties":{"c":"t","r":"A1"}},{"type":"Feature","geometry":{"type":"LineString","coordinates":[[3.6674,6.8943],[3.6642,6.917]]},"properties":{"c":"t","r":"A1"}},{"type":"Feature","geometry":{"type":"LineString","coordinates":[[3.6689,6.9433],[3.6691,6.9438]]},"properties":{"c":"t","r":"A1"}},{"type":"Feature","geometry":{"type":"LineString","coordinates":[[3.6689,6.9433],[3.6642,6.917]]},"properties":{"c":"t","r":"A1"}},{"type":"Feature","geometry":{"type":"LineString","coordinates":[[3.6671,6.8937],[3.6674,6.8943]]},"properties":{"c":"t","r":"A1"}},{"type":"Feature","geometry":{"type":"LineString","coordinates":[[3.6642,6.917],[3.6674,6.8943]]},"properties":{"c":"t","r":"A1"}},{"type":"Feature","geometry":{"type":"LineString","coordinates":[[3.3748,6.5821],[3.3751,6.5825]]},"properties":{"c":"m","r":"A1"}},{"type":"Feature","geometry":{"type":"LineString","coordinates":[[3.8318,6.4434],[3.6632,6.4268],[3.5999,6.4321]]},"properties":{"c":"t","r":""}},{"type":"Feature","geometry":{"type":"LineString","coordinates":[[4.0674,7.3642],[4.068,7.3673]]},"properties":{"c":"t","r":""}},{"type":"Feature","geometry":{"type":"LineString","coordinates":[[4.0678,7.3673],[4.0671,7.3638]]},"properties":{"c":"t","r":""}},{"type":"Feature","geometry":{"type":"LineString","coordinates":[[4.4762,8.5204],[4.4667,8.4922]]},"properties":{"c":"t","r":""}},{"type":"Feature","geometry":{"type":"LineString","coordinates":[[4.4562,8.4597],[4.4668,8.4923]]},"properties":{"c":"m","r":"A14"}},{"type":"Feature","geometry":{"type":"LineString","coordinates":[[4.4837,8.5294],[4.4762,8.5204]]},"properties":{"c":"t","r":""}},{"type":"Feature","geometry":{"type":"LineString","coordinates":[[4.4763,8.5203],[4.4838,8.5294]]},"properties":{"c":"t","r":"A14"}},{"type":"Feature","geometry":{"type":"LineString","coordinates":[[4.4868,8.5323],[4.4837,8.5294]]},"properties":{"c":"t","r":"A14"}},{"type":"Feature","geometry":{"type":"LineString","coordinates":[[4.5263,8.5689],[4.4982,8.5428]]},"properties":{"c":"m","r":"A14"}},{"type":"Feature","geometry":{"type":"LineString","coordinates":[[4.4982,8.5428],[4.4901,8.5354]]},"properties":{"c":"t","r":"A14"}},{"type":"Feature","geometry":{"type":"LineString","coordinates":[[4.5271,8.5696],[4.5263,8.5689]]},"properties":{"c":"m","r":"A14"}},{"type":"Feature","geometry":{"type":"LineString","coordinates":[[4.5434,8.5916],[4.5391,8.5811],[4.5271,8.5696]]},"properties":{"c":"m","r":"A14"}},{"type":"Feature","geometry":{"type":"LineString","coordinates":[[4.5272,8.5695],[4.5393,8.581],[4.5435,8.5916]]},"properties":{"c":"m","r":"A14"}},{"type":"Feature","geometry":{"type":"LineString","coordinates":[[4.5498,8.6148],[4.5434,8.5916]]},"properties":{"c":"t","r":"A14"}},{"type":"Feature","geometry":{"type":"LineString","coordinates":[[4.5435,8.5916],[4.5439,8.5931]]},"properties":{"c":"t","r":"A14"}},{"type":"Feature","geometry":{"type":"LineString","coordinates":[[4.5439,8.5931],[4.5499,8.6148]]},"properties":{"c":"t","r":"A14"}},{"type":"Feature","geometry":{"type":"LineString","coordinates":[[4.5773,8.6461],[4.5566,8.628],[4.5498,8.6148]]},"properties":{"c":"m","r":"A14"}},{"type":"Feature","geometry":{"type":"LineString","coordinates":[[4.5786,8.6472],[4.5773,8.6461]]},"properties":{"c":"m","r":"A14"}},{"type":"Feature","geometry":{"type":"LineString","coordinates":[[4.582,8.6501],[4.5786,8.6472]]},"properties":{"c":"m","r":"A14"}},{"type":"Feature","geometry":{"type":"LineString","coordinates":[[4.5787,8.6471],[4.5821,8.65]]},"properties":{"c":"m","r":"A14"}},{"type":"Feature","geometry":{"type":"LineString","coordinates":[[4.5941,8.6668],[4.582,8.6501]]},"properties":{"c":"t","r":"A14"}},{"type":"Feature","geometry":{"type":"LineString","coordinates":[[4.5821,8.65],[4.5941,8.6668]]},"properties":{"c":"t","r":"A14"}},{"type":"Feature","geometry":{"type":"LineString","coordinates":[[3.4538,6.4375],[3.4494,6.4366]]},"properties":{"c":"t","r":""}},{"type":"Feature","geometry":{"type":"LineString","coordinates":[[3.4449,6.4353],[3.4492,6.4363]]},"properties":{"c":"t","r":""}},{"type":"Feature","geometry":{"type":"LineString","coordinates":[[3.4446,6.4354],[3.4426,6.4358]]},"properties":{"c":"t","r":""}},{"type":"Feature","geometry":{"type":"LineString","coordinates":[[6.6686,12.1882],[6.6686,12.1882]]},"properties":{"c":"t","r":"A126"}},{"type":"Feature","geometry":{"type":"LineString","coordinates":[[6.6686,12.188],[6.6713,12.1875]]},"properties":{"c":"t","r":"A126"}},{"type":"Feature","geometry":{"type":"LineString","coordinates":[[6.6712,12.1876],[6.6686,12.1881]]},"properties":{"c":"t","r":"A126"}},{"type":"Feature","geometry":{"type":"LineString","coordinates":[[7.1466,6.2561],[7.137,6.2486]]},"properties":{"c":"t","r":"A232-1"}},{"type":"Feature","geometry":{"type":"LineString","coordinates":[[7.1371,6.2485],[7.1467,6.2559]]},"properties":{"c":"t","r":"A232-1"}},{"type":"Feature","geometry":{"type":"LineString","coordinates":[[7.0828,6.2287],[7.1061,6.2301]]},"properties":{"c":"t","r":"A232-1"}},{"type":"Feature","geometry":{"type":"LineString","coordinates":[[7.1063,6.2304],[7.0828,6.2288]]},"properties":{"c":"t","r":"A232-1"}},{"type":"Feature","geometry":{"type":"LineString","coordinates":[[7.1061,6.2301],[7.1063,6.2304]]},"properties":{"c":"t","r":""}},{"type":"Feature","geometry":{"type":"LineString","coordinates":[[7.137,6.2486],[7.1371,6.2485]]},"properties":{"c":"t","r":""}},{"type":"Feature","geometry":{"type":"LineString","coordinates":[[3.469,6.4312],[3.4684,6.4311]]},"properties":{"c":"t","r":""}},{"type":"Feature","geometry":{"type":"LineString","coordinates":[[3.4684,6.4311],[3.4678,6.431]]},"properties":{"c":"t","r":""}},{"type":"Feature","geometry":{"type":"LineString","coordinates":[[3.4675,6.4307],[3.468,6.4308]]},"properties":{"c":"t","r":""}},{"type":"Feature","geometry":{"type":"LineString","coordinates":[[3.468,6.4308],[3.4691,6.4309]]},"properties":{"c":"t","r":""}},{"type":"Feature","geometry":{"type":"LineString","coordinates":[[3.4545,6.4366],[3.4549,6.4361]]},"properties":{"c":"t","r":""}},{"type":"Feature","geometry":{"type":"LineString","coordinates":[[3.9515,6.5866],[3.9514,6.5865]]},"properties":{"c":"t","r":""}},{"type":"Feature","geometry":{"type":"LineString","coordinates":[[7.5989,6.4671],[7.6002,6.4675]]},"properties":{"c":"t","r":""}},{"type":"Feature","geometry":{"type":"LineString","coordinates":[[7.6037,6.4687],[7.6062,6.4696]]},"properties":{"c":"t","r":""}},{"type":"Feature","geometry":{"type":"LineString","coordinates":[[7.6014,6.468],[7.603,6.4685]]},"properties":{"c":"t","r":""}},{"type":"Feature","geometry":{"type":"LineString","coordinates":[[7.5979,6.4667],[7.5989,6.4671]]},"properties":{"c":"t","r":""}},{"type":"Feature","geometry":{"type":"LineString","coordinates":[[7.6002,6.4675],[7.6014,6.468]]},"properties":{"c":"t","r":""}},{"type":"Feature","geometry":{"type":"LineString","coordinates":[[7.603,6.4685],[7.6037,6.4687]]},"properties":{"c":"t","r":""}},{"type":"Feature","geometry":{"type":"LineString","coordinates":[[7.6029,6.4686],[7.6001,6.4677]]},"properties":{"c":"t","r":"A343"}},{"type":"Feature","geometry":{"type":"LineString","coordinates":[[7.6062,6.4696],[7.6032,6.4687]]},"properties":{"c":"t","r":""}},{"type":"Feature","geometry":{"type":"LineString","coordinates":[[7.6032,6.4687],[7.6029,6.4686]]},"properties":{"c":"t","r":""}},{"type":"Feature","geometry":{"type":"LineString","coordinates":[[7.6001,6.4677],[7.5869,6.4634]]},"properties":{"c":"t","r":"A343"}},{"type":"Feature","geometry":{"type":"LineString","coordinates":[[4.6008,8.5279],[4.5879,8.5116]]},"properties":{"c":"t","r":"A1"}},{"type":"Feature","geometry":{"type":"LineString","coordinates":[[4.6014,8.5282],[4.6008,8.5279]]},"properties":{"c":"t","r":"A1"}},{"type":"Feature","geometry":{"type":"LineString","coordinates":[[4.6088,8.5329],[4.6014,8.5282]]},"properties":{"c":"t","r":"A1"}},{"type":"Feature","geometry":{"type":"LineString","coordinates":[[3.3614,6.4392],[3.3618,6.439]]},"properties":{"c":"m","r":"F265"}},{"type":"Feature","geometry":{"type":"LineString","coordinates":[[7.5869,6.4634],[7.596,6.4663]]},"properties":{"c":"t","r":"A343"}},{"type":"Feature","geometry":{"type":"LineString","coordinates":[[7.596,6.4663],[7.5979,6.4667]]},"properties":{"c":"t","r":"A343"}},{"type":"Feature","geometry":{"type":"LineString","coordinates":[[3.3211,6.571],[3.3211,6.5689]]},"properties":{"c":"m","r":"F269"}},{"type":"Feature","geometry":{"type":"LineString","coordinates":[[3.3214,6.5689],[3.3214,6.5711]]},"properties":{"c":"m","r":"F269"}},{"type":"Feature","geometry":{"type":"LineString","coordinates":[[7.5253,6.4063],[7.526,6.4076]]},"properties":{"c":"t","r":"A3-1"}},{"type":"Feature","geometry":{"type":"LineString","coordinates":[[7.5247,6.4054],[7.5253,6.4063]]},"properties":{"c":"t","r":"A3-1"}},{"type":"Feature","geometry":{"type":"LineString","coordinates":[[7.5259,6.4078],[7.5251,6.4064]]},"properties":{"c":"t","r":"A3-1"}},{"type":"Feature","geometry":{"type":"LineString","coordinates":[[7.5251,6.4064],[7.5246,6.4055]]},"properties":{"c":"t","r":"A3-1"}},{"type":"Feature","geometry":{"type":"LineString","coordinates":[[3.3749,6.5824],[3.3748,6.5822]]},"properties":{"c":"m","r":"A1"}},{"type":"Feature","geometry":{"type":"LineString","coordinates":[[4.2356,8.1344],[4.2376,8.1361]]},"properties":{"c":"t","r":"A1"}},{"type":"Feature","geometry":{"type":"LineString","coordinates":[[4.2323,8.127],[4.2356,8.1344]]},"properties":{"c":"t","r":"A1"}},{"type":"Feature","geometry":{"type":"LineString","coordinates":[[7.8937,5.0226],[7.894,5.0228]]},"properties":{"c":"t","r":""}},{"type":"Feature","geometry":{"type":"LineString","coordinates":[[7.8937,5.0227],[7.8859,5.0195]]},"properties":{"c":"t","r":""}},{"type":"Feature","geometry":{"type":"LineString","coordinates":[[7.8859,5.0194],[7.8938,5.0225]]},"properties":{"c":"t","r":""}},{"type":"Feature","geometry":{"type":"LineString","coordinates":[[6.7267,7.7928],[6.7259,7.793]]},"properties":{"c":"t","r":"A233"}},{"type":"Feature","geometry":{"type":"LineString","coordinates":[[6.7259,7.793],[6.7267,7.7928]]},"properties":{"c":"t","r":"A233"}},{"type":"Feature","geometry":{"type":"LineString","coordinates":[[7.5071,6.3907],[7.5167,6.3953],[7.5247,6.4054]]},"properties":{"c":"t","r":"A3-1"}},{"type":"Feature","geometry":{"type":"LineString","coordinates":[[7.5067,6.3907],[7.4992,6.3855]]},"properties":{"c":"t","r":"A3-1"}},{"type":"Feature","geometry":{"type":"LineString","coordinates":[[7.4939,6.3668],[7.4775,6.316]]},"properties":{"c":"t","r":"A3-1"}},{"type":"Feature","geometry":{"type":"LineString","coordinates":[[7.4778,6.3158],[7.4942,6.3668]]},"properties":{"c":"t","r":"A3-1"}},{"type":"Feature","geometry":{"type":"LineString","coordinates":[[7.4943,6.3672],[7.4963,6.3755]]},"properties":{"c":"t","r":"A3-1"}},{"type":"Feature","geometry":{"type":"LineString","coordinates":[[7.4991,6.3853],[7.4962,6.3767]]},"properties":{"c":"t","r":"A3-1"}},{"type":"Feature","geometry":{"type":"LineString","coordinates":[[7.4992,6.3855],[7.4991,6.3853]]},"properties":{"c":"t","r":"A3-1"}},{"type":"Feature","geometry":{"type":"LineString","coordinates":[[7.4994,6.3855],[7.5071,6.3907]]},"properties":{"c":"t","r":"A3-1"}},{"type":"Feature","geometry":{"type":"LineString","coordinates":[[7.4992,6.3853],[7.4994,6.3855]]},"properties":{"c":"t","r":"A3-1"}},{"type":"Feature","geometry":{"type":"LineString","coordinates":[[4.06,7.3474],[4.0607,7.348]]},"properties":{"c":"t","r":""}},{"type":"Feature","geometry":{"type":"LineString","coordinates":[[4.0607,7.348],[4.0662,7.3539],[4.0674,7.3642]]},"properties":{"c":"t","r":""}},{"type":"Feature","geometry":{"type":"LineString","coordinates":[[4.0605,7.3482],[4.0598,7.3475]]},"properties":{"c":"t","r":""}},{"type":"Feature","geometry":{"type":"LineString","coordinates":[[4.0671,7.3638],[4.066,7.3539],[4.0605,7.3482]]},"properties":{"c":"t","r":""}},{"type":"Feature","geometry":{"type":"LineString","coordinates":[[7.4336,6.4656],[7.4424,6.4748],[7.4553,6.4692]]},"properties":{"c":"t","r":"A343"}},{"type":"Feature","geometry":{"type":"LineString","coordinates":[[7.4334,6.4653],[7.4336,6.4656]]},"properties":{"c":"t","r":"A343"}},{"type":"Feature","geometry":{"type":"LineString","coordinates":[[7.4555,6.4693],[7.4425,6.475],[7.4335,6.4657]]},"properties":{"c":"t","r":"A343"}},{"type":"Feature","geometry":{"type":"LineString","coordinates":[[7.4335,6.4657],[7.4333,6.4655]]},"properties":{"c":"t","r":"A343"}},{"type":"Feature","geometry":{"type":"LineString","coordinates":[[7.894,5.0228],[7.8937,5.0226]]},"properties":{"c":"t","r":""}},{"type":"Feature","geometry":{"type":"LineString","coordinates":[[3.5005,6.4256],[3.5227,6.4277]]},"properties":{"c":"t","r":""}},{"type":"Feature","geometry":{"type":"LineString","coordinates":[[3.5226,6.4278],[3.5028,6.4261]]},"properties":{"c":"t","r":""}},{"type":"Feature","geometry":{"type":"LineString","coordinates":[[8.1172,6.3068],[8.1211,6.3071]]},"properties":{"c":"t","r":"A343"}},{"type":"Feature","geometry":{"type":"LineString","coordinates":[[8.1211,6.3073],[8.1171,6.3069]]},"properties":{"c":"t","r":"A343"}},{"type":"Feature","geometry":{"type":"LineString","coordinates":[[8.1225,6.3074],[8.1211,6.3073]]},"properties":{"c":"t","r":"A343"}},{"type":"Feature","geometry":{"type":"LineString","coordinates":[[8.1211,6.3071],[8.1225,6.3073]]},"properties":{"c":"t","r":"A343"}},{"type":"Feature","geometry":{"type":"LineString","coordinates":[[8.8199,11.8108],[8.8197,11.8121]]},"properties":{"c":"t","r":"A237"}},{"type":"Feature","geometry":{"type":"LineString","coordinates":[[8.8138,11.8139],[8.8141,11.8138]]},"properties":{"c":"t","r":"A237"}},{"type":"Feature","geometry":{"type":"LineString","coordinates":[[3.4274,6.4227],[3.4275,6.4226]]},"properties":{"c":"t","r":""}},{"type":"Feature","geometry":{"type":"LineString","coordinates":[[8.8141,11.8138],[8.8179,11.8128]]},"properties":{"c":"t","r":"A237"}},{"type":"Feature","geometry":{"type":"LineString","coordinates":[[4.5397,7.7951],[4.5427,7.796]]},"properties":{"c":"t","r":""}},{"type":"Feature","geometry":{"type":"LineString","coordinates":[[4.5427,7.7961],[4.5396,7.7952]]},"properties":{"c":"t","r":""}},{"type":"Feature","geometry":{"type":"LineString","coordinates":[[4.5427,7.7961],[4.5413,7.7958]]},"properties":{"c":"t","r":""}},{"type":"Feature","geometry":{"type":"LineString","coordinates":[[4.5414,7.7955],[4.5427,7.796]]},"properties":{"c":"t","r":""}},{"type":"Feature","geometry":{"type":"LineString","coordinates":[[4.5397,7.7951],[4.541,7.7954]]},"properties":{"c":"t","r":""}},{"type":"Feature","geometry":{"type":"LineString","coordinates":[[4.541,7.7956],[4.5396,7.7952]]},"properties":{"c":"t","r":""}},{"type":"Feature","geometry":{"type":"LineString","coordinates":[[3.5888,6.4318],[3.5603,6.425],[3.5268,6.4281]]},"properties":{"c":"t","r":""}},{"type":"Feature","geometry":{"type":"LineString","coordinates":[[3.5269,6.4279],[3.5612,6.4248],[3.5888,6.4314]]},"properties":{"c":"t","r":""}},{"type":"Feature","geometry":{"type":"LineString","coordinates":[[3.5268,6.4281],[3.5251,6.428]]},"properties":{"c":"t","r":""}},{"type":"Feature","geometry":{"type":"LineString","coordinates":[[3.5251,6.4278],[3.5269,6.4279]]},"properties":{"c":"t","r":""}},{"type":"Feature","geometry":{"type":"LineString","coordinates":[[3.5227,6.4277],[3.5242,6.4278]]},"properties":{"c":"t","r":""}},{"type":"Feature","geometry":{"type":"LineString","coordinates":[[3.5242,6.4279],[3.5226,6.4278]]},"properties":{"c":"t","r":""}},{"type":"Feature","geometry":{"type":"LineString","coordinates":[[3.5251,6.428],[3.5242,6.4279]]},"properties":{"c":"t","r":""}},{"type":"Feature","geometry":{"type":"LineString","coordinates":[[3.5242,6.4278],[3.5251,6.4278]]},"properties":{"c":"t","r":""}},{"type":"Feature","geometry":{"type":"LineString","coordinates":[[3.8318,6.4434],[3.8519,6.4425]]},"properties":{"c":"t","r":""}},{"type":"Feature","geometry":{"type":"LineString","coordinates":[[3.5926,6.4327],[3.5888,6.4318]]},"properties":{"c":"t","r":""}},{"type":"Feature","geometry":{"type":"LineString","coordinates":[[3.5888,6.4314],[3.5927,6.4325]]},"properties":{"c":"t","r":""}},{"type":"Feature","geometry":{"type":"LineString","coordinates":[[8.0501,7.184],[8.0491,7.1834]]},"properties":{"c":"t","r":"A3"}},{"type":"Feature","geometry":{"type":"LineString","coordinates":[[8.0829,7.205],[8.0501,7.184]]},"properties":{"c":"t","r":"A3"}},{"type":"Feature","geometry":{"type":"LineString","coordinates":[[3.5854,6.4698],[3.5856,6.4698]]},"properties":{"c":"t","r":""}},{"type":"Feature","geometry":{"type":"LineString","coordinates":[[3.4483,6.4363],[3.4483,6.4361]]},"properties":{"c":"t","r":""}},{"type":"Feature","geometry":{"type":"LineString","coordinates":[[8.0626,8.8485],[8.0247,8.8516],[8.0019,8.843]]},"properties":{"c":"t","r":"A234"}},{"type":"Feature","geometry":{"type":"LineString","coordinates":[[8.0019,8.843],[7.9763,8.8383]]},"properties":{"c":"t","r":"A234"}},{"type":"Feature","geometry":{"type":"LineString","coordinates":[[7.9763,8.8383],[7.9758,8.8385]]},"properties":{"c":"t","r":"A234"}},{"type":"Feature","geometry":{"type":"LineString","coordinates":[[7.9758,8.8385],[7.966,8.8401]]},"properties":{"c":"t","r":"A234"}},{"type":"Feature","geometry":{"type":"LineString","coordinates":[[8.002,8.8428],[8.0212,8.8511],[8.0626,8.8484]]},"properties":{"c":"t","r":"A234"}},{"type":"Feature","geometry":{"type":"LineString","coordinates":[[3.4889,6.4254],[3.5005,6.4256]]},"properties":{"c":"t","r":""}},{"type":"Feature","geometry":{"type":"LineString","coordinates":[[3.5028,6.4261],[3.4889,6.4256]]},"properties":{"c":"t","r":""}},{"type":"Feature","geometry":{"type":"LineString","coordinates":[[3.4275,6.4226],[3.4889,6.4254]]},"properties":{"c":"t","r":"F263"}},{"type":"Feature","geometry":{"type":"LineString","coordinates":[[3.4889,6.4256],[3.4275,6.4226]]},"properties":{"c":"t","r":"F263"}},{"type":"Feature","geometry":{"type":"LineString","coordinates":[[6.7499,6.1366],[6.7492,6.1314],[6.7425,6.1255]]},"properties":{"c":"t","r":""}},{"type":"Feature","geometry":{"type":"LineString","coordinates":[[4.0683,7.3682],[4.069,7.3675]]},"properties":{"c":"t","r":""}},{"type":"Feature","geometry":{"type":"LineString","coordinates":[[4.068,7.3683],[4.0678,7.3673]]},"properties":{"c":"t","r":""}},{"type":"Feature","geometry":{"type":"LineString","coordinates":[[4.0671,7.3683],[4.068,7.3683]]},"properties":{"c":"t","r":""}},{"type":"Feature","geometry":{"type":"LineString","coordinates":[[6.2557,6.7993],[6.2568,6.8036]]},"properties":{"c":"t","r":"A2"}},{"type":"Feature","geometry":{"type":"LineString","coordinates":[[7.6242,11.1725],[7.6086,11.1753],[7.5985,11.1821]]},"properties":{"c":"t","r":"A126"}},{"type":"Feature","geometry":{"type":"LineString","coordinates":[[7.5985,11.1821],[7.5738,11.1963]]},"properties":{"c":"t","r":"A126"}},{"type":"Feature","geometry":{"type":"LineString","coordinates":[[7.6468,11.1607],[7.6242,11.1725]]},"properties":{"c":"t","r":"A126"}},{"type":"Feature","geometry":{"type":"LineString","coordinates":[[4.597,8.4278],[4.5942,8.4343]]},"properties":{"c":"t","r":"A123"}},{"type":"Feature","geometry":{"type":"LineString","coordinates":[[4.6124,8.4155],[4.597,8.4278]]},"properties":{"c":"t","r":"A123"}},{"type":"Feature","geometry":{"type":"LineString","coordinates":[[3.3747,6.5819],[3.3748,6.5821]]},"properties":{"c":"m","r":"A1"}},{"type":"Feature","geometry":{"type":"LineString","coordinates":[[6.7425,6.1255],[6.74,6.1265]]},"properties":{"c":"t","r":""}},{"type":"Feature","geometry":{"type":"LineString","coordinates":[[6.7399,6.1264],[6.7429,6.125]]},"properties":{"c":"t","r":""}},{"type":"Feature","geometry":{"type":"LineString","coordinates":[[6.7481,6.1449],[6.7492,6.1394]]},"properties":{"c":"t","r":"A232"}},{"type":"Feature","geometry":{"type":"LineString","coordinates":[[6.75,6.1366],[6.7502,6.1372]]},"properties":{"c":"t","r":""}},{"type":"Feature","geometry":{"type":"LineString","coordinates":[[6.7497,6.1373],[6.7499,6.1366]]},"properties":{"c":"t","r":""}},{"type":"Feature","geometry":{"type":"LineString","coordinates":[[3.5851,6.4698],[3.5852,6.4698]]},"properties":{"c":"t","r":""}},{"type":"Feature","geometry":{"type":"LineString","coordinates":[[3.5852,6.4698],[3.5854,6.4698]]},"properties":{"c":"t","r":""}},{"type":"Feature","geometry":{"type":"LineString","coordinates":[[3.5851,6.47],[3.5851,6.47]]},"properties":{"c":"t","r":""}},{"type":"Feature","geometry":{"type":"LineString","coordinates":[[3.5853,6.47],[3.5851,6.47]]},"properties":{"c":"t","r":""}},{"type":"Feature","geometry":{"type":"LineString","coordinates":[[3.5927,6.4325],[3.5999,6.4319]]},"properties":{"c":"t","r":""}},{"type":"Feature","geometry":{"type":"LineString","coordinates":[[3.5999,6.4321],[3.5926,6.4327]]},"properties":{"c":"t","r":""}},{"type":"Feature","geometry":{"type":"LineString","coordinates":[[4.7526,7.5919],[4.7617,7.5954],[4.788,7.617],[4.8212,7.6191]]},"properties":{"c":"t","r":"A122"}},{"type":"Feature","geometry":{"type":"LineString","coordinates":[[5.6628,6.3493],[5.6585,6.3503]]},"properties":{"c":"t","r":"A2"}},{"type":"Feature","geometry":{"type":"LineString","coordinates":[[5.6584,6.3502],[5.6627,6.3492]]},"properties":{"c":"t","r":"A2"}},{"type":"Feature","geometry":{"type":"LineString","coordinates":[[5.6642,6.349],[5.6628,6.3493]]},"properties":{"c":"t","r":"A2"}},{"type":"Feature","geometry":{"type":"LineString","coordinates":[[5.6627,6.3492],[5.6642,6.3489]]},"properties":{"c":"t","r":"A2"}},{"type":"Feature","geometry":{"type":"LineString","coordinates":[[5.6585,6.3503],[5.6566,6.3499]]},"properties":{"c":"t","r":"A2"}},{"type":"Feature","geometry":{"type":"LineString","coordinates":[[5.6566,6.3498],[5.6584,6.3502]]},"properties":{"c":"t","r":"A2"}},{"type":"Feature","geometry":{"type":"LineString","coordinates":[[7.5883,12.9959],[7.597,12.9947]]},"properties":{"c":"t","r":"A9"}},{"type":"Feature","geometry":{"type":"LineString","coordinates":[[7.597,12.9948],[7.5883,12.996]]},"properties":{"c":"t","r":"A9"}},{"type":"Feature","geometry":{"type":"LineString","coordinates":[[7.5319,9.0499],[7.5309,9.0505]]},"properties":{"c":"t","r":""}},{"type":"Feature","geometry":{"type":"LineString","coordinates":[[7.1018,4.8657],[7.1235,4.8782]]},"properties":{"c":"t","r":"A3"}},{"type":"Feature","geometry":{"type":"LineString","coordinates":[[7.1013,4.8654],[7.1018,4.8657]]},"properties":{"c":"t","r":"A3"}},{"type":"Feature","geometry":{"type":"LineString","coordinates":[[7.1017,4.8658],[7.1012,4.8656]]},"properties":{"c":"t","r":"A3"}},{"type":"Feature","geometry":{"type":"LineString","coordinates":[[7.1235,4.8783],[7.1017,4.8658]]},"properties":{"c":"t","r":"A3"}},{"type":"Feature","geometry":{"type":"LineString","coordinates":[[9.8593,10.349],[9.8561,10.3491]]},"properties":{"c":"t","r":"A3"}},{"type":"Feature","geometry":{"type":"LineString","coordinates":[[9.8561,10.3491],[9.8593,10.349]]},"properties":{"c":"t","r":"A3"}},{"type":"Feature","geometry":{"type":"LineString","coordinates":[[9.8486,10.348],[9.8561,10.3491]]},"properties":{"c":"t","r":"A3"}},{"type":"Feature","geometry":{"type":"LineString","coordinates":[[8.4522,8.8397],[8.4565,8.8306],[8.4709,8.8305],[8.4759,8.8378],[8.4811,8.8396],[8.492,8.83]]},"properties":{"c":"t","r":"A3"}},{"type":"Feature","geometry":{"type":"LineString","coordinates":[[8.492,8.83],[8.4958,8.8255],[8.5187,8.8165],[8.5193,8.7961]]},"properties":{"c":"t","r":"A3"}},{"type":"Feature","geometry":{"type":"LineString","coordinates":[[8.4314,8.8714],[8.4387,8.8683],[8.4449,8.8607],[8.4522,8.8397]]},"properties":{"c":"t","r":"A3"}},{"type":"Feature","geometry":{"type":"LineString","coordinates":[[4.4902,8.5353],[4.4983,8.5428]]},"properties":{"c":"t","r":"A14"}},{"type":"Feature","geometry":{"type":"LineString","coordinates":[[4.4869,8.5322],[4.4902,8.5353]]},"properties":{"c":"t","r":"A14"}},{"type":"Feature","geometry":{"type":"LineString","coordinates":[[4.4838,8.5294],[4.4869,8.5322]]},"properties":{"c":"t","r":"A14"}},{"type":"Feature","geometry":{"type":"LineString","coordinates":[[3.9993,7.307],[3.9746,7.2961]]},"properties":{"c":"t","r":""}},{"type":"Feature","geometry":{"type":"LineString","coordinates":[[7.3326,5.8321],[7.3367,5.8207]]},"properties":{"c":"t","r":"A3-1"}},{"type":"Feature","geometry":{"type":"LineString","coordinates":[[7.3371,5.8208],[7.3329,5.8321]]},"properties":{"c":"t","r":"A3-1"}},{"type":"Feature","geometry":{"type":"LineString","coordinates":[[7.3382,5.8165],[7.3372,5.8206]]},"properties":{"c":"t","r":"A3-1"}},{"type":"Feature","geometry":{"type":"LineString","coordinates":[[7.3367,5.8204],[7.3379,5.8165]]},"properties":{"c":"t","r":"A3-1"}},{"type":"Feature","geometry":{"type":"LineString","coordinates":[[7.3276,5.0698],[7.3198,5.0378]]},"properties":{"c":"t","r":"A3-1"}},{"type":"Feature","geometry":{"type":"LineString","coordinates":[[7.3201,5.0377],[7.3279,5.07]]},"properties":{"c":"t","r":"A3-1"}},{"type":"Feature","geometry":{"type":"LineString","coordinates":[[7.3279,5.0707],[7.3313,5.1352],[7.3256,5.2047],[7.3273,5.2161]]},"properties":{"c":"t","r":"A3-1"}},{"type":"Feature","geometry":{"type":"LineString","coordinates":[[7.3271,5.2162],[7.3253,5.2047],[7.331,5.1361],[7.3276,5.0703]]},"properties":{"c":"t","r":"A3-1"}},{"type":"Feature","geometry":{"type":"LineString","coordinates":[[7.4314,5.4729],[7.4466,5.4952],[7.4458,5.5089],[7.4586,5.5216],[7.4606,5.5367]]},"properties":{"c":"t","r":"A3-1"}},{"type":"Feature","geometry":{"type":"LineString","coordinates":[[7.4603,5.5367],[7.4589,5.5228],[7.446,5.5102],[7.4467,5.4962],[7.4312,5.4731]]},"properties":{"c":"t","r":"A3-1"}},{"type":"Feature","geometry":{"type":"LineString","coordinates":[[7.4606,5.537],[7.4606,5.5373]]},"properties":{"c":"t","r":"A3-1"}},{"type":"Feature","geometry":{"type":"LineString","coordinates":[[7.4604,5.5373],[7.4604,5.537]]},"properties":{"c":"t","r":""}},{"type":"Feature","geometry":{"type":"LineString","coordinates":[[8.8907,9.899],[8.8918,9.9017]]},"properties":{"c":"t","r":"A3"}},{"type":"Feature","geometry":{"type":"LineString","coordinates":[[8.8806,9.8911],[8.8888,9.8944],[8.8907,9.899]]},"properties":{"c":"t","r":"A3"}},{"type":"Feature","geometry":{"type":"LineString","coordinates":[[8.8906,9.8991],[8.8886,9.8944],[8.8806,9.8912]]},"properties":{"c":"t","r":"A3"}},{"type":"Feature","geometry":{"type":"LineString","coordinates":[[8.8917,9.9018],[8.8906,9.8991]]},"properties":{"c":"t","r":"A3"}},{"type":"Feature","geometry":{"type":"LineString","coordinates":[[4.6332,8.7471],[4.6306,8.7418]]},"properties":{"c":"t","r":"A14"}},{"type":"Feature","geometry":{"type":"LineString","coordinates":[[4.6306,8.7418],[4.6305,8.7416]]},"properties":{"c":"t","r":"A14"}},{"type":"Feature","geometry":{"type":"LineString","coordinates":[[4.6478,8.7759],[4.6332,8.7471]]},"properties":{"c":"t","r":"A14"}},{"type":"Feature","geometry":{"type":"LineString","coordinates":[[4.6305,8.7416],[4.6172,8.7108]]},"properties":{"c":"t","r":"A14"}},{"type":"Feature","geometry":{"type":"LineString","coordinates":[[4.6172,8.7108],[4.6307,8.7416]]},"properties":{"c":"t","r":"A14"}},{"type":"Feature","geometry":{"type":"LineString","coordinates":[[4.6308,8.7417],[4.6478,8.7759]]},"properties":{"c":"t","r":"A14"}},{"type":"Feature","geometry":{"type":"LineString","coordinates":[[8.5194,8.7961],[8.5188,8.8167],[8.4964,8.8254],[8.4921,8.83]]},"properties":{"c":"t","r":"A3"}},{"type":"Feature","geometry":{"type":"LineString","coordinates":[[8.5193,8.7958],[8.526,8.7742],[8.5396,8.7703],[8.5372,8.7532],[8.541,8.7445],[8.5417,8.7165]]},"properties":{"c":"t","r":"A3"}},{"type":"Feature","geometry":{"type":"LineString","coordinates":[[8.5195,8.7959],[8.5194,8.7961]]},"properties":{"c":"t","r":"A3"}},{"type":"Feature","geometry":{"type":"LineString","coordinates":[[8.5418,8.7165],[8.5412,8.7451],[8.5374,8.7528],[8.5399,8.7699],[8.5259,8.7746],[8.5195,8.7959]]},"properties":{"c":"t","r":"A3"}},{"type":"Feature","geometry":{"type":"LineString","coordinates":[[9.6084,7.2284],[9.4482,7.1748],[9.4143,7.1651],[9.3978,7.1663]]},"properties":{"c":"t","r":"A12"}},{"type":"Feature","geometry":{"type":"LineString","coordinates":[[9.6085,7.2284],[9.6084,7.2284]]},"properties":{"c":"t","r":"A12"}},{"type":"Feature","geometry":{"type":"LineString","coordinates":[[3.5107,6.4371],[3.5108,6.4371]]},"properties":{"c":"t","r":""}},{"type":"Feature","geometry":{"type":"LineString","coordinates":[[3.5093,6.4369],[3.5096,6.4369]]},"properties":{"c":"t","r":""}},{"type":"Feature","geometry":{"type":"LineString","coordinates":[[3.8774,7.3886],[3.8774,7.3886]]},"properties":{"c":"t","r":"A5"}},{"type":"Feature","geometry":{"type":"LineString","coordinates":[[3.8774,7.3886],[3.8775,7.3887]]},"properties":{"c":"t","r":"A5"}},{"type":"Feature","geometry":{"type":"LineString","coordinates":[[7.584,6.4625],[7.5853,6.4628]]},"properties":{"c":"t","r":"A343"}},{"type":"Feature","geometry":{"type":"LineString","coordinates":[[13.2612,11.8719],[13.1768,11.8496]]},"properties":{"c":"t","r":"A3"}},{"type":"Feature","geometry":{"type":"LineString","coordinates":[[13.1742,11.8484],[13.2612,11.8719]]},"properties":{"c":"t","r":"A3"}},{"type":"Feature","geometry":{"type":"LineString","coordinates":[[13.1768,11.8496],[13.1756,11.849]]},"properties":{"c":"t","r":"A3"}},{"type":"Feature","geometry":{"type":"LineString","coordinates":[[8.4063,8.9109],[8.392,8.9108]]},"properties":{"c":"t","r":"A234"}},{"type":"Feature","geometry":{"type":"LineString","coordinates":[[8.392,8.9108],[8.4063,8.9108]]},"properties":{"c":"t","r":"A234"}},{"type":"Feature","geometry":{"type":"LineString","coordinates":[[8.4067,8.9111],[8.4066,8.9113]]},"properties":{"c":"t","r":"A3"}},{"type":"Feature","geometry":{"type":"LineString","coordinates":[[8.4066,8.911],[8.4067,8.9106]]},"properties":{"c":"t","r":"A3"}},{"type":"Feature","geometry":{"type":"LineString","coordinates":[[8.4065,8.9149],[8.4066,8.9113]]},"properties":{"c":"t","r":"A3"}},{"type":"Feature","geometry":{"type":"LineString","coordinates":[[8.4066,8.9113],[8.4065,8.9149]]},"properties":{"c":"t","r":"A3"}},{"type":"Feature","geometry":{"type":"LineString","coordinates":[[8.2622,8.888],[8.2657,8.8791]]},"properties":{"c":"t","r":"A234"}},{"type":"Feature","geometry":{"type":"LineString","coordinates":[[8.2861,8.9137],[8.2793,8.9145],[8.2645,8.9052],[8.2622,8.888]]},"properties":{"c":"t","r":"A234"}},{"type":"Feature","geometry":{"type":"LineString","coordinates":[[8.2872,8.9132],[8.2861,8.9137]]},"properties":{"c":"t","r":"A234"}},{"type":"Feature","geometry":{"type":"LineString","coordinates":[[8.392,8.9108],[8.3782,8.9199],[8.3501,8.9216],[8.3205,8.9124],[8.2872,8.9132]]},"properties":{"c":"t","r":"A234"}},{"type":"Feature","geometry":{"type":"LineString","coordinates":[[8.2655,8.8764],[8.2622,8.8722],[8.2301,8.8612],[8.2201,8.8615],[8.2089,8.8679],[8.1846,8.8618],[8.1434,8.8599],[8.1261,8.8443],[8.0626,8.8485]]},"properties":{"c":"t","r":"A234"}},{"type":"Feature","geometry":{"type":"LineString","coordinates":[[8.411,8.902],[8.4074,8.9088]]},"properties":{"c":"t","r":"A3"}},{"type":"Feature","geometry":{"type":"LineString","coordinates":[[8.4073,8.9087],[8.4109,8.902]]},"properties":{"c":"t","r":"A3"}},{"type":"Feature","geometry":{"type":"LineString","coordinates":[[8.4523,8.8397],[8.4446,8.8616],[8.4315,8.8716]]},"properties":{"c":"t","r":"A3"}},{"type":"Feature","geometry":{"type":"LineString","coordinates":[[8.4315,8.8716],[8.4313,8.8717]]},"properties":{"c":"t","r":"A3"}},{"type":"Feature","geometry":{"type":"LineString","coordinates":[[8.4313,8.8717],[8.4201,8.8792],[8.411,8.902]]},"properties":{"c":"t","r":"A3"}},{"type":"Feature","geometry":{"type":"LineString","coordinates":[[8.5395,8.7005],[8.5489,8.6952],[8.5566,8.6751],[8.5567,8.608],[8.5591,8.5978]]},"properties":{"c":"t","r":"A3"}},{"type":"Feature","geometry":{"type":"LineString","coordinates":[[8.5417,8.7165],[8.5395,8.7005]]},"properties":{"c":"t","r":"A3"}},{"type":"Feature","geometry":{"type":"LineString","coordinates":[[4.7436,10.8484],[4.7436,10.8484]]},"properties":{"c":"t","r":""}},{"type":"Feature","geometry":{"type":"LineString","coordinates":[[4.7436,10.8484],[4.7462,10.8416]]},"properties":{"c":"t","r":"A1"}},{"type":"Feature","geometry":{"type":"LineString","coordinates":[[5.6597,6.35],[5.6597,6.35]]},"properties":{"c":"t","r":""}},{"type":"Feature","geometry":{"type":"LineString","coordinates":[[5.662,6.3496],[5.662,6.3496]]},"properties":{"c":"t","r":""}},{"type":"Feature","geometry":{"type":"LineString","coordinates":[[5.6598,6.3504],[5.6622,6.3498]]},"properties":{"c":"t","r":""}},{"type":"Feature","geometry":{"type":"LineString","coordinates":[[5.6621,6.3498],[5.6599,6.3503]]},"properties":{"c":"t","r":""}},{"type":"Feature","geometry":{"type":"LineString","coordinates":[[5.6615,6.3516],[5.6617,6.3513]]},"properties":{"c":"t","r":""}},{"type":"Feature","geometry":{"type":"LineString","coordinates":[[5.6618,6.3514],[5.6616,6.3517]]},"properties":{"c":"t","r":""}},{"type":"Feature","geometry":{"type":"LineString","coordinates":[[5.6601,6.3503],[5.66,6.3506]]},"properties":{"c":"t","r":""}},{"type":"Feature","geometry":{"type":"LineString","coordinates":[[5.6622,6.35],[5.6619,6.3498]]},"properties":{"c":"t","r":""}},{"type":"Feature","geometry":{"type":"LineString","coordinates":[[5.6627,6.3525],[5.6566,6.3499]]},"properties":{"c":"t","r":"A2"}},{"type":"Feature","geometry":{"type":"LineString","coordinates":[[5.6613,6.3496],[5.6642,6.3489]]},"properties":{"c":"t","r":"A232"}},{"type":"Feature","geometry":{"type":"LineString","coordinates":[[5.6642,6.349],[5.662,6.3519]]},"properties":{"c":"t","r":"A232"}},{"type":"Feature","geometry":{"type":"LineString","coordinates":[[5.6597,6.35],[5.6613,6.3496]]},"properties":{"c":"t","r":""}},{"type":"Feature","geometry":{"type":"LineString","coordinates":[[5.6613,6.3514],[5.662,6.3519]]},"properties":{"c":"t","r":""}},{"type":"Feature","geometry":{"type":"LineString","coordinates":[[7.4884,9.0025],[7.4883,9.0031]]},"properties":{"c":"m","r":""}},{"type":"Feature","geometry":{"type":"LineString","coordinates":[[7.4883,9.0031],[7.4887,9.0073]]},"properties":{"c":"m","r":""}},{"type":"Feature","geometry":{"type":"LineString","coordinates":[[7.4882,9.0031],[7.4882,9.0024]]},"properties":{"c":"m","r":""}},{"type":"Feature","geometry":{"type":"LineString","coordinates":[[7.4883,9.006],[7.4882,9.0031]]},"properties":{"c":"m","r":""}},{"type":"Feature","geometry":{"type":"LineString","coordinates":[[7.4958,8.9738],[7.4964,8.9734]]},"properties":{"c":"m","r":""}},{"type":"Feature","geometry":{"type":"LineString","coordinates":[[5.6566,6.3498],[5.6595,6.3501]]},"properties":{"c":"t","r":""}},{"type":"Feature","geometry":{"type":"LineString","coordinates":[[7.3329,5.0703],[7.3278,5.0654]]},"properties":{"c":"t","r":"A3"}},{"type":"Feature","geometry":{"type":"LineString","coordinates":[[7.3278,5.0653],[7.3329,5.0703]]},"properties":{"c":"t","r":"A3"}},{"type":"Feature","geometry":{"type":"LineString","coordinates":[[7.4963,8.9738],[7.4958,8.9738]]},"properties":{"c":"m","r":""}},{"type":"Feature","geometry":{"type":"LineString","coordinates":[[7.4964,8.9734],[7.4963,8.9738]]},"properties":{"c":"m","r":""}},{"type":"Feature","geometry":{"type":"LineString","coordinates":[[8.8923,9.9571],[8.8915,9.9472]]},"properties":{"c":"t","r":"A3"}},{"type":"Feature","geometry":{"type":"LineString","coordinates":[[8.8915,9.9472],[8.8915,9.9471]]},"properties":{"c":"t","r":"A3"}},{"type":"Feature","geometry":{"type":"LineString","coordinates":[[8.8916,9.9472],[8.8925,9.9573]]},"properties":{"c":"t","r":"A3"}},{"type":"Feature","geometry":{"type":"LineString","coordinates":[[8.8916,9.9471],[8.8916,9.9472]]},"properties":{"c":"t","r":"A3"}},{"type":"Feature","geometry":{"type":"LineString","coordinates":[[11.0269,10.2898],[11.1084,10.2914]]},"properties":{"c":"t","r":"A345"}},{"type":"Feature","geometry":{"type":"LineString","coordinates":[[11.108,10.2915],[11.0269,10.2898]]},"properties":{"c":"t","r":"A345"}},{"type":"Feature","geometry":{"type":"LineString","coordinates":[[8.5167,8.4964],[8.5169,8.4987]]},"properties":{"c":"t","r":"A3"}},{"type":"Feature","geometry":{"type":"LineString","coordinates":[[8.5166,8.4965],[8.5167,8.4943]]},"properties":{"c":"t","r":"A3"}},{"type":"Feature","geometry":{"type":"LineString","coordinates":[[8.5167,8.4943],[8.5184,8.4929]]},"properties":{"c":"t","r":"A3"}},{"type":"Feature","geometry":{"type":"LineString","coordinates":[[8.5185,8.493],[8.5168,8.4943]]},"properties":{"c":"t","r":"A3"}},{"type":"Feature","geometry":{"type":"LineString","coordinates":[[8.5171,8.4993],[8.5169,8.4987]]},"properties":{"c":"t","r":"A3"}},{"type":"Feature","geometry":{"type":"LineString","coordinates":[[8.5169,8.4987],[8.5171,8.4993]]},"properties":{"c":"t","r":"A3"}},{"type":"Feature","geometry":{"type":"LineString","coordinates":[[8.5169,8.4987],[8.5166,8.4965]]},"properties":{"c":"t","r":"A3"}},{"type":"Feature","geometry":{"type":"LineString","coordinates":[[8.5168,8.4943],[8.5167,8.4964]]},"properties":{"c":"t","r":"A3"}}]}